Exp,Cocatalyst 1,Semiconductor 1,Semiconductor 2,Semiconductor 3,Semiconductor 1 %,Semiconductor 2 %,Co-Catalyst wt,Form,Structure,Light,Light Source,Power (W),Filter (nm),Photocatalyst load (g/L),Preparation of Semiconductor,Semiconductor Calcination Temp©,Semiconductor Calcination Time (h),Preparation of Photocatalyst,Photocatalyst Calcination Temp ©,Photocatalyst Calcination Time (h),Glycerol Concentration (v%),Solution Volume (ml),pH,Reaction Temp (C),Bandgap (eV),H2vproduction rate(micromol/g.h),Reference
1,Ag,TiO2,g-C3N4,,50,10,3,nanocomposite,anatase,Visible,Xe,35,,0.38,hydrothermal,,0,sol-gel,400,3,5,130,,25,,8598.80,"Seadira, T. W. P, S. J. Baloyi, C. M. Masuku and M. S. Scurrell, “Solar Photocatalytic Hydrogen Production from Glycerol Reforming Using Ternary Cu/THS/Graphene”, in Conference of the South African Advanced Materials Initiative, Vanderbijlpark, South Africa, 2020. "
2,Ag,TiO2,g-C3N4,,50,10,3,nanocomposite,anatase,Visible,Xe,35,,0.77,hydrothermal,,0,sol-gel,400,3,5,130,,25,,8886.20,"Seadira, T. W. P, S. J. Baloyi, C. M. Masuku and M. S. Scurrell, “Solar Photocatalytic Hydrogen Production from Glycerol Reforming Using Ternary Cu/THS/Graphene”, in Conference of the South African Advanced Materials Initiative, Vanderbijlpark, South Africa, 2020. "
3,Ag,TiO2,g-C3N4,,50,10,3,nanocomposite,anatase,Visible,Xe,35,,1.15,hydrothermal,,0,sol-gel,400,3,5,130,,25,,11647.00,"Seadira, T. W. P, S. J. Baloyi, C. M. Masuku and M. S. Scurrell, “Solar Photocatalytic Hydrogen Production from Glycerol Reforming Using Ternary Cu/THS/Graphene”, in Conference of the South African Advanced Materials Initiative, Vanderbijlpark, South Africa, 2020. "
4,Ag,TiO2,g-C3N4,,50,10,3,nanocomposite,anatase,Visible,Xe,35,,1.54,hydrothermal,,0,sol-gel,400,3,5,130,,25,,7856.30,"Seadira, T. W. P, S. J. Baloyi, C. M. Masuku and M. S. Scurrell, “Solar Photocatalytic Hydrogen Production from Glycerol Reforming Using Ternary Cu/THS/Graphene”, in Conference of the South African Advanced Materials Initiative, Vanderbijlpark, South Africa, 2020. "
5,Ag,TiO2,g-C3N4,,50,10,3,nanocomposite,anatase,Visible,Xe,35,,1.15,hydrothermal,,0,sol-gel,400,3,5,130,2,25,,115.00,"Seadira, T. W. P, S. J. Baloyi, C. M. Masuku and M. S. Scurrell, “Solar Photocatalytic Hydrogen Production from Glycerol Reforming Using Ternary Cu/THS/Graphene”, in Conference of the South African Advanced Materials Initiative, Vanderbijlpark, South Africa, 2020. "
6,Ag,TiO2,g-C3N4,,50,10,3,nanocomposite,anatase,Visible,Xe,35,,1.15,hydrothermal,,0,sol-gel,400,3,5,130,4,25,,3605.20,"Seadira, T. W. P, S. J. Baloyi, C. M. Masuku and M. S. Scurrell, “Solar Photocatalytic Hydrogen Production from Glycerol Reforming Using Ternary Cu/THS/Graphene”, in Conference of the South African Advanced Materials Initiative, Vanderbijlpark, South Africa, 2020. "
7,Ag,TiO2,g-C3N4,,50,10,3,nanocomposite,anatase,Visible,Xe,35,,1.15,hydrothermal,,0,sol-gel,400,3,5,130,7,25,,11647.00,"Seadira, T. W. P, S. J. Baloyi, C. M. Masuku and M. S. Scurrell, “Solar Photocatalytic Hydrogen Production from Glycerol Reforming Using Ternary Cu/THS/Graphene”, in Conference of the South African Advanced Materials Initiative, Vanderbijlpark, South Africa, 2020. "
8,Ag,TiO2,g-C3N4,,50,10,3,nanocomposite,anatase,Visible,Xe,35,,1.15,hydrothermal,,0,sol-gel,400,3,5,130,8,25,,659.20,"Seadira, T. W. P, S. J. Baloyi, C. M. Masuku and M. S. Scurrell, “Solar Photocatalytic Hydrogen Production from Glycerol Reforming Using Ternary Cu/THS/Graphene”, in Conference of the South African Advanced Materials Initiative, Vanderbijlpark, South Africa, 2020. "
9,Ag,TiO2,g-C3N4,,50,10,3,nanocomposite,anatase,Visible,Xe,35,,1.15,hydrothermal,,0,sol-gel,400,3,5,130,11,25,,1440.00,"Seadira, T. W. P, S. J. Baloyi, C. M. Masuku and M. S. Scurrell, “Solar Photocatalytic Hydrogen Production from Glycerol Reforming Using Ternary Cu/THS/Graphene”, in Conference of the South African Advanced Materials Initiative, Vanderbijlpark, South Africa, 2020. "
10,Ag,TiO2,,,100,,2,hollow sphere,anatase,Visible,,,,2,hydrothermal,,0,Impregnation,450,5,5,50,,25,2.4,6370.00,"Seadira, T. W. P., G. Sadanandam, T. Ntho, C. M. Masuku and M. S. Scurrell, “Preparation and Characterization of Metals Supported on Nanostructured TiO2 Hollow Spheres for Production of Hydrogen via Photocatalytic Reforming of Glycerol”, Applied Catalysis B: Environmental, Vol. 222, pp. 133-145, 2018."
11,Ag,TiO2,,,100,,0.5,nanotube,anatase-rutile,Visible,,300,,0.1,,,0,Impregnation,450,5,5,50,,25,2.31,17050.00,"Taylor, S., M. Mehta and A. Samokhvalov, “Production of Hydrogen by Glycerol Photoreforming Using Binary Nitrogen–Metal-Promoted N-M-TiO2 Photocatalysts”,  ChemPhysChem, Vol. 15, No. 5, pp. 942-949, 2014."
12,Ag,TiO2,,,100,,1,nanotube,anatase-rutile,Visible,,300,,0.1,,,0,Impregnation,450,5,5,50,,25,2.28,23068.00,"Taylor, S., M. Mehta and A. Samokhvalov, “Production of Hydrogen by Glycerol Photoreforming Using Binary Nitrogen–Metal-Promoted N-M-TiO2 Photocatalysts”,  ChemPhysChem, Vol. 15, No. 5, pp. 942-949, 2014."
13,Ag,TiO2,,,100,,2,nanotube,anatase-rutile,Visible,,300,,0.1,,,0,Impregnation,450,5,5,50,,25,2.26,20531.00,"Taylor, S., M. Mehta and A. Samokhvalov, “Production of Hydrogen by Glycerol Photoreforming Using Binary Nitrogen–Metal-Promoted N-M-TiO2 Photocatalysts”,  ChemPhysChem, Vol. 15, No. 5, pp. 942-949, 2014."
14,Ag,TiO2,,,100,,3,nanotube,anatase-rutile,Visible,,300,,0.1,,,0,Impregnation,450,5,5,50,,25,2.24,19233.00,"Taylor, S., M. Mehta and A. Samokhvalov, “Production of Hydrogen by Glycerol Photoreforming Using Binary Nitrogen–Metal-Promoted N-M-TiO2 Photocatalysts”,  ChemPhysChem, Vol. 15, No. 5, pp. 942-949, 2014."
15,Ag,TiO2,,,100,,4,nanotube,anatase-rutile,Visible,,300,,0.1,,,0,Impregnation,450,5,5,50,,25,2.21,17109.00,"Taylor, S., M. Mehta and A. Samokhvalov, “Production of Hydrogen by Glycerol Photoreforming Using Binary Nitrogen–Metal-Promoted N-M-TiO2 Photocatalysts”,  ChemPhysChem, Vol. 15, No. 5, pp. 942-949, 2014."
16,Ag,TiO2,,,100,,5,nanotube,anatase-rutile,Visible,,300,,0.1,,,0,Impregnation,450,5,5,50,,25,2.18,14749.00,"Taylor, S., M. Mehta and A. Samokhvalov, “Production of Hydrogen by Glycerol Photoreforming Using Binary Nitrogen–Metal-Promoted N-M-TiO2 Photocatalysts”,  ChemPhysChem, Vol. 15, No. 5, pp. 942-949, 2014."
17,Ag,TiO2,,,100,,6,nanotube,anatase-rutile,Visible,,300,,0.1,,,0,Impregnation,450,5,5,50,,25,2.14,10442.00,"Taylor, S., M. Mehta and A. Samokhvalov, “Production of Hydrogen by Glycerol Photoreforming Using Binary Nitrogen–Metal-Promoted N-M-TiO2 Photocatalysts”,  ChemPhysChem, Vol. 15, No. 5, pp. 942-949, 2014."
18,Ag,TiO2,,,100,,8,nanotube,anatase-rutile,Visible,,300,,0.1,,,0,Impregnation,450,5,5,50,,25,2.11,7610.60,"Taylor, S., M. Mehta and A. Samokhvalov, “Production of Hydrogen by Glycerol Photoreforming Using Binary Nitrogen–Metal-Promoted N-M-TiO2 Photocatalysts”,  ChemPhysChem, Vol. 15, No. 5, pp. 942-949, 2014."
19,Ag,TiO2,,,100,,10,nanotube,anatase-rutile,Visible,,300,,0.1,,,0,Impregnation,450,5,5,50,,25,2.08,2123.90,"Taylor, S., M. Mehta and A. Samokhvalov, “Production of Hydrogen by Glycerol Photoreforming Using Binary Nitrogen–Metal-Promoted N-M-TiO2 Photocatalysts”,  ChemPhysChem, Vol. 15, No. 5, pp. 942-949, 2014."
20,Ag,TiO2,,,100,,1,nanotube,anatase-rutile,Visible,,300,,0.05,,,0,Impregnation,450,5,5,50,,25,2.28,19127.00,"Taylor, S., M. Mehta and A. Samokhvalov, “Production of Hydrogen by Glycerol Photoreforming Using Binary Nitrogen–Metal-Promoted N-M-TiO2 Photocatalysts”,  ChemPhysChem, Vol. 15, No. 5, pp. 942-949, 2014."
21,Ag,TiO2,,,100,,1,nanotube,anatase-rutile,Visible,,300,,0.15,,,0,Impregnation,450,5,5,50,,25,2.28,17756.00,"Taylor, S., M. Mehta and A. Samokhvalov, “Production of Hydrogen by Glycerol Photoreforming Using Binary Nitrogen–Metal-Promoted N-M-TiO2 Photocatalysts”,  ChemPhysChem, Vol. 15, No. 5, pp. 942-949, 2014."
22,Ag,TiO2,,,100,,1,nanotube,anatase-rutile,Visible,,300,,0.2,,,0,Impregnation,450,5,5,50,,25,2.28,13614.00,"Taylor, S., M. Mehta and A. Samokhvalov, “Production of Hydrogen by Glycerol Photoreforming Using Binary Nitrogen–Metal-Promoted N-M-TiO2 Photocatalysts”,  ChemPhysChem, Vol. 15, No. 5, pp. 942-949, 2014."
23,Ag,TiO2,,,100,,1,nanotube,anatase-rutile,Visible,Artificial ,300,,0.05,,,0,Impregnation,450,5,5,50,,25,2.28,18426.00,"Taylor, S., M. Mehta and A. Samokhvalov, “Production of Hydrogen by Glycerol Photoreforming Using Binary Nitrogen–Metal-Promoted N-M-TiO2 Photocatalysts”,  ChemPhysChem, Vol. 15, No. 5, pp. 942-949, 2014."
24,Ag,TiO2,,,100,,1,nanotube,anatase-rutile,Visible,Artificial ,300,,0.15,,,0,Impregnation,450,5,5,50,,25,2.28,16508.00,"Taylor, S., M. Mehta and A. Samokhvalov, “Production of Hydrogen by Glycerol Photoreforming Using Binary Nitrogen–Metal-Promoted N-M-TiO2 Photocatalysts”,  ChemPhysChem, Vol. 15, No. 5, pp. 942-949, 2014."
25,Ag,TiO2,,,100,,1,nanotube,anatase-rutile,Visible,Artificial ,300,,0.2,,,0,Impregnation,450,5,5,50,,25,2.28,12457.00,"Taylor, S., M. Mehta and A. Samokhvalov, “Production of Hydrogen by Glycerol Photoreforming Using Binary Nitrogen–Metal-Promoted N-M-TiO2 Photocatalysts”,  ChemPhysChem, Vol. 15, No. 5, pp. 942-949, 2014."
26,Ag,TiO2,,,100,,1,nanotube,anatase-rutile,Visible,,300,,0.1,,,0,Impregnation,450,5,2.5,50,,25,2.28,11504.00,"Taylor, S., M. Mehta and A. Samokhvalov, “Production of Hydrogen by Glycerol Photoreforming Using Binary Nitrogen–Metal-Promoted N-M-TiO2 Photocatalysts”,  ChemPhysChem, Vol. 15, No. 5, pp. 942-949, 2014."
27,Ag,TiO2,,,100,,1,nanotube,anatase-rutile,Visible,,300,,0.1,,,0,Impregnation,450,5,7.5,50,,25,2.28,16659.00,"Taylor, S., M. Mehta and A. Samokhvalov, “Production of Hydrogen by Glycerol Photoreforming Using Binary Nitrogen–Metal-Promoted N-M-TiO2 Photocatalysts”,  ChemPhysChem, Vol. 15, No. 5, pp. 942-949, 2014."
28,Ag,TiO2,,,100,,1,nanotube,anatase-rutile,Visible,,300,,0.1,,,0,Impregnation,450,5,10,50,,25,2.28,10406.00,"Taylor, S., M. Mehta and A. Samokhvalov, “Production of Hydrogen by Glycerol Photoreforming Using Binary Nitrogen–Metal-Promoted N-M-TiO2 Photocatalysts”,  ChemPhysChem, Vol. 15, No. 5, pp. 942-949, 2014."
29,Ag,TiO2,,,100,,1,nanotube,anatase-rutile,Visible,Artificial ,300,,0.1,,,0,Impregnation,450,5,2.5,50,,25,2.28,11026.00,"Taylor, S., M. Mehta and A. Samokhvalov, “Production of Hydrogen by Glycerol Photoreforming Using Binary Nitrogen–Metal-Promoted N-M-TiO2 Photocatalysts”,  ChemPhysChem, Vol. 15, No. 5, pp. 942-949, 2014."
30,Ag,TiO2,,,100,,1,nanotube,anatase-rutile,Visible,Artificial ,300,,0.1,,,0,Impregnation,450,5,7.5,50,,25,2.28,16134.00,"Taylor, S., M. Mehta and A. Samokhvalov, “Production of Hydrogen by Glycerol Photoreforming Using Binary Nitrogen–Metal-Promoted N-M-TiO2 Photocatalysts”,  ChemPhysChem, Vol. 15, No. 5, pp. 942-949, 2014."
31,Ag,TiO2,,,100,,1,nanotube,anatase-rutile,Visible,Artificial ,300,,0.1,,,0,Impregnation,450,5,10,50,,25,2.28,9832.90,"Taylor, S., M. Mehta and A. Samokhvalov, “Production of Hydrogen by Glycerol Photoreforming Using Binary Nitrogen–Metal-Promoted N-M-TiO2 Photocatalysts”,  ChemPhysChem, Vol. 15, No. 5, pp. 942-949, 2014."
32,Ag,TiO2,,,100,,0.5,nanotube,anatase-rutile,Visible,Artificial ,300,,0.1,,,0,Impregnation,450,5,5,50,,25,2.31,16578.00,"Taylor, S., M. Mehta and A. Samokhvalov, “Production of Hydrogen by Glycerol Photoreforming Using Binary Nitrogen–Metal-Promoted N-M-TiO2 Photocatalysts”,  ChemPhysChem, Vol. 15, No. 5, pp. 942-949, 2014."
33,Ag,TiO2,,,100,,1,nanotube,anatase-rutile,Visible,Artificial ,300,,0.1,,,0,Impregnation,450,5,5,50,,25,2.28,22537.00,"Taylor, S., M. Mehta and A. Samokhvalov, “Production of Hydrogen by Glycerol Photoreforming Using Binary Nitrogen–Metal-Promoted N-M-TiO2 Photocatalysts”,  ChemPhysChem, Vol. 15, No. 5, pp. 942-949, 2014."
34,Ag,TiO2,,,100,,2,nanotube,anatase-rutile,Visible,Artificial ,300,,0.1,,,0,Impregnation,450,5,5,50,,25,2.26,20118.00,"Taylor, S., M. Mehta and A. Samokhvalov, “Production of Hydrogen by Glycerol Photoreforming Using Binary Nitrogen–Metal-Promoted N-M-TiO2 Photocatalysts”,  ChemPhysChem, Vol. 15, No. 5, pp. 942-949, 2014."
35,Ag,TiO2,,,100,,3,nanotube,anatase-rutile,Visible,Artificial ,300,,0.1,,,0,Impregnation,450,5,5,50,,25,2.24,18761.00,"Taylor, S., M. Mehta and A. Samokhvalov, “Production of Hydrogen by Glycerol Photoreforming Using Binary Nitrogen–Metal-Promoted N-M-TiO2 Photocatalysts”,  ChemPhysChem, Vol. 15, No. 5, pp. 942-949, 2014."
36,Ag,TiO2,,,100,,4,nanotube,anatase-rutile,Visible,Artificial ,300,,0.1,,,0,Impregnation,450,5,5,50,,25,2.21,16460.00,"Taylor, S., M. Mehta and A. Samokhvalov, “Production of Hydrogen by Glycerol Photoreforming Using Binary Nitrogen–Metal-Promoted N-M-TiO2 Photocatalysts”,  ChemPhysChem, Vol. 15, No. 5, pp. 942-949, 2014."
37,Ag,TiO2,,,100,,5,nanotube,anatase-rutile,Visible,Artificial ,300,,0.1,,,0,Impregnation,450,5,5,50,,25,2.18,14159.00,"Taylor, S., M. Mehta and A. Samokhvalov, “Production of Hydrogen by Glycerol Photoreforming Using Binary Nitrogen–Metal-Promoted N-M-TiO2 Photocatalysts”,  ChemPhysChem, Vol. 15, No. 5, pp. 942-949, 2014."
38,Ag,TiO2,,,100,,6,nanotube,anatase-rutile,Visible,Artificial ,300,,0.1,,,0,Impregnation,450,5,5,50,,25,2.14,9793.50,"Taylor, S., M. Mehta and A. Samokhvalov, “Production of Hydrogen by Glycerol Photoreforming Using Binary Nitrogen–Metal-Promoted N-M-TiO2 Photocatalysts”,  ChemPhysChem, Vol. 15, No. 5, pp. 942-949, 2014."
39,Ag,TiO2,,,100,,8,nanotube,anatase-rutile,Visible,Artificial ,300,,0.1,,,0,Impregnation,450,5,5,50,,25,2.11,7020.60,"Taylor, S., M. Mehta and A. Samokhvalov, “Production of Hydrogen by Glycerol Photoreforming Using Binary Nitrogen–Metal-Promoted N-M-TiO2 Photocatalysts”,  ChemPhysChem, Vol. 15, No. 5, pp. 942-949, 2014."
40,Ag,TiO2,,,100,,10,nanotube,anatase-rutile,Visible,Artificial ,300,,0.1,,,0,Impregnation,450,5,5,50,,25,2.08,1710.90,"Taylor, S., M. Mehta and A. Samokhvalov, “Production of Hydrogen by Glycerol Photoreforming Using Binary Nitrogen–Metal-Promoted N-M-TiO2 Photocatalysts”,  ChemPhysChem, Vol. 15, No. 5, pp. 942-949, 2014."
41,Ag,TiO2,,,100,,1,nanoparticle,anatase,Visible,,,,0.2,sol-gel,450,4,Impregnation,450,5,5,50,,25,2.72,132.40,"Ravi, P., V. N. Rao, M. V. Shankar and M. Sathish, “CuO@NiO Core-Shell Nanoparticles Decorated Anatase TiO2 Nanospheres for Enhanced Photocatalytic Hydrogen Production”, International Journal of Hydrogen Energy, Vol. 45, No. 3, pp. 7517-7529, 2020."
42,Ag,TiO2,g-C3N4,,50,,3,nanocomposite,anatase,Visible,Xe,35,,0.38,hydrothermal,,0,sol-gel,400,3,5,130,,25,,7760.50,"Seadira, T. W. P, S. J. Baloyi, C. M. Masuku and M. S. Scurrell, “Solar Photocatalytic Hydrogen Production from Glycerol Reforming Using Ternary Cu/THS/Graphene”, in Conference of the South African Advanced Materials Initiative, Vanderbijlpark, South Africa, 2020. "
43,Ag,TiO2,g-C3N4,,50,,3,nanocomposite,anatase,Visible,Xe,35,,0.77,hydrothermal,,0,sol-gel,400,3,5,130,,25,,8670.70,"Seadira, T. W. P, S. J. Baloyi, C. M. Masuku and M. S. Scurrell, “Solar Photocatalytic Hydrogen Production from Glycerol Reforming Using Ternary Cu/THS/Graphene”, in Conference of the South African Advanced Materials Initiative, Vanderbijlpark, South Africa, 2020. "
44,Ag,TiO2,g-C3N4,,50,,3,nanocomposite,anatase,Visible,Xe,35,,1.15,hydrothermal,,0,sol-gel,400,3,5,130,,25,,10092.00,"Seadira, T. W. P, S. J. Baloyi, C. M. Masuku and M. S. Scurrell, “Solar Photocatalytic Hydrogen Production from Glycerol Reforming Using Ternary Cu/THS/Graphene”, in Conference of the South African Advanced Materials Initiative, Vanderbijlpark, South Africa, 2020. "
45,Ag,TiO2,g-C3N4,,50,,3,nanocomposite,anatase,Visible,Xe,35,,1.54,hydrothermal,,0,sol-gel,400,3,5,130,,25,,5628.70,"Seadira, T. W. P, S. J. Baloyi, C. M. Masuku and M. S. Scurrell, “Solar Photocatalytic Hydrogen Production from Glycerol Reforming Using Ternary Cu/THS/Graphene”, in Conference of the South African Advanced Materials Initiative, Vanderbijlpark, South Africa, 2020. "
46,Ag,TiO2,g-C3N4,,50,,3,nanocomposite,anatase,Visible,Xe,35,,1.15,hydrothermal,,0,sol-gel,400,3,5,130,2,25,,367.00,"Seadira, T. W. P, S. J. Baloyi, C. M. Masuku and M. S. Scurrell, “Solar Photocatalytic Hydrogen Production from Glycerol Reforming Using Ternary Cu/THS/Graphene”, in Conference of the South African Advanced Materials Initiative, Vanderbijlpark, South Africa, 2020. "
47,Ag,TiO2,g-C3N4,,50,,3,nanocomposite,anatase,Visible,Xe,35,,1.15,hydrothermal,,0,sol-gel,400,3,5,130,4,25,,1108.30,"Seadira, T. W. P, S. J. Baloyi, C. M. Masuku and M. S. Scurrell, “Solar Photocatalytic Hydrogen Production from Glycerol Reforming Using Ternary Cu/THS/Graphene”, in Conference of the South African Advanced Materials Initiative, Vanderbijlpark, South Africa, 2020. "
48,Ag,TiO2,g-C3N4,,50,,3,nanocomposite,anatase,Visible,Xe,35,,1.15,hydrothermal,,0,sol-gel,400,3,5,130,7,25,,10052.60,"Seadira, T. W. P, S. J. Baloyi, C. M. Masuku and M. S. Scurrell, “Solar Photocatalytic Hydrogen Production from Glycerol Reforming Using Ternary Cu/THS/Graphene”, in Conference of the South African Advanced Materials Initiative, Vanderbijlpark, South Africa, 2020. "
49,Ag,TiO2,g-C3N4,,50,,3,nanocomposite,anatase,Visible,Xe,35,,1.15,hydrothermal,,0,sol-gel,400,3,5,130,8,25,,5026.30,"Seadira, T. W. P, S. J. Baloyi, C. M. Masuku and M. S. Scurrell, “Solar Photocatalytic Hydrogen Production from Glycerol Reforming Using Ternary Cu/THS/Graphene”, in Conference of the South African Advanced Materials Initiative, Vanderbijlpark, South Africa, 2020. "
50,Ag,TiO2,g-C3N4,,50,,3,nanocomposite,anatase,Visible,Xe,35,,1.15,hydrothermal,,0,sol-gel,400,3,5,130,11,25,,2513.10,"Seadira, T. W. P, S. J. Baloyi, C. M. Masuku and M. S. Scurrell, “Solar Photocatalytic Hydrogen Production from Glycerol Reforming Using Ternary Cu/THS/Graphene”, in Conference of the South African Advanced Materials Initiative, Vanderbijlpark, South Africa, 2020. "
51,Ag,La0.2Na0.98TaO3,,,100,,,nanoparticle,,UV,Xe,500,320,0.25,sol-gel,450,4,Photodeposition,,0,10,200,,,4.23,8.53,"Gullapelli, S. M. S. Scurrell and D. K. Valluri, “Photocatalytic H2 Production from Glycerol–Water Mixtures over Ni/γ-Al2O3 and TiO2 Composite Systems”, International Journal of Hydrogen Energy, Vol. 42, No. 22, pp. 15031-15043, 2017."
52,Ag,La0.2Na0.98TaO3,,,100,,0.5,nanoparticle,,UV,Xe,500,320,0.25,sol-gel,450,4,Photodeposition,,0,10,200,,,3.78,38.67,"Gullapelli, S. M. S. Scurrell and D. K. Valluri, “Photocatalytic H2 Production from Glycerol–Water Mixtures over Ni/γ-Al2O3 and TiO2 Composite Systems”, International Journal of Hydrogen Energy, Vol. 42, No. 22, pp. 15031-15043, 2017."
53,Ag,La0.2Na0.98TaO3,,,100,,1,nanoparticle,,UV,Xe,500,320,0.25,sol-gel,450,4,Photodeposition,,0,10,200,,,3.57,189.27,"Gullapelli, S. M. S. Scurrell and D. K. Valluri, “Photocatalytic H2 Production from Glycerol–Water Mixtures over Ni/γ-Al2O3 and TiO2 Composite Systems”, International Journal of Hydrogen Energy, Vol. 42, No. 22, pp. 15031-15043, 2017."
54,Ag,La0.2Na0.98TaO3,,,100,,1.5,nanoparticle,,UV,Xe,500,320,0.25,sol-gel,450,4,Photodeposition,,0,10,200,,,3.54,329.53,"Gullapelli, S. M. S. Scurrell and D. K. Valluri, “Photocatalytic H2 Production from Glycerol–Water Mixtures over Ni/γ-Al2O3 and TiO2 Composite Systems”, International Journal of Hydrogen Energy, Vol. 42, No. 22, pp. 15031-15043, 2017."
55,Ag,La0.2Na0.98TaO3,,,100,,2,nanoparticle,,UV,Xe,500,320,0.25,sol-gel,450,4,Photodeposition,,0,10,200,,,3.54,332.43,"Gullapelli, S. M. S. Scurrell and D. K. Valluri, “Photocatalytic H2 Production from Glycerol–Water Mixtures over Ni/γ-Al2O3 and TiO2 Composite Systems”, International Journal of Hydrogen Energy, Vol. 42, No. 22, pp. 15031-15043, 2017."
56,Ag,TiO2,,,100,,1,nanoflake,anatase,Visible,Xe,300,,1,Hydrothermal,,0,Impregnation,500,0.5,10,50,,,3.06,910.00,"Zhong W, Wang C, Peng S, Shu R, Tian Z, Du Y, et al. Investigation on the effect of temperature on photothermal glycerol reforming hydrogen production over Ag/TiO2 nanoflake catalyst. International Journal of Hydrogen Energy 2022;47. https://doi.org/10.1016/j.ijhydene.2022.03.122"
57,Ag,TiO2,,,100,,3,nanoflake,anatase,Visible,Xe,300,,1,Hydrothermal,,0,Impregnation,500,0.5,10,50,,,3.03,400.00,"Zhong W, Wang C, Peng S, Shu R, Tian Z, Du Y, et al. Investigation on the effect of temperature on photothermal glycerol reforming hydrogen production over Ag/TiO2 nanoflake catalyst. International Journal of Hydrogen Energy 2022;47. https://doi.org/10.1016/j.ijhydene.2022.03.122"
58,Ag,TiO2,,,100,,5,nanoflake,anatase,Visible,Xe,300,,1,Hydrothermal,,0,Impregnation,500,0.5,10,50,,,3.02,375.00,"Zhong W, Wang C, Peng S, Shu R, Tian Z, Du Y, et al. Investigation on the effect of temperature on photothermal glycerol reforming hydrogen production over Ag/TiO2 nanoflake catalyst. International Journal of Hydrogen Energy 2022;47. https://doi.org/10.1016/j.ijhydene.2022.03.122"
59,Ag,TiO2,,,100,,7,nanoflake,anatase,Visible,Xe,300,,1,Hydrothermal,,0,Impregnation,500,0.5,10,50,,,2.97,200.00,"Zhong W, Wang C, Peng S, Shu R, Tian Z, Du Y, et al. Investigation on the effect of temperature on photothermal glycerol reforming hydrogen production over Ag/TiO2 nanoflake catalyst. International Journal of Hydrogen Energy 2022;47. https://doi.org/10.1016/j.ijhydene.2022.03.122"
60,Ag,TiO2,,,100,,9,nanoflake,anatase,Visible,Xe,300,,1,Hydrothermal,,0,Impregnation,500,0.5,10,50,,,2.93,350.00,"Zhong W, Wang C, Peng S, Shu R, Tian Z, Du Y, et al. Investigation on the effect of temperature on photothermal glycerol reforming hydrogen production over Ag/TiO2 nanoflake catalyst. International Journal of Hydrogen Energy 2022;47. https://doi.org/10.1016/j.ijhydene.2022.03.122"
61,Ag,TiO2,,,100,,,nanoflake,anatase,Visible,Xe,300,,1,Hydrothermal,,0,Impregnation,500,0.5,10,50,,,3.08,70.00,"Zhong W, Wang C, Peng S, Shu R, Tian Z, Du Y, et al. Investigation on the effect of temperature on photothermal glycerol reforming hydrogen production over Ag/TiO2 nanoflake catalyst. International Journal of Hydrogen Energy 2022;47. https://doi.org/10.1016/j.ijhydene.2022.03.122"
62,Au,TiO2,,,100,,1.5,nanoparticle,anatase-rutile,UV,,100,365,6.5,,300,2,Precipitation,300,2,24.4,25,9.5,,3.21,27900.00,"Chen, W. T., A. Chan, Z. H. N. Al-Azri, A. G. Dosado, M. A. Nadeem, D. Sun-Waterhouse, H. Idriss and G. I. N. Waterhouse, “Effect of TiO2 Polymorph and Alcohol Sacrificial Agent on the Activity of Au/TiO2 Photocatalysts for H2 Production in Alcohol–Water Mixtures”, Journal of Catalysis, Vol. 329, pp. 419-513, 2015."
63,Au,TiO2,,,100,,1.5,nanoparticle,anatase ,UV,,100,365,6.5,Hydrolysis,300,2,Precipitation,300,2,24.4,25,9.5,,3.24,15500.00,"Chen, W. T., A. Chan, Z. H. N. Al-Azri, A. G. Dosado, M. A. Nadeem, D. Sun-Waterhouse, H. Idriss and G. I. N. Waterhouse, “Effect of TiO2 Polymorph and Alcohol Sacrificial Agent on the Activity of Au/TiO2 Photocatalysts for H2 Production in Alcohol–Water Mixtures”, Journal of Catalysis, Vol. 329, pp. 419-513, 2015."
64,Au,TiO2,,,100,,1.5,nanoparticle,anatase,UV,,100,365,6.5,Hydrothermal,300,2,Precipitation,300,2,24.4,25,9.5,,3.27,15000.00,"Chen, W. T., A. Chan, Z. H. N. Al-Azri, A. G. Dosado, M. A. Nadeem, D. Sun-Waterhouse, H. Idriss and G. I. N. Waterhouse, “Effect of TiO2 Polymorph and Alcohol Sacrificial Agent on the Activity of Au/TiO2 Photocatalysts for H2 Production in Alcohol–Water Mixtures”, Journal of Catalysis, Vol. 329, pp. 419-513, 2015."
65,Au,TiO2,,,100,,1.5,nanoparticle,brookite,UV,,100,365,6.5,,300,2,Precipitation,300,2,24.4,25,9.5,,3.33,13800.00,"Chen, W. T., A. Chan, Z. H. N. Al-Azri, A. G. Dosado, M. A. Nadeem, D. Sun-Waterhouse, H. Idriss and G. I. N. Waterhouse, “Effect of TiO2 Polymorph and Alcohol Sacrificial Agent on the Activity of Au/TiO2 Photocatalysts for H2 Production in Alcohol–Water Mixtures”, Journal of Catalysis, Vol. 329, pp. 419-513, 2015."
66,Au,TiO2,,,100,,1.5,nanoparticle,rutile,UV,,100,365,6.5,Hydrothermal,300,2,Precipitation,300,2,24.4,25,9.5,,3.03,3200.00,"Chen, W. T., A. Chan, Z. H. N. Al-Azri, A. G. Dosado, M. A. Nadeem, D. Sun-Waterhouse, H. Idriss and G. I. N. Waterhouse, “Effect of TiO2 Polymorph and Alcohol Sacrificial Agent on the Activity of Au/TiO2 Photocatalysts for H2 Production in Alcohol–Water Mixtures”, Journal of Catalysis, Vol. 329, pp. 419-513, 2015."
67,Au,TiO2,,,100,,0.5,nanotube,anatase,UV,,100,365,0.3,,,0,Hydrothermal,600,2,10,20,,,3.19,29200.00,"Dosado, A. G., W. T. Chen, A. Chan, D. Sun-Waterhouse and G. I. N. Waterhouse, “Novel Au/ TiO2 Photocatalysts for Hydrogen Production in Alcohol–Water Mixtures based on Hydrogen Titanate Nanotube Precursors”, Journal of Catalysis, Vol. 330, pp. 238-254, 2015."
68,Au,TiO2,,,100,,0.5,nanoparticle,anatase,UV,Hg,125,,1,,,0,Precipitation,400,2,10,85,6.8,25,3.02,16170.00,"López-Tenllado, F. J., J. Hidalgo-Carrillo, V. Montes, A. Marinas, F. J. Urbano, J. M. Marinas, L. Ilieva, T. Tabakova and F. Reid, “A Comparative Study of Hydrogen Photocatalytic Production from Glycerol and Propan-2-Ol on M/TiO2 Systems (M=Au, Pt, Pd)”, Catalysis Today, Vol. 280, pp. 58-64, 2017."
69,Au,TiO2,,,100,,1.5,nanoparticle,anatase,UV,Hg,125,,1,,,0,Precipitation,400,2,10,85,6.8,25,3.05,19381.00,"López-Tenllado, F. J., J. Hidalgo-Carrillo, V. Montes, A. Marinas, F. J. Urbano, J. M. Marinas, L. Ilieva, T. Tabakova and F. Reid, “A Comparative Study of Hydrogen Photocatalytic Production from Glycerol and Propan-2-Ol on M/TiO2 Systems (M=Au, Pt, Pd)”, Catalysis Today, Vol. 280, pp. 58-64, 2017."
70,Au,TiO2,,,100,,3,nanoparticle,anatase,UV,Hg,125,,1,,,0,Precipitation,400,2,10,85,6.8,25,3.05,23280.00,"López-Tenllado, F. J., J. Hidalgo-Carrillo, V. Montes, A. Marinas, F. J. Urbano, J. M. Marinas, L. Ilieva, T. Tabakova and F. Reid, “A Comparative Study of Hydrogen Photocatalytic Production from Glycerol and Propan-2-Ol on M/TiO2 Systems (M=Au, Pt, Pd)”, Catalysis Today, Vol. 280, pp. 58-64, 2017."
71,Au,TiO2,,,100,,1,nanoparticle,anatase-rutile,UV,,200,365,0.3,,,0,Precipitation,500,2,10,20,,25,3.18,29800.00,"Al-Azri, Z. H. N., W. T. Chen, A. Chan, V. Jovic, T. Ina, H. Idriss and G. I. N. Waterhouse, “The Roles of Metal Co-Catalysts and Reaction Media in Photocatalytic Hydrogen Production: Performance Evaluation of M/TiO2 Photocatalysts (M = Pd, Pt, Au) in Different Alcohol–Water Mixtures”, Journal of Catalysis, Vol. 329, pp. 355-367, 2015."
72,Au,TiO2,,,100,,0.1,nanoparticle,anatase-rutile,Visible,Xe,75,,4.38,,,0,sol-gel,400,2,3.7,16,,25,,12635.00,"Bednarczyk, K., M. Stelmachowski and M. Gmurek, “The Influence of Process Parameters on Photocatalytic Hydrogen Production”, Environmental Progress & Sustainable Energy, Vol. 38, No. 2, pp. 680-687, 2018."
73,Au,TiO2,,,100,,0.5,nanoparticle,anatase-rutile,Visible,Xe,75,,4.38,,,0,sol-gel,400,2,3.7,16,,25,,11081.00,"Bednarczyk, K., M. Stelmachowski and M. Gmurek, “The Influence of Process Parameters on Photocatalytic Hydrogen Production”, Environmental Progress & Sustainable Energy, Vol. 38, No. 2, pp. 680-687, 2018."
74,Au,TiO2,,,100,,0.5,nanorod,anatase,UV,,100,365,0.33,Hydrothermal,500,2,Precipitation,,0,10,20,6,,,26300.00,"Chen, W. T., A. G. Dosado, A. Chan, D. S. Waterhouse and G. I. N. Waterhouse, “Highly Reactive Anatase Nanorod Photocatalysts Synthesized by Calcination of Hydrogen Titanate Nanotubes: Effect of Calcination Conditions on Photocatalytic Performance for Aqueous Dye Degradation and H2 Production in Alcohol-Water Mixtures”, Applied Catalysis A: General, Vol. 565, pp. 98-118, 2018."
75,Au,TiO2,,,100,,0.5,nanorod,anatase,UV,,100,365,0.33,Hydrothermal,600,0.33,Precipitation,,0,10,20,6,,,27700.00,"Chen, W. T., A. G. Dosado, A. Chan, D. S. Waterhouse and G. I. N. Waterhouse, “Highly Reactive Anatase Nanorod Photocatalysts Synthesized by Calcination of Hydrogen Titanate Nanotubes: Effect of Calcination Conditions on Photocatalytic Performance for Aqueous Dye Degradation and H2 Production in Alcohol-Water Mixtures”, Applied Catalysis A: General, Vol. 565, pp. 98-118, 2018."
76,Au,TiO2,,,100,,0.5,nanorod,anatase,UV,,100,365,0.33,Hydrothermal,600,2,Precipitation,,0,10,20,6,,,27200.00,"Chen, W. T., A. G. Dosado, A. Chan, D. S. Waterhouse and G. I. N. Waterhouse, “Highly Reactive Anatase Nanorod Photocatalysts Synthesized by Calcination of Hydrogen Titanate Nanotubes: Effect of Calcination Conditions on Photocatalytic Performance for Aqueous Dye Degradation and H2 Production in Alcohol-Water Mixtures”, Applied Catalysis A: General, Vol. 565, pp. 98-118, 2018."
77,Au,TiO2,,,100,,0.5,nanorod,anatase,UV,,100,365,0.33,Hydrothermal,700,0.17,Precipitation,,0,10,20,6,,,26200.00,"Chen, W. T., A. G. Dosado, A. Chan, D. S. Waterhouse and G. I. N. Waterhouse, “Highly Reactive Anatase Nanorod Photocatalysts Synthesized by Calcination of Hydrogen Titanate Nanotubes: Effect of Calcination Conditions on Photocatalytic Performance for Aqueous Dye Degradation and H2 Production in Alcohol-Water Mixtures”, Applied Catalysis A: General, Vol. 565, pp. 98-118, 2018."
78,Au,TiO2,,,100,,0.25,nanoparticle,anatase-rutile,UV,,100,365,0.33,,550,2,Precipitation,,0,10,20,,25,,13146.00,"Chen, W. T., A. G. Dosado, A. Chan, D. S. Waterhouse and G. I. N. Waterhouse, “Highly Reactive Anatase Nanorod Photocatalysts Synthesized by Calcination of Hydrogen Titanate Nanotubes: Effect of Calcination Conditions on Photocatalytic Performance for Aqueous Dye Degradation and H2 Production in Alcohol-Water Mixtures”, Applied Catalysis A: General, Vol. 565, pp. 98-118, 2018."
79,Au,TiO2,,,100,,0.5,nanoparticle,anatase-rutile,UV,,100,365,0.33,,550,2,Precipitation,,0,10,20,,25,,22366.00,"Chen, W. T., A. G. Dosado, A. Chan, D. S. Waterhouse and G. I. N. Waterhouse, “Highly Reactive Anatase Nanorod Photocatalysts Synthesized by Calcination of Hydrogen Titanate Nanotubes: Effect of Calcination Conditions on Photocatalytic Performance for Aqueous Dye Degradation and H2 Production in Alcohol-Water Mixtures”, Applied Catalysis A: General, Vol. 565, pp. 98-118, 2018."
80,Au,TiO2,,,100,,0.75,nanoparticle,anatase-rutile,UV,,100,365,0.33,,550,2,Precipitation,,0,10,20,,25,,27927.00,"Chen, W. T., A. G. Dosado, A. Chan, D. S. Waterhouse and G. I. N. Waterhouse, “Highly Reactive Anatase Nanorod Photocatalysts Synthesized by Calcination of Hydrogen Titanate Nanotubes: Effect of Calcination Conditions on Photocatalytic Performance for Aqueous Dye Degradation and H2 Production in Alcohol-Water Mixtures”, Applied Catalysis A: General, Vol. 565, pp. 98-118, 2018."
81,Au,TiO2,,,100,,1,nanoparticle,anatase-rutile,UV,,100,365,0.33,,550,2,Precipitation,,0,10,20,,25,,29902.00,"Chen, W. T., A. G. Dosado, A. Chan, D. S. Waterhouse and G. I. N. Waterhouse, “Highly Reactive Anatase Nanorod Photocatalysts Synthesized by Calcination of Hydrogen Titanate Nanotubes: Effect of Calcination Conditions on Photocatalytic Performance for Aqueous Dye Degradation and H2 Production in Alcohol-Water Mixtures”, Applied Catalysis A: General, Vol. 565, pp. 98-118, 2018."
82,Au,TiO2,,,100,,1.5,nanoparticle,anatase-rutile,UV,,100,365,0.33,,550,2,Precipitation,,0,10,20,,25,,30488.00,"Chen, W. T., A. G. Dosado, A. Chan, D. S. Waterhouse and G. I. N. Waterhouse, “Highly Reactive Anatase Nanorod Photocatalysts Synthesized by Calcination of Hydrogen Titanate Nanotubes: Effect of Calcination Conditions on Photocatalytic Performance for Aqueous Dye Degradation and H2 Production in Alcohol-Water Mixtures”, Applied Catalysis A: General, Vol. 565, pp. 98-118, 2018."
83,Au,TiO2,,,100,,2,nanoparticle,anatase-rutile,UV,,100,365,0.33,,550,2,Precipitation,,0,10,20,,25,3.15,31366.00,"Chen, W. T., A. G. Dosado, A. Chan, D. S. Waterhouse and G. I. N. Waterhouse, “Highly Reactive Anatase Nanorod Photocatalysts Synthesized by Calcination of Hydrogen Titanate Nanotubes: Effect of Calcination Conditions on Photocatalytic Performance for Aqueous Dye Degradation and H2 Production in Alcohol-Water Mixtures”, Applied Catalysis A: General, Vol. 565, pp. 98-118, 2018."
84,Au,TiO2,,,100,,3,nanoparticle,anatase-rutile,UV,,100,365,0.33,,550,2,Precipitation,,0,10,20,,25,,30561.00,"Chen, W. T., A. G. Dosado, A. Chan, D. S. Waterhouse and G. I. N. Waterhouse, “Highly Reactive Anatase Nanorod Photocatalysts Synthesized by Calcination of Hydrogen Titanate Nanotubes: Effect of Calcination Conditions on Photocatalytic Performance for Aqueous Dye Degradation and H2 Production in Alcohol-Water Mixtures”, Applied Catalysis A: General, Vol. 565, pp. 98-118, 2018."
85,Au,TiO2,,,100,,2,nanoparticle,anatase-rutile,UV,,100,365,0.33,,550,2,Precipitation,,0,80,20,,25,3.15,17300.00,"Chen, W. T., A. G. Dosado, A. Chan, D. S. Waterhouse and G. I. N. Waterhouse, “Highly Reactive Anatase Nanorod Photocatalysts Synthesized by Calcination of Hydrogen Titanate Nanotubes: Effect of Calcination Conditions on Photocatalytic Performance for Aqueous Dye Degradation and H2 Production in Alcohol-Water Mixtures”, Applied Catalysis A: General, Vol. 565, pp. 98-118, 2018."
86,Au,TiO2,,,100,,1,nanoparticle,anatase,Visible,,300,,1,,,0,Photodeposition,,0,0.1,50,,35,3.13,2.55,"Balsamo SA, Sciré S, Condorelli M, Fiorenza R. Photocatalytic H2 Production on Au/TiO2: Effect of Au Photodeposition on Different TiO2 Crystalline Phases. J 2022;5. https://doi.org/10.3390/j5010006."
87,Au,TiO2,,,100,,1,nanoparticle,brookite,Visible,,300,,1,,,0,Photodeposition,,0,0.1,50,,35,3.18,2.01,"Balsamo SA, Sciré S, Condorelli M, Fiorenza R. Photocatalytic H2 Production on Au/TiO2: Effect of Au Photodeposition on Different TiO2 Crystalline Phases. J 2022;5. https://doi.org/10.3390/j5010006."
88,Au,TiO2,,,100,,1,nanoparticle,rutile,Visible,,300,,1,,,0,Photodeposition,,0,0.1,50,,35,3.15,0.38,"Balsamo SA, Sciré S, Condorelli M, Fiorenza R. Photocatalytic H2 Production on Au/TiO2: Effect of Au Photodeposition on Different TiO2 Crystalline Phases. J 2022;5. https://doi.org/10.3390/j5010006."
89,Au,TiO2,,,100,,1,nanoflower,anatase-rutile,Visible,Xe,300,,,Hydrothermal,,0,Photodeposition,,0,10,50,,,2.85,144.80,"Zhao H, Wang C, Zhong W, Peng S, Shu R, Tian Z, et al. Insights into morphology-dependent Au/TiO2catalyst in glycerol aqueous solutions towards photothermal reforming hydrogen production. International Journal of Hydrogen Energy 2023;48. https://doi.org/10.1016/j.ijhydene.2022.12.213."
90,Au,TiO2,,,100,,1,nanobelt,,Visible,Xe,300,,,Hydrothermal,500,3,Photodeposition,,0,10,50,,,3.3,22.70,"Zhao H, Wang C, Zhong W, Peng S, Shu R, Tian Z, et al. Insights into morphology-dependent Au/TiO2catalyst in glycerol aqueous solutions towards photothermal reforming hydrogen production. International Journal of Hydrogen Energy 2023;48. https://doi.org/10.1016/j.ijhydene.2022.12.213."
91,Au,TiO2,,,100,,1,nanosheets,,Visible,Xe,300,,,Hydrothermal,,0,Photodeposition,,0,10,50,,,3.31,8.20,"Zhao H, Wang C, Zhong W, Peng S, Shu R, Tian Z, et al. Insights into morphology-dependent Au/TiO2catalyst in glycerol aqueous solutions towards photothermal reforming hydrogen production. International Journal of Hydrogen Energy 2023;48. https://doi.org/10.1016/j.ijhydene.2022.12.213."
92,Au,TiO2,,,100,,1,nanotube,,Visible,Xe,300,,,Hydrothermal,300,3,Photodeposition,,0,10,50,,,3.41,17.20,"Zhao H, Wang C, Zhong W, Peng S, Shu R, Tian Z, et al. Insights into morphology-dependent Au/TiO2catalyst in glycerol aqueous solutions towards photothermal reforming hydrogen production. International Journal of Hydrogen Energy 2023;48. https://doi.org/10.1016/j.ijhydene.2022.12.213."
93,Au,CeO2,rGO,,,0.5,1,nanocomposite,,Visible,Xe,150,,1,,,0,Photodeposition,,0,10,5,,,,225.00,"Balsamo SA, La Greca E, Calà Pizzapilo M, Sciré S, Fiorenza R. CeO2-rGO Composites for Photocatalytic H2 Evolution by Glycerol Photoreforming. Materials 2023;16. https://doi.org/10.3390/ma16020747"
94,Au,CeO2,rGO,,,1,1,nanocomposite,,Visible,Xe,150,,1,,,0,Photodeposition,,0,10,5,,,,210.00,"Balsamo SA, La Greca E, Calà Pizzapilo M, Sciré S, Fiorenza R. CeO2-rGO Composites for Photocatalytic H2 Evolution by Glycerol Photoreforming. Materials 2023;16. https://doi.org/10.3390/ma16020747"
95,Au,CeO2,rGO,,,2,1,nanocomposite,,Visible,Xe,150,,1,,,0,Photodeposition,,0,10,5,,,,190.00,"Balsamo SA, La Greca E, Calà Pizzapilo M, Sciré S, Fiorenza R. CeO2-rGO Composites for Photocatalytic H2 Evolution by Glycerol Photoreforming. Materials 2023;16. https://doi.org/10.3390/ma16020747"
96,Au,CeO2,GO,,,1,1,nanocomposite,,Visible,Xe,150,,1,,,0,Photodeposition,,0,10,5,,,,210.00,"Balsamo SA, La Greca E, Calà Pizzapilo M, Sciré S, Fiorenza R. CeO2-rGO Composites for Photocatalytic H2 Evolution by Glycerol Photoreforming. Materials 2023;16. https://doi.org/10.3390/ma16020747"
97,Au,CeO2,,,100,1,1,nanocomposite,,Visible,Xe,150,,1,,,0,Photodeposition,,0,10,5,,,,90.00,"Balsamo SA, La Greca E, Calà Pizzapilo M, Sciré S, Fiorenza R. CeO2-rGO Composites for Photocatalytic H2 Evolution by Glycerol Photoreforming. Materials 2023;16. https://doi.org/10.3390/ma16020747"
98,Au,TiO2,rGO,,,1,1,nanocomposite,anatase-rutile,Visible,Xe,150,,1,,,0,Photodeposition,,0,10,5,,,2.9,1600.00,"Balsamo SA, Fiorenza R, Iapichino MTA, Lopez-Tenllado FJ, Urbano FJ, Sciré S. H2 production through glycerol photoreforming using one-pot prepared TiO2-rGO-Au photocatalysts. Molecular Catalysis 2023;547. https://doi.org/10.1016/j.mcat.2023.113346."
99,Au,TiO2,GO,,,1,1,nanocomposite,,Visible,Xe,150,,1,,,0,Photodeposition,,0,10,5,,,,1100.00,"Balsamo SA, Fiorenza R, Iapichino MTA, Lopez-Tenllado FJ, Urbano FJ, Sciré S. H2 production through glycerol photoreforming using one-pot prepared TiO2-rGO-Au photocatalysts. Molecular Catalysis 2023;547. https://doi.org/10.1016/j.mcat.2023.113346."
100,Au,TiO2,,,100,,1,nanocomposite,,Visible,Xe,150,,1,,,0,Photodeposition,,0,10,5,,,3,1000.00,"Balsamo SA, Fiorenza R, Iapichino MTA, Lopez-Tenllado FJ, Urbano FJ, Sciré S. H2 production through glycerol photoreforming using one-pot prepared TiO2-rGO-Au photocatalysts. Molecular Catalysis 2023;547. https://doi.org/10.1016/j.mcat.2023.113346."
101,Au,TiO2,rGO,,,1,1,nanocomposite,anatase-rutile,UV,Hg,150,365,0.5,,,0,Photodeposition,,0,10,10,,,2.9,64000.00,"Balsamo SA, Fiorenza R, Iapichino MTA, Lopez-Tenllado FJ, Urbano FJ, Sciré S. H2 production through glycerol photoreforming using one-pot prepared TiO2-rGO-Au photocatalysts. Molecular Catalysis 2023;547. https://doi.org/10.1016/j.mcat.2023.113346."
102,Au,TiO2,,,100,,2,nanoparticle,anatase-rutile,Visible,Xe,300,,0.5,,,0,Precipitation,400,4,10,2,,41,,19353.00,"Zhang J, Wang D, Chen R, Zhu X, Ye D, Yang Y, et al. Insight into synergistic enhancement of photothermal catalytic hydrogen production by plasmonic Au-NP/TiO2 in the presence of glycerol. Energy Conversion and Management 2023;277. https://doi.org/10.1016/j.enconman.2022.116626"
103,Au,TiO2,,,100,,2,nanoparticle,anatase-rutile,Visible,Xe,300,,0.5,,,0,Precipitation,400,4,10,2,,25,,14965.00,"Zhang J, Wang D, Chen R, Zhu X, Ye D, Yang Y, et al. Insight into synergistic enhancement of photothermal catalytic hydrogen production by plasmonic Au-NP/TiO2 in the presence of glycerol. Energy Conversion and Management 2023;277. https://doi.org/10.1016/j.enconman.2022.116626"
104,Au,TiO2,,,100,,2,nanoparticle,anatase-rutile,UV,,,,0.5,,,0,Precipitation,400,4,10,2,,25,,13926.00,"Zhang J, Wang D, Chen R, Zhu X, Ye D, Yang Y, et al. Insight into synergistic enhancement of photothermal catalytic hydrogen production by plasmonic Au-NP/TiO2 in the presence of glycerol. Energy Conversion and Management 2023;277. https://doi.org/10.1016/j.enconman.2022.116626"
105,Au,ZnO,CuO,,45,45,10,nanocomposite,,Visible,Xe,300,,0.67,,,0,sol-gel,600,3,10,75,,25,3.02,4655.00,"Ahmad I, Shukrullah S, Naz MY, Bhatti HN, Khalid NR, Ullah S. Rational design of ZnO–CuO–Au S-scheme heterojunctions for photocatalytic hydrogen production under visible light. International Journal of Hydrogen Energy 2023;48. https://doi.org/10.1016/j.ijhydene.2022.11.293"
106,Au,ZnO,,,100,,,nanocomposite,,Visible,Xe,300,,0.67,,,0,,,0,10,75,,25,3.07,1455.00,"Ahmad I, Shukrullah S, Naz MY, Bhatti HN, Khalid NR, Ullah S. Rational design of ZnO–CuO–Au S-scheme heterojunctions for photocatalytic hydrogen production under visible light. International Journal of Hydrogen Energy 2023;48. https://doi.org/10.1016/j.ijhydene.2022.11.293"
107,Au,ZnO,CuO,,45,45,10,nanocomposite,,Visible,Xe,300,,0.67,,,0,sol-gel,600,3,5,75,,25,3.02,4130.00,"Ahmad I, Shukrullah S, Naz MY, Bhatti HN, Khalid NR, Ullah S. Rational design of ZnO–CuO–Au S-scheme heterojunctions for photocatalytic hydrogen production under visible light. International Journal of Hydrogen Energy 2023;48. https://doi.org/10.1016/j.ijhydene.2022.11.293"
108,Au,ZnO,CuO,,45,45,10,nanocomposite,,Visible,Xe,300,,0.67,,,0,sol-gel,600,3,15,75,,25,3.02,4924.00,"Ahmad I, Shukrullah S, Naz MY, Bhatti HN, Khalid NR, Ullah S. Rational design of ZnO–CuO–Au S-scheme heterojunctions for photocatalytic hydrogen production under visible light. International Journal of Hydrogen Energy 2023;48. https://doi.org/10.1016/j.ijhydene.2022.11.293"
109,Au,ZnO,CuO,,45,45,10,nanocomposite,,Visible,Xe,300,,0.67,,,0,sol-gel,600,3,20,75,,25,3.02,4567.00,"Ahmad I, Shukrullah S, Naz MY, Bhatti HN, Khalid NR, Ullah S. Rational design of ZnO–CuO–Au S-scheme heterojunctions for photocatalytic hydrogen production under visible light. International Journal of Hydrogen Energy 2023;48. https://doi.org/10.1016/j.ijhydene.2022.11.293"
110,Au-Pd,TiO2,,,100,,0.5,nanorod,anatase,UV,,100,365,0.33,Hydrothermal,500,2,Precipitation,,0,10,20,6,,,43000.00,"Chen, W. T., A. G. Dosado, A. Chan, D. S. Waterhouse and G. I. N. Waterhouse, “Highly Reactive Anatase Nanorod Photocatalysts Synthesized by Calcination of Hydrogen Titanate Nanotubes: Effect of Calcination Conditions on Photocatalytic Performance for Aqueous Dye Degradation and H2 Production in Alcohol-Water Mixtures”, Applied Catalysis A: General, Vol. 565, pp. 98-118, 2018."
111,Au-Pd,TiO2,,,100,,0.5,nanorod,anatase,UV,,100,365,0.33,Hydrothermal,600,0.33,Precipitation,,0,10,20,6,,,45600.00,"Chen, W. T., A. G. Dosado, A. Chan, D. S. Waterhouse and G. I. N. Waterhouse, “Highly Reactive Anatase Nanorod Photocatalysts Synthesized by Calcination of Hydrogen Titanate Nanotubes: Effect of Calcination Conditions on Photocatalytic Performance for Aqueous Dye Degradation and H2 Production in Alcohol-Water Mixtures”, Applied Catalysis A: General, Vol. 565, pp. 98-118, 2018."
112,Au-Pd,TiO2,,,100,,0.5,nanorod,anatase,UV,,100,365,0.33,Hydrothermal,600,2,Precipitation,,0,10,20,6,,,45000.00,"Chen, W. T., A. G. Dosado, A. Chan, D. S. Waterhouse and G. I. N. Waterhouse, “Highly Reactive Anatase Nanorod Photocatalysts Synthesized by Calcination of Hydrogen Titanate Nanotubes: Effect of Calcination Conditions on Photocatalytic Performance for Aqueous Dye Degradation and H2 Production in Alcohol-Water Mixtures”, Applied Catalysis A: General, Vol. 565, pp. 98-118, 2018."
113,Au-Pd,TiO2,,,100,,0.5,nanorod,anatase,UV,,100,365,0.33,Hydrothermal,700,0.17,Precipitation,,0,10,20,6,,,43300.00,"Chen, W. T., A. G. Dosado, A. Chan, D. S. Waterhouse and G. I. N. Waterhouse, “Highly Reactive Anatase Nanorod Photocatalysts Synthesized by Calcination of Hydrogen Titanate Nanotubes: Effect of Calcination Conditions on Photocatalytic Performance for Aqueous Dye Degradation and H2 Production in Alcohol-Water Mixtures”, Applied Catalysis A: General, Vol. 565, pp. 98-118, 2018."
114,Co,TiO2,,,100,,1,nanoparticle,anatase-rutile,Visible,,,,2,,,0,Impregnation,400,5,0,50,,25,2.8,321.35,"Sadanandam, G., K. Lalitha, V. D. Kumari, M. V. Shankar and M. Subrahmanyam, “Cobalt doped TiO2: A Stable and Efficient Photocatalyst for Continuous Hydrogen Production from Glycerol: Water Mixtures under Solar Light Irradiation”, International Journal of Hydrogen Energy, Vol. 38, No. 23, pp. 9655-9664, 2013."
115,Co,TiO2,,,100,,1,nanoparticle,anatase-rutile,Visible,,,,2,,,0,Impregnation,400,5,1,50,,25,2.8,3912.70,"Sadanandam, G., K. Lalitha, V. D. Kumari, M. V. Shankar and M. Subrahmanyam, “Cobalt doped TiO2: A Stable and Efficient Photocatalyst for Continuous Hydrogen Production from Glycerol: Water Mixtures under Solar Light Irradiation”, International Journal of Hydrogen Energy, Vol. 38, No. 23, pp. 9655-9664, 2013."
116,Co,TiO2,,,100,,1,nanoparticle,anatase-rutile,Visible,,,,2,,,0,Impregnation,400,5,2,50,,25,2.8,6029.70,"Sadanandam, G., K. Lalitha, V. D. Kumari, M. V. Shankar and M. Subrahmanyam, “Cobalt doped TiO2: A Stable and Efficient Photocatalyst for Continuous Hydrogen Production from Glycerol: Water Mixtures under Solar Light Irradiation”, International Journal of Hydrogen Energy, Vol. 38, No. 23, pp. 9655-9664, 2013."
117,Co,TiO2,,,100,,1,nanoparticle,anatase-rutile,Visible,,,,2,,,0,Impregnation,400,5,4,50,,25,2.8,8853.50,"Sadanandam, G., K. Lalitha, V. D. Kumari, M. V. Shankar and M. Subrahmanyam, “Cobalt doped TiO2: A Stable and Efficient Photocatalyst for Continuous Hydrogen Production from Glycerol: Water Mixtures under Solar Light Irradiation”, International Journal of Hydrogen Energy, Vol. 38, No. 23, pp. 9655-9664, 2013."
118,Co,TiO2,,,100,,1,nanoparticle,anatase-rutile,Visible,,,,2,,,0,Impregnation,400,5,5,50,,25,2.8,11547.00,"Sadanandam, G., K. Lalitha, V. D. Kumari, M. V. Shankar and M. Subrahmanyam, “Cobalt doped TiO2: A Stable and Efficient Photocatalyst for Continuous Hydrogen Production from Glycerol: Water Mixtures under Solar Light Irradiation”, International Journal of Hydrogen Energy, Vol. 38, No. 23, pp. 9655-9664, 2013."
119,Co,TiO2,,,100,,1,nanoparticle,anatase-rutile,Visible,,,,2,,,0,Impregnation,400,5,6,50,,25,2.8,10491.00,"Sadanandam, G., K. Lalitha, V. D. Kumari, M. V. Shankar and M. Subrahmanyam, “Cobalt doped TiO2: A Stable and Efficient Photocatalyst for Continuous Hydrogen Production from Glycerol: Water Mixtures under Solar Light Irradiation”, International Journal of Hydrogen Energy, Vol. 38, No. 23, pp. 9655-9664, 2013."
120,Co,TiO2,,,100,,1,nanoparticle,anatase-rutile,Visible,,,,2,,,0,Impregnation,400,5,8,50,,25,2.8,9725.30,"Sadanandam, G., K. Lalitha, V. D. Kumari, M. V. Shankar and M. Subrahmanyam, “Cobalt doped TiO2: A Stable and Efficient Photocatalyst for Continuous Hydrogen Production from Glycerol: Water Mixtures under Solar Light Irradiation”, International Journal of Hydrogen Energy, Vol. 38, No. 23, pp. 9655-9664, 2013."
121,Co,TiO2,,,100,,1,nanoparticle,anatase-rutile,Visible,,,,2,,,0,Impregnation,400,5,10,50,,25,2.8,9279.70,"Sadanandam, G., K. Lalitha, V. D. Kumari, M. V. Shankar and M. Subrahmanyam, “Cobalt doped TiO2: A Stable and Efficient Photocatalyst for Continuous Hydrogen Production from Glycerol: Water Mixtures under Solar Light Irradiation”, International Journal of Hydrogen Energy, Vol. 38, No. 23, pp. 9655-9664, 2013."
122,Co,TiO2,,,100,,1,nanoparticle,anatase-rutile,Visible,,,,2,,,0,Impregnation,400,5,12,50,,25,2.8,9154.70,"Sadanandam, G., K. Lalitha, V. D. Kumari, M. V. Shankar and M. Subrahmanyam, “Cobalt doped TiO2: A Stable and Efficient Photocatalyst for Continuous Hydrogen Production from Glycerol: Water Mixtures under Solar Light Irradiation”, International Journal of Hydrogen Energy, Vol. 38, No. 23, pp. 9655-9664, 2013."
123,Co,TiO2,,,100,,1,nanoparticle,anatase-rutile,Visible,,,,2,,,0,Impregnation,400,5,14,50,,25,2.8,9093.80,"Sadanandam, G., K. Lalitha, V. D. Kumari, M. V. Shankar and M. Subrahmanyam, “Cobalt doped TiO2: A Stable and Efficient Photocatalyst for Continuous Hydrogen Production from Glycerol: Water Mixtures under Solar Light Irradiation”, International Journal of Hydrogen Energy, Vol. 38, No. 23, pp. 9655-9664, 2013."
124,Co,TiO2,,,100,,1,nanoparticle,anatase-rutile,Visible,,,,2,,,0,Impregnation,400,5,16,50,,25,2.8,8968.70,"Sadanandam, G., K. Lalitha, V. D. Kumari, M. V. Shankar and M. Subrahmanyam, “Cobalt doped TiO2: A Stable and Efficient Photocatalyst for Continuous Hydrogen Production from Glycerol: Water Mixtures under Solar Light Irradiation”, International Journal of Hydrogen Energy, Vol. 38, No. 23, pp. 9655-9664, 2013."
125,Co,TiO2,,,100,,1,nanoparticle,anatase-rutile,Visible,,,,2,,,0,Impregnation,400,5,18,50,,25,2.8,8843.90,"Sadanandam, G., K. Lalitha, V. D. Kumari, M. V. Shankar and M. Subrahmanyam, “Cobalt doped TiO2: A Stable and Efficient Photocatalyst for Continuous Hydrogen Production from Glycerol: Water Mixtures under Solar Light Irradiation”, International Journal of Hydrogen Energy, Vol. 38, No. 23, pp. 9655-9664, 2013."
126,Co,TiO2,,,100,,1,nanoparticle,anatase-rutile,Visible,,,,2,,,0,Impregnation,400,5,20,50,,25,2.8,8718.90,"Sadanandam, G., K. Lalitha, V. D. Kumari, M. V. Shankar and M. Subrahmanyam, “Cobalt doped TiO2: A Stable and Efficient Photocatalyst for Continuous Hydrogen Production from Glycerol: Water Mixtures under Solar Light Irradiation”, International Journal of Hydrogen Energy, Vol. 38, No. 23, pp. 9655-9664, 2013."
127,Co,TiO2,,,100,,2,hollow sphere,anatase,Visible,,,,2,Hydrothermal,,0,Impregnation,450,5,5,50,,25,2.8,1859.00,"Seadira, T. W. P., G. Sadanandam, T. Ntho, C. M. Masuku and M. S. Scurrell, “Preparation and Characterization of Metals Supported on Nanostructured TiO2 Hollow Spheres for Production of Hydrogen via Photocatalytic Reforming of Glycerol”, Applied Catalysis B: Environmental, Vol. 222, pp. 133-145, 2018."
128,Co,TiO2,,,100,,2,nanoparticle,anatase,Visible,,,,0.2,sol-gel,450,4,Impregnation,450,5,5,50,,25,2.75,76.10,"Ravi, P., V. N. Rao, M. V. Shankar and M. Sathish, “CuO@NiO Core-Shell Nanoparticles Decorated Anatase TiO2 Nanospheres for Enhanced Photocatalytic Hydrogen Production”, International Journal of Hydrogen Energy, Vol. 45, No. 3, pp. 7517-7529, 2020."
129,Co-Ag,TiO2,,,100,,3,nanoparticle,anatase,Visible,,,,0.2,sol-gel,450,4,Impregnation,450,5,5,50,,25,2.49,297.50,"Ravi, P., V. N. Rao, M. V. Shankar and M. Sathish, “CuO@NiO Core-Shell Nanoparticles Decorated Anatase TiO2 Nanospheres for Enhanced Photocatalytic Hydrogen Production”, International Journal of Hydrogen Energy, Vol. 45, No. 3, pp. 7517-7529, 2020."
130,Co-N,TiO2,,,100,,,nanotube,anatase-rutile,UV,Hg,450,,2,,,0,sol-gel,450,4,10,10,,30,,313.00,"Mohamed, R. M., M. W. Kadi and A. A. Ismail, “A Facile Synthesis of Mesoporous α- Fe2O3/TiO2 Nanocomposites for Hydrogen Evolution under Visible Light”, Ceramics International, Vol. 46, No. 10, pp. 15604-15612, 2020."
131,CP-1,TiO2,,,100,,2.5,nanoparticle,anatase-rutile,UV,,,,0.2,,,0,Precipitation,,0,5,25,6.5,25,,6400.00,"Ibrahim, S., Y. Cheng, D. Zhao and M. A. Nadeem, “A New Insight for Photocatalytic Hydrogen Production by a Cu/Ni Based Cyanide Bridged Polymer as a Cocatalyst on Titania Support in Glycerol Water Mixture”, International Journal of Hydrogen Energy, Vol. 44, No. 5, pp. 2508-2518, 2019."
132,CP-1,TiO2,,,100,,5,nanoparticle,anatase-rutile,UV,,,,0.2,,,0,Precipitation,,0,2,25,6.5,25,,4600.00,"Ibrahim, S., Y. Cheng, D. Zhao and M. A. Nadeem, “A New Insight for Photocatalytic Hydrogen Production by a Cu/Ni Based Cyanide Bridged Polymer as a Cocatalyst on Titania Support in Glycerol Water Mixture”, International Journal of Hydrogen Energy, Vol. 44, No. 5, pp. 2508-2518, 2019."
133,CP-1,TiO2,,,100,,5,nanoparticle,anatase-rutile,UV,,,,0.2,,,0,Precipitation,,0,5,25,6.5,25,,9200.00,"Ibrahim, S., Y. Cheng, D. Zhao and M. A. Nadeem, “A New Insight for Photocatalytic Hydrogen Production by a Cu/Ni Based Cyanide Bridged Polymer as a Cocatalyst on Titania Support in Glycerol Water Mixture”, International Journal of Hydrogen Energy, Vol. 44, No. 5, pp. 2508-2518, 2019."
134,CP-1,TiO2,,,100,,5,nanoparticle,anatase-rutile,UV,,,,0.2,,,0,Precipitation,,0,10,25,6.5,25,,13400.00,"Ibrahim, S., Y. Cheng, D. Zhao and M. A. Nadeem, “A New Insight for Photocatalytic Hydrogen Production by a Cu/Ni Based Cyanide Bridged Polymer as a Cocatalyst on Titania Support in Glycerol Water Mixture”, International Journal of Hydrogen Energy, Vol. 44, No. 5, pp. 2508-2518, 2019."
135,CP-1,TiO2,,,100,,5,nanoparticle,anatase-rutile,UV,,,,0.2,,,0,Precipitation,,0,15,25,6.5,25,,17400.00,"Ibrahim, S., Y. Cheng, D. Zhao and M. A. Nadeem, “A New Insight for Photocatalytic Hydrogen Production by a Cu/Ni Based Cyanide Bridged Polymer as a Cocatalyst on Titania Support in Glycerol Water Mixture”, International Journal of Hydrogen Energy, Vol. 44, No. 5, pp. 2508-2518, 2019."
136,CP-1,TiO2,,,100,,5,nanoparticle,anatase-rutile,UV,,,,0.2,,,0,Precipitation,,0,20,25,6.5,25,,21200.00,"Ibrahim, S., Y. Cheng, D. Zhao and M. A. Nadeem, “A New Insight for Photocatalytic Hydrogen Production by a Cu/Ni Based Cyanide Bridged Polymer as a Cocatalyst on Titania Support in Glycerol Water Mixture”, International Journal of Hydrogen Energy, Vol. 44, No. 5, pp. 2508-2518, 2019."
137,CP-1,TiO2,,,100,,5,nanoparticle,anatase-rutile,UV,,,,0.2,,,0,Precipitation,,0,25,25,6.5,25,,15200.00,"Ibrahim, S., Y. Cheng, D. Zhao and M. A. Nadeem, “A New Insight for Photocatalytic Hydrogen Production by a Cu/Ni Based Cyanide Bridged Polymer as a Cocatalyst on Titania Support in Glycerol Water Mixture”, International Journal of Hydrogen Energy, Vol. 44, No. 5, pp. 2508-2518, 2019."
138,CP-1,TiO2,,,100,,7.5,nanoparticle,anatase-rutile,UV,,,,0.2,,,0,Precipitation,,0,5,25,6.5,25,,4500.00,"Ibrahim, S., Y. Cheng, D. Zhao and M. A. Nadeem, “A New Insight for Photocatalytic Hydrogen Production by a Cu/Ni Based Cyanide Bridged Polymer as a Cocatalyst on Titania Support in Glycerol Water Mixture”, International Journal of Hydrogen Energy, Vol. 44, No. 5, pp. 2508-2518, 2019."
139,CP-1,TiO2,,,100,,5,nanoparticle,anatase-rutile,Visible,,,,0.2,,,0,Precipitation,,0,5,25,6.5,25,,980.00,"Ibrahim, S., Y. Cheng, D. Zhao and M. A. Nadeem, “A New Insight for Photocatalytic Hydrogen Production by a Cu/Ni Based Cyanide Bridged Polymer as a Cocatalyst on Titania Support in Glycerol Water Mixture”, International Journal of Hydrogen Energy, Vol. 44, No. 5, pp. 2508-2518, 2019."
140,CP-1,TiO2,,,100,,1,nanoparticle,anatase,UV,,100,,0.2,,,0,Hydrothermal,520,2,20,25,,,,862.80,"Ibrahim, S., I. Majeed, Y. Qian, A. Iqbal, D. Zhao, D. R. Turner and M. A. Nadeem, “Novel Hetero-Bimetallic Coordination Polymer as a Single Source of Highly Dispersed Cu/Ni Nanoparticles for Efficient Photocatalytic Water Splitting”, Inorganic Chemistry Frontiers, Vol. 5, No. 8, pp. 1816-1827, 2018."
141,CP-1,TiO2,,,100,,1,nanoparticle,anatase,UV,,100,,0.2,,,0,Hydrothermal,420,2,20,25,,,,1607.60,"Ibrahim, S., I. Majeed, Y. Qian, A. Iqbal, D. Zhao, D. R. Turner and M. A. Nadeem, “Novel Hetero-Bimetallic Coordination Polymer as a Single Source of Highly Dispersed Cu/Ni Nanoparticles for Efficient Photocatalytic Water Splitting”, Inorganic Chemistry Frontiers, Vol. 5, No. 8, pp. 1816-1827, 2018."
142,CP-1,TiO2,,,100,,1,nanoparticle,anatase,UV,,100,,0.2,,,0,Hydrothermal,470,2,20,25,,,,2600.70,"Ibrahim, S., I. Majeed, Y. Qian, A. Iqbal, D. Zhao, D. R. Turner and M. A. Nadeem, “Novel Hetero-Bimetallic Coordination Polymer as a Single Source of Highly Dispersed Cu/Ni Nanoparticles for Efficient Photocatalytic Water Splitting”, Inorganic Chemistry Frontiers, Vol. 5, No. 8, pp. 1816-1827, 2018."
143,CP-1,TiO2,,,100,,1.5,nanoparticle,anatase,UV,,100,,0.2,,,0,Hydrothermal,470,2,20,25,,,,3850.00,"Ibrahim, S., I. Majeed, Y. Qian, A. Iqbal, D. Zhao, D. R. Turner and M. A. Nadeem, “Novel Hetero-Bimetallic Coordination Polymer as a Single Source of Highly Dispersed Cu/Ni Nanoparticles for Efficient Photocatalytic Water Splitting”, Inorganic Chemistry Frontiers, Vol. 5, No. 8, pp. 1816-1827, 2018."
144,CP-1,TiO2,,,100,,0.5,nanoparticle,anatase,UV,,100,,0.2,,,0,Hydrothermal,470,2,20,25,,,,5632.00,"Ibrahim, S., I. Majeed, Y. Qian, A. Iqbal, D. Zhao, D. R. Turner and M. A. Nadeem, “Novel Hetero-Bimetallic Coordination Polymer as a Single Source of Highly Dispersed Cu/Ni Nanoparticles for Efficient Photocatalytic Water Splitting”, Inorganic Chemistry Frontiers, Vol. 5, No. 8, pp. 1816-1827, 2018."
145,CP-1,TiO2,,,100,,1,nanoparticle,anatase,UV,,100,,0.2,,,0,Hydrothermal,470,2,20,25,,,,8500.00,"Ibrahim, S., I. Majeed, Y. Qian, A. Iqbal, D. Zhao, D. R. Turner and M. A. Nadeem, “Novel Hetero-Bimetallic Coordination Polymer as a Single Source of Highly Dispersed Cu/Ni Nanoparticles for Efficient Photocatalytic Water Splitting”, Inorganic Chemistry Frontiers, Vol. 5, No. 8, pp. 1816-1827, 2018."
146,Cr,TiO2,,,100,,2,hollow sphere,anatase,Visible,,,,2,Hydrothermal,,0,Impregnation,450,5,5,50,,25,2.35,594.00,"Seadira, T. W. P., G. Sadanandam, T. Ntho, C. M. Masuku and M. S. Scurrell, “Preparation and Characterization of Metals Supported on Nanostructured TiO2 Hollow Spheres for Production of Hydrogen via Photocatalytic Reforming of Glycerol”, Applied Catalysis B: Environmental, Vol. 222, pp. 133-145, 2018."
147,Cr-N,TiO2,,,100,,,nanotube,anatase-rutile,UV,Hg,450,,2,,,0,sol-gel,450,4,10,10,,30,,126.00,"Mohamed, R. M., M. W. Kadi and A. A. Ismail, “A Facile Synthesis of Mesoporous α- Fe2O3/TiO2 Nanocomposites for Hydrogen Evolution under Visible Light”, Ceramics International, Vol. 46, No. 10, pp. 15604-15612, 2020."
148,Cu,TiO2,,,100,,,nanoparticle,anatase-rutile,Visible,,400,,2,,,0,Impregnation,350,5,5,50,,25,3.2,600.00,"Lalitha, K., G. Sadanandam, V. D. Kumari, M. Subrahmanyam, B. Sreedhar and N. Y. Hebalkar, “Highly Stabilized and Finely Dispersed Cu2O/TiO2: a Promising Visible Sensitive Photocatalyst for Continuous Production of Hydrogen from Glycerol: Water Mixtures”, The Journal of Physical Chemistry C, Vol. 114, No. 50, pp. 22181-22189, 2010."
149,Cu,TiO2,,,100,,,nanoparticle,anatase-rutile,Visible,,400,,2,,,0,Impregnation,450,5,5,50,,25,3.2,600.00,"Lalitha, K., G. Sadanandam, V. D. Kumari, M. Subrahmanyam, B. Sreedhar and N. Y. Hebalkar, “Highly Stabilized and Finely Dispersed Cu2O/TiO2: a Promising Visible Sensitive Photocatalyst for Continuous Production of Hydrogen from Glycerol: Water Mixtures”, The Journal of Physical Chemistry C, Vol. 114, No. 50, pp. 22181-22189, 2010."
150,Cu,TiO2,,,100,,0.2,nanoparticle,anatase-rutile,Visible,,400,,2,,,0,Impregnation,350,5,5,50,,25,2.93,2800.00,"Lalitha, K., G. Sadanandam, V. D. Kumari, M. Subrahmanyam, B. Sreedhar and N. Y. Hebalkar, “Highly Stabilized and Finely Dispersed Cu2O/TiO2: a Promising Visible Sensitive Photocatalyst for Continuous Production of Hydrogen from Glycerol: Water Mixtures”, The Journal of Physical Chemistry C, Vol. 114, No. 50, pp. 22181-22189, 2010."
151,Cu,TiO2,,,100,,0.2,nanoparticle,anatase-rutile,Visible,,400,,2,,,0,Impregnation,450,5,5,50,,25,3.13,4200.00,"Lalitha, K., G. Sadanandam, V. D. Kumari, M. Subrahmanyam, B. Sreedhar and N. Y. Hebalkar, “Highly Stabilized and Finely Dispersed Cu2O/TiO2: a Promising Visible Sensitive Photocatalyst for Continuous Production of Hydrogen from Glycerol: Water Mixtures”, The Journal of Physical Chemistry C, Vol. 114, No. 50, pp. 22181-22189, 2010."
152,Cu,TiO2,,,100,,0.3,nanoparticle,anatase-rutile,Visible,,400,,2,,,0,Impregnation,350,5,5,50,,25,2.86,5600.00,"Lalitha, K., G. Sadanandam, V. D. Kumari, M. Subrahmanyam, B. Sreedhar and N. Y. Hebalkar, “Highly Stabilized and Finely Dispersed Cu2O/TiO2: a Promising Visible Sensitive Photocatalyst for Continuous Production of Hydrogen from Glycerol: Water Mixtures”, The Journal of Physical Chemistry C, Vol. 114, No. 50, pp. 22181-22189, 2010."
153,Cu,TiO2,,,100,,0.3,nanoparticle,anatase-rutile,Visible,,400,,2,,,0,Impregnation,450,5,5,50,,25,3.05,9300.00,"Lalitha, K., G. Sadanandam, V. D. Kumari, M. Subrahmanyam, B. Sreedhar and N. Y. Hebalkar, “Highly Stabilized and Finely Dispersed Cu2O/TiO2: a Promising Visible Sensitive Photocatalyst for Continuous Production of Hydrogen from Glycerol: Water Mixtures”, The Journal of Physical Chemistry C, Vol. 114, No. 50, pp. 22181-22189, 2010."
154,Cu,TiO2,,,100,,0.5,nanoparticle,anatase-rutile,Visible,,400,,2,,,0,Impregnation,350,5,5,50,,25,2.79,16500.00,"Lalitha, K., G. Sadanandam, V. D. Kumari, M. Subrahmanyam, B. Sreedhar and N. Y. Hebalkar, “Highly Stabilized and Finely Dispersed Cu2O/TiO2: a Promising Visible Sensitive Photocatalyst for Continuous Production of Hydrogen from Glycerol: Water Mixtures”, The Journal of Physical Chemistry C, Vol. 114, No. 50, pp. 22181-22189, 2010."
155,Cu,TiO2,,,100,,0.5,nanoparticle,anatase-rutile,Visible,,400,,2,,,0,Impregnation,450,5,5,50,,25,2.83,20060.00,"Lalitha, K., G. Sadanandam, V. D. Kumari, M. Subrahmanyam, B. Sreedhar and N. Y. Hebalkar, “Highly Stabilized and Finely Dispersed Cu2O/TiO2: a Promising Visible Sensitive Photocatalyst for Continuous Production of Hydrogen from Glycerol: Water Mixtures”, The Journal of Physical Chemistry C, Vol. 114, No. 50, pp. 22181-22189, 2010."
156,Cu,TiO2,,,100,,0.5,nanoparticle,anatase-rutile,UV,Hg,400,,2,,,0,Impregnation,350,5,5,50,,25,2.51,43105.00,"Lalitha, K., G. Sadanandam, V. D. Kumari, M. Subrahmanyam, B. Sreedhar and N. Y. Hebalkar, “Highly Stabilized and Finely Dispersed Cu2O/TiO2: a Promising Visible Sensitive Photocatalyst for Continuous Production of Hydrogen from Glycerol: Water Mixtures”, The Journal of Physical Chemistry C, Vol. 114, No. 50, pp. 22181-22189, 2010."
157,Cu,TiO2,,,100,,0.5,nanoparticle,anatase-rutile,UV,Hg,400,,2,,,0,Impregnation,450,5,5,50,,25,2.62,41632.00,"Lalitha, K., G. Sadanandam, V. D. Kumari, M. Subrahmanyam, B. Sreedhar and N. Y. Hebalkar, “Highly Stabilized and Finely Dispersed Cu2O/TiO2: a Promising Visible Sensitive Photocatalyst for Continuous Production of Hydrogen from Glycerol: Water Mixtures”, The Journal of Physical Chemistry C, Vol. 114, No. 50, pp. 22181-22189, 2010."
158,Cu,TiO2,,,100,,1,nanoparticle,anatase-rutile,Visible,,400,,2,,,0,Impregnation,350,5,5,50,,25,2.74,11900.00,"Lalitha, K., G. Sadanandam, V. D. Kumari, M. Subrahmanyam, B. Sreedhar and N. Y. Hebalkar, “Highly Stabilized and Finely Dispersed Cu2O/TiO2: a Promising Visible Sensitive Photocatalyst for Continuous Production of Hydrogen from Glycerol: Water Mixtures”, The Journal of Physical Chemistry C, Vol. 114, No. 50, pp. 22181-22189, 2010."
159,Cu,TiO2,,,100,,1,nanoparticle,anatase-rutile,Visible,,400,,2,,,0,Impregnation,450,5,5,50,,25,2.75,12700.00,"Lalitha, K., G. Sadanandam, V. D. Kumari, M. Subrahmanyam, B. Sreedhar and N. Y. Hebalkar, “Highly Stabilized and Finely Dispersed Cu2O/TiO2: a Promising Visible Sensitive Photocatalyst for Continuous Production of Hydrogen from Glycerol: Water Mixtures”, The Journal of Physical Chemistry C, Vol. 114, No. 50, pp. 22181-22189, 2010."
160,Cu,TiO2,,,100,,2,nanoparticle,anatase-rutile,Visible,,400,,2,,,0,Impregnation,350,5,5,50,,25,2.52,4100.00,"Lalitha, K., G. Sadanandam, V. D. Kumari, M. Subrahmanyam, B. Sreedhar and N. Y. Hebalkar, “Highly Stabilized and Finely Dispersed Cu2O/TiO2: a Promising Visible Sensitive Photocatalyst for Continuous Production of Hydrogen from Glycerol: Water Mixtures”, The Journal of Physical Chemistry C, Vol. 114, No. 50, pp. 22181-22189, 2010."
161,Cu,TiO2,,,100,,2,nanoparticle,anatase-rutile,Visible,,400,,2,,,0,Impregnation,450,5,5,50,,25,2.56,8200.00,"Lalitha, K., G. Sadanandam, V. D. Kumari, M. Subrahmanyam, B. Sreedhar and N. Y. Hebalkar, “Highly Stabilized and Finely Dispersed Cu2O/TiO2: a Promising Visible Sensitive Photocatalyst for Continuous Production of Hydrogen from Glycerol: Water Mixtures”, The Journal of Physical Chemistry C, Vol. 114, No. 50, pp. 22181-22189, 2010."
162,Cu,TiO2,,,100,,5,nanoparticle,anatase-rutile,Visible,,400,,2,,,0,Impregnation,450,5,5,50,,25,2.56,1100.00,"Balsamo SA, Fiorenza R, Iapichino MTA, Lopez-Tenllado FJ, Urbano FJ, Sciré S. H2 production through glycerol photoreforming using one-pot prepared TiO2-rGO-Au photocatalysts. Molecular Catalysis 2023;547. https://doi.org/10.1016/j.mcat.2023.113346."
163,Cu,TiO2,,,100,,5,nanoparticle,anatase-rutile,Visible,,400,,2,,,0,Impregnation,450,5,5,50,,25,2.56,4900.00,"Lalitha, K., G. Sadanandam, V. D. Kumari, M. Subrahmanyam, B. Sreedhar and N. Y. Hebalkar, “Highly Stabilized and Finely Dispersed Cu2O/TiO2: a Promising Visible Sensitive Photocatalyst for Continuous Production of Hydrogen from Glycerol: Water Mixtures”, The Journal of Physical Chemistry C, Vol. 114, No. 50, pp. 22181-22189, 2010."
164,Cu,TiO2,,,100,,1,nanoparticle,anatase-rutile-brookite,Visible,Xe,125,,2.1,Sol-gel,450,6,Photodeposition,,0,7.3,240,,,,1472.40,"Montini, T., V. Gombac, L. Sordelli, J. J. Delgado, X. Chen, G. Adami and P. Fornasiero, “Nanostructured Cu/TiO2 Photocatalysts for H2 Production from Ethanol and Glycerol Aqueous Solutions”, ChemCatChem, Vol. 3, No. 3, pp. 574-577, 2011."
165,Cu,TiO2,,,100,,1,nanoparticle,anatase-rutile-brookite,Visible,Xe,125,,2.1,Precipitation,450,6,Photodeposition,,0,7.3,240,,,,779.53,"Montini, T., V. Gombac, L. Sordelli, J. J. Delgado, X. Chen, G. Adami and P. Fornasiero, “Nanostructured Cu/TiO2 Photocatalysts for H2 Production from Ethanol and Glycerol Aqueous Solutions”, ChemCatChem, Vol. 3, No. 3, pp. 574-577, 2011."
166,Cu,TiO2,,,100,,2.5,nanoparticle,anatase-rutile-brookite,Visible,Xe,125,,2.1,Sol-gel,450,6,Photodeposition,,0,7.3,240,,,,1551.20,"Montini, T., V. Gombac, L. Sordelli, J. J. Delgado, X. Chen, G. Adami and P. Fornasiero, “Nanostructured Cu/TiO2 Photocatalysts for H2 Production from Ethanol and Glycerol Aqueous Solutions”, ChemCatChem, Vol. 3, No. 3, pp. 574-577, 2011."
167,Cu,TiO2,,,100,,2.5,nanoparticle,anatase-rutile-brookite,Visible,Xe,125,,2.1,Precipitation,450,6,Photodeposition,,0,7.3,240,,,,1236.20,"Montini, T., V. Gombac, L. Sordelli, J. J. Delgado, X. Chen, G. Adami and P. Fornasiero, “Nanostructured Cu/TiO2 Photocatalysts for H2 Production from Ethanol and Glycerol Aqueous Solutions”, ChemCatChem, Vol. 3, No. 3, pp. 574-577, 2011."
168,Cu,TiO2,,,100,,6,nanoparticle,anatase,Visible,Halogen,500,400,1,Sol-gel,,0,Hydrothermal,,0,10,100,11,24,2.96,216.84,"Bashiri, R., N. M. Mohamed, C. F. Kait and S. Sufian, “Hydrogen Production from Water Photosplitting using Cu/TiO2 Nanoparticles: Effect of Hydrolysis Rate and Reaction Medium”, International Journal of Hydrogen Energy, Vol. 40, No. 18, pp. 6021-6037, 2015."
169,Cu,TiO2,,,100,,,nanoparticle,anatase,Visible,Halogen,500,400,1,Sol-gel,,0,Hydrothermal,,0,10,100,11,24,2.9,593.02,"Bashiri, R., N. M. Mohamed, C. F. Kait and S. Sufian, “Hydrogen Production from Water Photosplitting using Cu/TiO2 Nanoparticles: Effect of Hydrolysis Rate and Reaction Medium”, International Journal of Hydrogen Energy, Vol. 40, No. 18, pp. 6021-6037, 2015."
170,Cu,TiO2,,,100,,,nanoparticle,anatase,Visible,Halogen,500,400,1,Sol-gel,,0,Hydrothermal,,0,10,100,11,24,2.72,1207.70,"Bashiri, R., N. M. Mohamed, C. F. Kait and S. Sufian, “Hydrogen Production from Water Photosplitting using Cu/TiO2 Nanoparticles: Effect of Hydrolysis Rate and Reaction Medium”, International Journal of Hydrogen Energy, Vol. 40, No. 18, pp. 6021-6037, 2015."
171,Cu,TiO2,,,100,,,nanoparticle,anatase,Visible,Halogen,500,400,1,Sol-gel,,0,Hydrothermal,,0,10,100,11,24,2.83,455.37,"Bashiri, R., N. M. Mohamed, C. F. Kait and S. Sufian, “Hydrogen Production from Water Photosplitting using Cu/TiO2 Nanoparticles: Effect of Hydrolysis Rate and Reaction Medium”, International Journal of Hydrogen Energy, Vol. 40, No. 18, pp. 6021-6037, 2015."
172,Cu,TiO2,,,100,,,nanorod,anatase-rutile,Visible,,,,0.1,Hydrothermal,400,5,Impregnation,500,5,5,50,,25,3.12,1949.00,"Kumar, D. P. et al., “Cu2O-Sensitized TiO2 Nanorods with Nanocavities for Highly Efficient Photocatalytic Hydrogen Production under Solar Irradiation”, Solar Energy Materials and Solar Cells, Vol. 136, pp. 157-166, 2015."
173,Cu,TiO2,,,100,,,nanorod,anatase-rutile,Visible,,,,0.1,Hydrothermal,450,5,Impregnation,500,5,5,50,,25,3.13,2018.00,"Kumar, D. P. et al., “Cu2O-Sensitized TiO2 Nanorods with Nanocavities for Highly Efficient Photocatalytic Hydrogen Production under Solar Irradiation”, Solar Energy Materials and Solar Cells, Vol. 136, pp. 157-166, 2015."
174,Cu,TiO2,,,100,,,nanorod,anatase-rutile,Visible,,,,0.1,Hydrothermal,500,5,Impregnation,500,5,5,50,,25,3.16,2950.00,"Kumar, D. P. et al., “Cu2O-Sensitized TiO2 Nanorods with Nanocavities for Highly Efficient Photocatalytic Hydrogen Production under Solar Irradiation”, Solar Energy Materials and Solar Cells, Vol. 136, pp. 157-166, 2015."
175,Cu,TiO2,,,100,,,nanorod,anatase-rutile,Visible,,,,0.1,Hydrothermal,550,5,Impregnation,500,5,5,50,,25,3.17,1995.00,"Kumar, D. P. et al., “Cu2O-Sensitized TiO2 Nanorods with Nanocavities for Highly Efficient Photocatalytic Hydrogen Production under Solar Irradiation”, Solar Energy Materials and Solar Cells, Vol. 136, pp. 157-166, 2015."
176,Cu,TiO2,,,100,,0.5,nanorod,anatase-rutile,Visible,,,,0.1,Hydrothermal,500,5,Impregnation,500,5,5,50,,25,3.16,30712.00,"Kumar, D. P. et al., “Cu2O-Sensitized TiO2 Nanorods with Nanocavities for Highly Efficient Photocatalytic Hydrogen Production under Solar Irradiation”, Solar Energy Materials and Solar Cells, Vol. 136, pp. 157-166, 2015."
177,Cu,TiO2,,,100,,1,nanorod,anatase-rutile,Visible,,,,0.1,Hydrothermal,500,5,Impregnation,500,5,5,50,,25,3.16,36053.00,"Kumar, D. P. et al., “Cu2O-Sensitized TiO2 Nanorods with Nanocavities for Highly Efficient Photocatalytic Hydrogen Production under Solar Irradiation”, Solar Energy Materials and Solar Cells, Vol. 136, pp. 157-166, 2015."
178,Cu,TiO2,,,100,,1.25,nanorod,anatase-rutile,Visible,,,,0.1,Hydrothermal,500,5,Impregnation,500,5,5,50,,25,3.16,43887.00,"Kumar, D. P. et al., “Cu2O-Sensitized TiO2 Nanorods with Nanocavities for Highly Efficient Photocatalytic Hydrogen Production under Solar Irradiation”, Solar Energy Materials and Solar Cells, Vol. 136, pp. 157-166, 2015."
179,Cu,TiO2,,,100,,1.5,nanorod,anatase-rutile,Visible,,,,0.1,Hydrothermal,500,5,Impregnation,500,5,5,50,,25,3.16,50339.00,"Kumar, D. P. et al., “Cu2O-Sensitized TiO2 Nanorods with Nanocavities for Highly Efficient Photocatalytic Hydrogen Production under Solar Irradiation”, Solar Energy Materials and Solar Cells, Vol. 136, pp. 157-166, 2015."
180,Cu,TiO2,,,100,,1.75,nanorod,anatase-rutile,Visible,,,,0.1,Hydrothermal,500,5,Impregnation,500,5,5,50,,25,3.16,38902.00,"Kumar, D. P. et al., “Cu2O-Sensitized TiO2 Nanorods with Nanocavities for Highly Efficient Photocatalytic Hydrogen Production under Solar Irradiation”, Solar Energy Materials and Solar Cells, Vol. 136, pp. 157-166, 2015."
181,Cu,TiO2,,,100,,2,nanorod,anatase-rutile,Visible,,,,0.1,Hydrothermal,500,5,Impregnation,500,5,5,50,,25,3.16,34095.00,"Kumar, D. P. et al., “Cu2O-Sensitized TiO2 Nanorods with Nanocavities for Highly Efficient Photocatalytic Hydrogen Production under Solar Irradiation”, Solar Energy Materials and Solar Cells, Vol. 136, pp. 157-166, 2015."
182,Cu,TiO2,,,100,,1,nanosheets,anatase,Visible,Xe,300,,0.5,Hydrothermal,350,2,Photodeposition,200,3,5,100,7,25,,57.55,"Zhang, M., R. Sun, Y. Li, Q. Shi, L. Xie, J. Chen, X. Xu, H. Shi and W. Zhao, “High H2 Evolution from Quantum Cu (II) Nanodot-Doped Two-Dimensional Ultrathin TiO2 Nanosheets with Dominant Exposed {001} Facets for Reforming Glycerol with Multiple Electron Transport Pathways”, The Journal of Physical Chemistry C, Vol. 120, No. 20, pp. 10746-10756, 2016."
183,Cu,TiO2,,,100,,1,nanosheets,anatase,Visible,Xe,300,,0.5,Hydrothermal,350,2,Photodeposition,350,3,5,100,7,25,,80.94,"Zhang, M., R. Sun, Y. Li, Q. Shi, L. Xie, J. Chen, X. Xu, H. Shi and W. Zhao, “High H2 Evolution from Quantum Cu (II) Nanodot-Doped Two-Dimensional Ultrathin TiO2 Nanosheets with Dominant Exposed {001} Facets for Reforming Glycerol with Multiple Electron Transport Pathways”, The Journal of Physical Chemistry C, Vol. 120, No. 20, pp. 10746-10756, 2016."
184,Cu,TiO2,,,100,,1,nanosheets,anatase,Visible,Xe,300,,0.5,Hydrothermal,350,2,Photodeposition,450,3,5,100,7,25,,220.00,"Zhang, M., R. Sun, Y. Li, Q. Shi, L. Xie, J. Chen, X. Xu, H. Shi and W. Zhao, “High H2 Evolution from Quantum Cu (II) Nanodot-Doped Two-Dimensional Ultrathin TiO2 Nanosheets with Dominant Exposed {001} Facets for Reforming Glycerol with Multiple Electron Transport Pathways”, The Journal of Physical Chemistry C, Vol. 120, No. 20, pp. 10746-10756, 2016."
185,Cu,TiO2,,,100,,0,nanosheets,anatase,Visible,Xe,300,,0.5,Hydrothermal,350,2,Photodeposition,450,3,5,100,7,25,,9.26,"Zhang, M., R. Sun, Y. Li, Q. Shi, L. Xie, J. Chen, X. Xu, H. Shi and W. Zhao, “High H2 Evolution from Quantum Cu (II) Nanodot-Doped Two-Dimensional Ultrathin TiO2 Nanosheets with Dominant Exposed {001} Facets for Reforming Glycerol with Multiple Electron Transport Pathways”, The Journal of Physical Chemistry C, Vol. 120, No. 20, pp. 10746-10756, 2016."
186,Cu,TiO2,,,100,,0.1,nanosheets,anatase,Visible,Xe,300,,0.5,Hydrothermal,350,2,Photodeposition,450,3,5,100,7,25,,23.70,"Zhang, M., R. Sun, Y. Li, Q. Shi, L. Xie, J. Chen, X. Xu, H. Shi and W. Zhao, “High H2 Evolution from Quantum Cu (II) Nanodot-Doped Two-Dimensional Ultrathin TiO2 Nanosheets with Dominant Exposed {001} Facets for Reforming Glycerol with Multiple Electron Transport Pathways”, The Journal of Physical Chemistry C, Vol. 120, No. 20, pp. 10746-10756, 2016."
187,Cu,TiO2,,,100,,0.5,nanosheets,anatase,Visible,Xe,300,,0.5,Hydrothermal,350,2,Photodeposition,450,3,5,100,7,25,,110.60,"Zhang, M., R. Sun, Y. Li, Q. Shi, L. Xie, J. Chen, X. Xu, H. Shi and W. Zhao, “High H2 Evolution from Quantum Cu (II) Nanodot-Doped Two-Dimensional Ultrathin TiO2 Nanosheets with Dominant Exposed {001} Facets for Reforming Glycerol with Multiple Electron Transport Pathways”, The Journal of Physical Chemistry C, Vol. 120, No. 20, pp. 10746-10756, 2016."
188,Cu,TiO2,,,100,,1.5,nanosheets,anatase,Visible,Xe,300,,0.5,Hydrothermal,350,2,Photodeposition,450,3,5,100,7,25,,165.12,"Zhang, M., R. Sun, Y. Li, Q. Shi, L. Xie, J. Chen, X. Xu, H. Shi and W. Zhao, “High H2 Evolution from Quantum Cu (II) Nanodot-Doped Two-Dimensional Ultrathin TiO2 Nanosheets with Dominant Exposed {001} Facets for Reforming Glycerol with Multiple Electron Transport Pathways”, The Journal of Physical Chemistry C, Vol. 120, No. 20, pp. 10746-10756, 2016."
189,Cu,TiO2,,,100,,2,nanosheets,anatase,Visible,Xe,300,,0.5,Hydrothermal,350,2,Photodeposition,450,3,5,100,7,25,,61.20,"Zhang, M., R. Sun, Y. Li, Q. Shi, L. Xie, J. Chen, X. Xu, H. Shi and W. Zhao, “High H2 Evolution from Quantum Cu (II) Nanodot-Doped Two-Dimensional Ultrathin TiO2 Nanosheets with Dominant Exposed {001} Facets for Reforming Glycerol with Multiple Electron Transport Pathways”, The Journal of Physical Chemistry C, Vol. 120, No. 20, pp. 10746-10756, 2016."
190,Cu,TiO2,,,100,,1.5,nanotube,anatase-rutile,Visible,,,,0.1,Hydrothermal,350,5,Impregnation,350,5,5,50,,25,,99823.00,"Kumar, D. P., M. V. Shankar, M. M. Kumari, G. Sadanandam, B. Srinivas and V. Durgakumari, “Nano-Size Effects on CuO/TiO2 Catalysts for Highly Efficient H2 Production under Solar Light Irradiation”, Chemical Communications, Vol. 49, No. 82, pp. 9443-9445, 2013."
191,Cu,TiO2,,,100,,0.1,nanotube,anatase-rutile,Visible,,,,0.1,Hydrothermal,350,5,Impregnation,350,5,5,50,,25,,15057.00,"Kumar, D. P., M. V. Shankar, M. M. Kumari, G. Sadanandam, B. Srinivas and V. Durgakumari, “Nano-Size Effects on CuO/TiO2 Catalysts for Highly Efficient H2 Production under Solar Light Irradiation”, Chemical Communications, Vol. 49, No. 82, pp. 9443-9445, 2013."
192,Cu,TiO2,,,100,,0.5,nanotube,anatase-rutile,Visible,,,,0.1,Hydrothermal,350,5,Impregnation,350,5,5,50,,25,,57500.00,"Kumar, D. P., M. V. Shankar, M. M. Kumari, G. Sadanandam, B. Srinivas and V. Durgakumari, “Nano-Size Effects on CuO/TiO2 Catalysts for Highly Efficient H2 Production under Solar Light Irradiation”, Chemical Communications, Vol. 49, No. 82, pp. 9443-9445, 2013."
193,Cu,TiO2,,,100,,1,nanotube,anatase-rutile,Visible,,,,0.1,Hydrothermal,350,5,Impregnation,350,5,5,50,,25,,78556.00,"Kumar, D. P., M. V. Shankar, M. M. Kumari, G. Sadanandam, B. Srinivas and V. Durgakumari, “Nano-Size Effects on CuO/TiO2 Catalysts for Highly Efficient H2 Production under Solar Light Irradiation”, Chemical Communications, Vol. 49, No. 82, pp. 9443-9445, 2013."
194,Cu,TiO2,,,100,,2,nanotube,anatase-rutile,Visible,,,,0.1,Hydrothermal,350,5,Impregnation,350,5,5,50,,25,,76902.00,"Kumar, D. P., M. V. Shankar, M. M. Kumari, G. Sadanandam, B. Srinivas and V. Durgakumari, “Nano-Size Effects on CuO/TiO2 Catalysts for Highly Efficient H2 Production under Solar Light Irradiation”, Chemical Communications, Vol. 49, No. 82, pp. 9443-9445, 2013."
195,Cu,TiO2,,,100,,2,hollow sphere,anatase,Visible,,,,2,Hydrothermal,,0,Impregnation,450,5,5,50,,25,2.25,16775.00,"Seadira, T. W. P., G. Sadanandam, T. Ntho, C. M. Masuku and M. S. Scurrell, “Preparation and Characterization of Metals Supported on Nanostructured TiO2 Hollow Spheres for Production of Hydrogen via Photocatalytic Reforming of Glycerol”, Applied Catalysis B: Environmental, Vol. 222, pp. 133-145, 2018."
196,Cu,TiO2,rGO,,96,,0.5,nanoparticle,anatase,Visible,,,,,Hydrothermal,,0,Impregnation,,0,5,50,,25,,38986.00,"Hafeez, H. Y., S. K. Lakhera, P. Karthik, M. Anpo and B. Neppolian, “Facile Construction of Ternary CuFe2O4-TiO2 Nanocomposite Supported Reduced Graphene Oxide (rGO) Photocatalysts for the Efficient Hydrogen Production”, Applied Surface Science, Vol. 449, pp. 772-779, 2018."
197,Cu,TiO2,rGO,,96,,0.5,nanoparticle,anatase,Visible,,,,,Hydrothermal,,0,Impregnation,,0,10,50,,25,,45236.00,"Hafeez, H. Y., S. K. Lakhera, P. Karthik, M. Anpo and B. Neppolian, “Facile Construction of Ternary CuFe2O4-TiO2 Nanocomposite Supported Reduced Graphene Oxide (rGO) Photocatalysts for the Efficient Hydrogen Production”, Applied Surface Science, Vol. 449, pp. 772-779, 2018."
198,Cu,TiO2,rGO,,96,,0.5,nanoparticle,anatase,Visible,,,,,Hydrothermal,,0,Impregnation,,0,15,50,,25,,46269.00,"Hafeez, H. Y., S. K. Lakhera, P. Karthik, M. Anpo and B. Neppolian, “Facile Construction of Ternary CuFe2O4-TiO2 Nanocomposite Supported Reduced Graphene Oxide (rGO) Photocatalysts for the Efficient Hydrogen Production”, Applied Surface Science, Vol. 449, pp. 772-779, 2018."
199,Cu,TiO2,rGO,,96,,0.5,nanoparticle,anatase,Visible,,,,,Hydrothermal,,0,Impregnation,,0,20,50,,25,,48000.00,"Hafeez, H. Y., S. K. Lakhera, P. Karthik, M. Anpo and B. Neppolian, “Facile Construction of Ternary CuFe2O4-TiO2 Nanocomposite Supported Reduced Graphene Oxide (rGO) Photocatalysts for the Efficient Hydrogen Production”, Applied Surface Science, Vol. 449, pp. 772-779, 2018."
200,Cu,TiO2,rGO,,96,,0.5,nanoparticle,anatase,Visible,,,,,Hydrothermal,,0,Impregnation,,0,25,50,,25,,46630.00,"Hafeez, H. Y., S. K. Lakhera, P. Karthik, M. Anpo and B. Neppolian, “Facile Construction of Ternary CuFe2O4-TiO2 Nanocomposite Supported Reduced Graphene Oxide (rGO) Photocatalysts for the Efficient Hydrogen Production”, Applied Surface Science, Vol. 449, pp. 772-779, 2018."
201,Cu,TiO2,rGO,,96,,0.5,nanoparticle,anatase,Visible,,,,,Hydrothermal,,0,Impregnation,,0,10,50,2,25,,10681.00,"Hafeez, H. Y., S. K. Lakhera, P. Karthik, M. Anpo and B. Neppolian, “Facile Construction of Ternary CuFe2O4-TiO2 Nanocomposite Supported Reduced Graphene Oxide (rGO) Photocatalysts for the Efficient Hydrogen Production”, Applied Surface Science, Vol. 449, pp. 772-779, 2018."
202,Cu,TiO2,rGO,,96,,0.5,nanoparticle,anatase,Visible,,,,,Hydrothermal,,0,Impregnation,,0,10,50,4,25,,13212.00,"Hafeez, H. Y., S. K. Lakhera, P. Karthik, M. Anpo and B. Neppolian, “Facile Construction of Ternary CuFe2O4-TiO2 Nanocomposite Supported Reduced Graphene Oxide (rGO) Photocatalysts for the Efficient Hydrogen Production”, Applied Surface Science, Vol. 449, pp. 772-779, 2018."
203,Cu,TiO2,rGO,,96,,0.5,nanoparticle,anatase,Visible,,,,,Hydrothermal,,0,Impregnation,,0,10,50,6,25,,48054.00,"Hafeez, H. Y., S. K. Lakhera, P. Karthik, M. Anpo and B. Neppolian, “Facile Construction of Ternary CuFe2O4-TiO2 Nanocomposite Supported Reduced Graphene Oxide (rGO) Photocatalysts for the Efficient Hydrogen Production”, Applied Surface Science, Vol. 449, pp. 772-779, 2018."
204,Cu,TiO2,rGO,,96,,0.5,nanoparticle,anatase,Visible,,,,,Hydrothermal,,0,Impregnation,,0,10,50,8,25,,23723.00,"Hafeez, H. Y., S. K. Lakhera, P. Karthik, M. Anpo and B. Neppolian, “Facile Construction of Ternary CuFe2O4-TiO2 Nanocomposite Supported Reduced Graphene Oxide (rGO) Photocatalysts for the Efficient Hydrogen Production”, Applied Surface Science, Vol. 449, pp. 772-779, 2018."
205,Cu,TiO2,rGO,,96,,0.5,nanoparticle,anatase,Visible,,,,,Hydrothermal,,0,Impregnation,,0,10,50,10,25,,19434.00,"Hafeez, H. Y., S. K. Lakhera, P. Karthik, M. Anpo and B. Neppolian, “Facile Construction of Ternary CuFe2O4-TiO2 Nanocomposite Supported Reduced Graphene Oxide (rGO) Photocatalysts for the Efficient Hydrogen Production”, Applied Surface Science, Vol. 449, pp. 772-779, 2018."
206,Cu,TiO2,rGO,,96,,0.5,nanoparticle,anatase,Visible,,,,0.4,Hydrothermal,,0,Impregnation,,0,10,50,,25,,3615.00,"Hafeez, H. Y., S. K. Lakhera, P. Karthik, M. Anpo and B. Neppolian, “Facile Construction of Ternary CuFe2O4-TiO2 Nanocomposite Supported Reduced Graphene Oxide (rGO) Photocatalysts for the Efficient Hydrogen Production”, Applied Surface Science, Vol. 449, pp. 772-779, 2018."
207,Cu,TiO2,rGO,,96,,0.5,nanoparticle,anatase,Visible,,,,0.8,Hydrothermal,,0,Impregnation,,0,10,50,,25,,4272.30,"Hafeez, H. Y., S. K. Lakhera, P. Karthik, M. Anpo and B. Neppolian, “Facile Construction of Ternary CuFe2O4-TiO2 Nanocomposite Supported Reduced Graphene Oxide (rGO) Photocatalysts for the Efficient Hydrogen Production”, Applied Surface Science, Vol. 449, pp. 772-779, 2018."
208,Cu,TiO2,rGO,,96,,0.5,nanoparticle,anatase,Visible,,,,1.2,Hydrothermal,,0,Impregnation,,0,10,50,,25,,18404.00,"Hafeez, H. Y., S. K. Lakhera, P. Karthik, M. Anpo and B. Neppolian, “Facile Construction of Ternary CuFe2O4-TiO2 Nanocomposite Supported Reduced Graphene Oxide (rGO) Photocatalysts for the Efficient Hydrogen Production”, Applied Surface Science, Vol. 449, pp. 772-779, 2018."
209,Cu,TiO2,rGO,,96,,0.5,nanoparticle,anatase,Visible,,,,1.6,Hydrothermal,,0,Impregnation,,0,10,50,,25,,60634.00,"Hafeez, H. Y., S. K. Lakhera, P. Karthik, M. Anpo and B. Neppolian, “Facile Construction of Ternary CuFe2O4-TiO2 Nanocomposite Supported Reduced Graphene Oxide (rGO) Photocatalysts for the Efficient Hydrogen Production”, Applied Surface Science, Vol. 449, pp. 772-779, 2018."
210,Cu,TiO2,rGO,,96,,0.5,nanoparticle,anatase,Visible,,,,2,Hydrothermal,,0,Impregnation,,0,10,50,,25,,47981.00,"Hafeez, H. Y., S. K. Lakhera, P. Karthik, M. Anpo and B. Neppolian, “Facile Construction of Ternary CuFe2O4-TiO2 Nanocomposite Supported Reduced Graphene Oxide (rGO) Photocatalysts for the Efficient Hydrogen Production”, Applied Surface Science, Vol. 449, pp. 772-779, 2018."
211,Cu,TiO2,rGO,,96,,0.5,nanoparticle,anatase,Visible,,,,2.4,Hydrothermal,,0,Impregnation,,0,10,50,,25,,32042.00,"Hafeez, H. Y., S. K. Lakhera, P. Karthik, M. Anpo and B. Neppolian, “Facile Construction of Ternary CuFe2O4-TiO2 Nanocomposite Supported Reduced Graphene Oxide (rGO) Photocatalysts for the Efficient Hydrogen Production”, Applied Surface Science, Vol. 449, pp. 772-779, 2018."
212,Cu,ZnO,,,100,,8,nanoparticle,,UV,,15,,1.25,,,0,Photodeposition,,0,7,40,,50,,72.00,"Suhag MH, Tateishi I, Furukawa M, Katsumata H, Khatun A, Kaneco S. Photocatalytic Biohydrogen Production Using ZnO from Aqueous Glycerol Solution with Aid of Simultaneous Cu Deposition. Journal of Composites Science 2023;7. https://doi.org/10.3390/jcs7090361."
213,Cu-N,TiO2,,,100,,,nanotube,anatase-rutile,UV,Hg,450,,2,,,0,sol-gel,450,4,10,10,,30,,1615.00,"Mohamed, R. M., M. W. Kadi and A. A. Ismail, “A Facile Synthesis of Mesoporous α- Fe2O3/TiO2 Nanocomposites for Hydrogen Evolution under Visible Light”, Ceramics International, Vol. 46, No. 10, pp. 15604-15612, 2020."
214,Fe,TiO2,,,100,,0.5,nanocomposite,anatase-rutile,Visible,,,,0.2,,,0,Impregnation,450,4,10,50,,,2.98,1493.30,"Sadanandam, G., D. K. Valluri and M. S. Scurrell, “Highly Stabilized Ag2O-Loaded Nano TiO2 for Hydrogen Production from Glycerol: Water Mixtures under Solar Light Irradiation”, International Journal of Hydrogen Energy, Vol. 42, No. 2, pp. 807-820, 2017."
215,Fe,TiO2,,,100,,1,nanocomposite,anatase-rutile,Visible,,,,0.2,,,0,Impregnation,450,4,10,50,,,2.91,2089.30,"Sadanandam, G., D. K. Valluri and M. S. Scurrell, “Highly Stabilized Ag2O-Loaded Nano TiO2 for Hydrogen Production from Glycerol: Water Mixtures under Solar Light Irradiation”, International Journal of Hydrogen Energy, Vol. 42, No. 2, pp. 807-820, 2017."
216,Fe,TiO2,,,100,,2,nanocomposite,anatase-rutile,Visible,,,,0.2,,,0,Impregnation,450,4,10,50,,,2.84,2820.00,"Sadanandam, G., D. K. Valluri and M. S. Scurrell, “Highly Stabilized Ag2O-Loaded Nano TiO2 for Hydrogen Production from Glycerol: Water Mixtures under Solar Light Irradiation”, International Journal of Hydrogen Energy, Vol. 42, No. 2, pp. 807-820, 2017."
217,Fe,TiO2,,,100,,3,nanocomposite,anatase-rutile,Visible,,,,0.2,,,0,Impregnation,450,4,10,50,,,2.78,2397.30,"Sadanandam, G., D. K. Valluri and M. S. Scurrell, “Highly Stabilized Ag2O-Loaded Nano TiO2 for Hydrogen Production from Glycerol: Water Mixtures under Solar Light Irradiation”, International Journal of Hydrogen Energy, Vol. 42, No. 2, pp. 807-820, 2017."
218,Fe,TiO2,,,100,,5,nanocomposite,anatase-rutile,Visible,,,,0.2,,,0,Impregnation,450,4,10,50,,,2.35,1687.50,"Sadanandam, G., D. K. Valluri and M. S. Scurrell, “Highly Stabilized Ag2O-Loaded Nano TiO2 for Hydrogen Production from Glycerol: Water Mixtures under Solar Light Irradiation”, International Journal of Hydrogen Energy, Vol. 42, No. 2, pp. 807-820, 2017."
219,Fe,TiO2,g-C3N4,,90,,0.5,nanocomposite,anatase-rutile,Visible,,,,0.2,impregnation,450,4,solid-state,,0,10,50,,,2.7,3599.50,"Sadanandam, G., D. K. Valluri and M. S. Scurrell, “Highly Stabilized Ag2O-Loaded Nano TiO2 for Hydrogen Production from Glycerol: Water Mixtures under Solar Light Irradiation”, International Journal of Hydrogen Energy, Vol. 42, No. 2, pp. 807-820, 2017."
220,Fe,TiO2,g-C3N4,,90,,1,nanocomposite,anatase-rutile,Visible,,,,0.2,impregnation,450,4,solid-state,,0,10,50,,,2.58,5200.00,"Sadanandam, G., D. K. Valluri and M. S. Scurrell, “Highly Stabilized Ag2O-Loaded Nano TiO2 for Hydrogen Production from Glycerol: Water Mixtures under Solar Light Irradiation”, International Journal of Hydrogen Energy, Vol. 42, No. 2, pp. 807-820, 2017."
221,Fe,TiO2,g-C3N4,,90,,2,nanocomposite,anatase-rutile,Visible,,,,0.2,impregnation,450,4,solid-state,,0,10,50,,,2.42,3980.30,"Sadanandam, G., D. K. Valluri and M. S. Scurrell, “Highly Stabilized Ag2O-Loaded Nano TiO2 for Hydrogen Production from Glycerol: Water Mixtures under Solar Light Irradiation”, International Journal of Hydrogen Energy, Vol. 42, No. 2, pp. 807-820, 2017."
222,Fe,TiO2,g-C3N4,,90,,3,nanocomposite,anatase-rutile,Visible,,,,0.2,impregnation,450,4,solid-state,,0,10,50,,,2.11,2899.30,"Sadanandam, G., D. K. Valluri and M. S. Scurrell, “Highly Stabilized Ag2O-Loaded Nano TiO2 for Hydrogen Production from Glycerol: Water Mixtures under Solar Light Irradiation”, International Journal of Hydrogen Energy, Vol. 42, No. 2, pp. 807-820, 2017."
223,Fe,TiO2,g-C3N4,,90,,5,nanocomposite,anatase-rutile,Visible,,,,0.2,impregnation,450,4,solid-state,,0,10,50,,,1.96,2088.50,"Sadanandam, G., D. K. Valluri and M. S. Scurrell, “Highly Stabilized Ag2O-Loaded Nano TiO2 for Hydrogen Production from Glycerol: Water Mixtures under Solar Light Irradiation”, International Journal of Hydrogen Energy, Vol. 42, No. 2, pp. 807-820, 2017."
224,Fe,TiO2,g-C3N4,,90,,1,nanocomposite,anatase-rutile,Visible,,,,0.2,impregnation,450,4,solid-state,,0,0,50,,,2.58,265.00,"Sadanandam, G., D. K. Valluri and M. S. Scurrell, “Highly Stabilized Ag2O-Loaded Nano TiO2 for Hydrogen Production from Glycerol: Water Mixtures under Solar Light Irradiation”, International Journal of Hydrogen Energy, Vol. 42, No. 2, pp. 807-820, 2017."
225,Fe,TiO2,g-C3N4,,90,,1,nanocomposite,anatase-rutile,Visible,,,,0.2,impregnation,450,4,solid-state,,0,1,50,,,2.58,1532.30,"Sadanandam, G., D. K. Valluri and M. S. Scurrell, “Highly Stabilized Ag2O-Loaded Nano TiO2 for Hydrogen Production from Glycerol: Water Mixtures under Solar Light Irradiation”, International Journal of Hydrogen Energy, Vol. 42, No. 2, pp. 807-820, 2017."
226,Fe,TiO2,g-C3N4,,90,,1,nanocomposite,anatase-rutile,Visible,,,,0.2,impregnation,450,4,solid-state,,0,5,50,,,2.58,4239.60,"Sadanandam, G., D. K. Valluri and M. S. Scurrell, “Highly Stabilized Ag2O-Loaded Nano TiO2 for Hydrogen Production from Glycerol: Water Mixtures under Solar Light Irradiation”, International Journal of Hydrogen Energy, Vol. 42, No. 2, pp. 807-820, 2017."
227,Fe,TiO2,g-C3N4,,90,,1,nanocomposite,anatase-rutile,Visible,,,,0.2,impregnation,450,4,solid-state,,0,20,50,,,2.58,3986.20,"Sadanandam, G., D. K. Valluri and M. S. Scurrell, “Highly Stabilized Ag2O-Loaded Nano TiO2 for Hydrogen Production from Glycerol: Water Mixtures under Solar Light Irradiation”, International Journal of Hydrogen Energy, Vol. 42, No. 2, pp. 807-820, 2017."
228,Fe,TiO2,g-C3N4,,90,,1,nanocomposite,anatase-rutile,Visible,,,,0.2,impregnation,450,4,solid-state,,0,30,50,,,2.58,3087.60,"Sadanandam, G., D. K. Valluri and M. S. Scurrell, “Highly Stabilized Ag2O-Loaded Nano TiO2 for Hydrogen Production from Glycerol: Water Mixtures under Solar Light Irradiation”, International Journal of Hydrogen Energy, Vol. 42, No. 2, pp. 807-820, 2017."
229,Fe,TiO2,g-C3N4,,90,,1,nanocomposite,anatase-rutile,Visible,,,,0.1,impregnation,450,4,solid-state,,0,10,50,,,2.58,4501.20,"Sadanandam, G., D. K. Valluri and M. S. Scurrell, “Highly Stabilized Ag2O-Loaded Nano TiO2 for Hydrogen Production from Glycerol: Water Mixtures under Solar Light Irradiation”, International Journal of Hydrogen Energy, Vol. 42, No. 2, pp. 807-820, 2017."
230,Fe,TiO2,g-C3N4,,90,,1,nanocomposite,anatase-rutile,Visible,,,,0.4,impregnation,450,4,solid-state,,0,10,50,,,2.58,3526.70,"Sadanandam, G., D. K. Valluri and M. S. Scurrell, “Highly Stabilized Ag2O-Loaded Nano TiO2 for Hydrogen Production from Glycerol: Water Mixtures under Solar Light Irradiation”, International Journal of Hydrogen Energy, Vol. 42, No. 2, pp. 807-820, 2017."
231,Fe,TiO2,g-C3N4,,90,,1,nanocomposite,anatase-rutile,Visible,,,,1,impregnation,450,4,solid-state,,0,10,50,,,2.58,2505.80,"Sadanandam, G., D. K. Valluri and M. S. Scurrell, “Highly Stabilized Ag2O-Loaded Nano TiO2 for Hydrogen Production from Glycerol: Water Mixtures under Solar Light Irradiation”, International Journal of Hydrogen Energy, Vol. 42, No. 2, pp. 807-820, 2017."
232,La,TiO2,,,100,,3,nanoparticle,anatase,Visible,Xe,35,,0.83,,,0,sol-gel,500,3,10,120,,25,3.17,7895.00,"Ribao, P., M. A. Esteves, V. R. Fernandes, M. J. Rivero, C. M. Rangel and I. Ortiz, “Challenges Arising from the Use of TiO2/rGO/Pt Photocatalysts to Produce Hydrogen from Crude Glycerol Compared to Synthetic Glycerol”, International Journal of Hydrogen Energy, Vol. 44, No. 53, pp. 28494-28506, 2019."
233,La,TiO2,,,100,,5,nanoparticle,anatase,Visible,Xe,35,,0.83,,,0,sol-gel,500,3,10,120,,25,3.17,11256.00,"Ribao, P., M. A. Esteves, V. R. Fernandes, M. J. Rivero, C. M. Rangel and I. Ortiz, “Challenges Arising from the Use of TiO2/rGO/Pt Photocatalysts to Produce Hydrogen from Crude Glycerol Compared to Synthetic Glycerol”, International Journal of Hydrogen Energy, Vol. 44, No. 53, pp. 28494-28506, 2019."
234,La,TiO2,,,100,,7,nanoparticle,anatase,Visible,Xe,35,,0.83,,,0,sol-gel,500,3,10,120,,25,3.17,9796.00,"Ribao, P., M. A. Esteves, V. R. Fernandes, M. J. Rivero, C. M. Rangel and I. Ortiz, “Challenges Arising from the Use of TiO2/rGO/Pt Photocatalysts to Produce Hydrogen from Crude Glycerol Compared to Synthetic Glycerol”, International Journal of Hydrogen Energy, Vol. 44, No. 53, pp. 28494-28506, 2019."
235,La,TiO2,CNT,,95,,3,nanoparticle,anatase,Visible,Xe,35,,0.83,,,0,sol-gel,500,3,10,120,,25,2.98,11256.00,"Ribao, P., M. A. Esteves, V. R. Fernandes, M. J. Rivero, C. M. Rangel and I. Ortiz, “Challenges Arising from the Use of TiO2/rGO/Pt Photocatalysts to Produce Hydrogen from Crude Glycerol Compared to Synthetic Glycerol”, International Journal of Hydrogen Energy, Vol. 44, No. 53, pp. 28494-28506, 2019."
236,La,TiO2,CNT,,95,,5,nanoparticle,anatase,Visible,Xe,35,,0.83,,,0,sol-gel,500,3,10,120,,25,2.98,15100.00,"Ribao, P., M. A. Esteves, V. R. Fernandes, M. J. Rivero, C. M. Rangel and I. Ortiz, “Challenges Arising from the Use of TiO2/rGO/Pt Photocatalysts to Produce Hydrogen from Crude Glycerol Compared to Synthetic Glycerol”, International Journal of Hydrogen Energy, Vol. 44, No. 53, pp. 28494-28506, 2019."
237,La,TiO2,CNT,,95,,7,nanoparticle,anatase,Visible,Xe,35,,0.83,,,0,sol-gel,500,3,10,120,,25,2.98,17265.00,"Ribao, P., M. A. Esteves, V. R. Fernandes, M. J. Rivero, C. M. Rangel and I. Ortiz, “Challenges Arising from the Use of TiO2/rGO/Pt Photocatalysts to Produce Hydrogen from Crude Glycerol Compared to Synthetic Glycerol”, International Journal of Hydrogen Energy, Vol. 44, No. 53, pp. 28494-28506, 2019."
238,La,ZnO,,,100,,,nanoparticle,,Visible,Xe,300,365,0.3,,,0,,,0,10,80,,,,145900.00,"Stelmachowski, M., K. Bednarczyk and M. Gmurek, “An Experimental Study of the Photocatalytic Hydrogen Production in the Laboratory-Scale Set-Up Depending on the Process Conditions”, WIT Transactions on Ecology and the Environment, Vol. 224, pp. 339-348, 2017."
239,La,ZnO,CNT,,94,,,nanocomposite,,Visible,Xe,300,365,0.3,,,0,Sol-gel,700,3,10,80,,,,184800.00,"Stelmachowski, M., K. Bednarczyk and M. Gmurek, “An Experimental Study of the Photocatalytic Hydrogen Production in the Laboratory-Scale Set-Up Depending on the Process Conditions”, WIT Transactions on Ecology and the Environment, Vol. 224, pp. 339-348, 2017."
240,Nd2O3,La0.2Na0.98TaO3,,,100,,0.2,nanoparticle,,UV,Xe,500,,0.25,sol-gel,450,4,Impregnation,400,3,10,200,,25,3.91,0.48,"Gullapelli, S. M. S. Scurrell and D. K. Valluri, “Photocatalytic H2 Production from Glycerol–Water Mixtures over Ni/γ-Al2O3 and TiO2 Composite Systems”, International Journal of Hydrogen Energy, Vol. 42, No. 22, pp. 15031-15043, 2017."
241,Nd2O3,La0.2Na0.98TaO3,,,100,,0.4,nanoparticle,,UV,Xe,500,,0.25,sol-gel,450,4,Impregnation,400,3,10,200,,25,3.75,112.10,"Gullapelli, S. M. S. Scurrell and D. K. Valluri, “Photocatalytic H2 Production from Glycerol–Water Mixtures over Ni/γ-Al2O3 and TiO2 Composite Systems”, International Journal of Hydrogen Energy, Vol. 42, No. 22, pp. 15031-15043, 2017."
242,Nd2O3,La0.2Na0.98TaO3,,,100,,0.6,nanoparticle,,UV,Xe,500,,0.25,sol-gel,450,4,Impregnation,400,3,10,200,,25,3.62,195.00,"Gullapelli, S. M. S. Scurrell and D. K. Valluri, “Photocatalytic H2 Production from Glycerol–Water Mixtures over Ni/γ-Al2O3 and TiO2 Composite Systems”, International Journal of Hydrogen Energy, Vol. 42, No. 22, pp. 15031-15043, 2017."
243,Nd2O3,La0.2Na0.98TaO3,,,100,,0.8,nanoparticle,,UV,Xe,500,,0.25,sol-gel,450,4,Impregnation,400,3,10,200,,25,3.62,196.71,"Gullapelli, S. M. S. Scurrell and D. K. Valluri, “Photocatalytic H2 Production from Glycerol–Water Mixtures over Ni/γ-Al2O3 and TiO2 Composite Systems”, International Journal of Hydrogen Energy, Vol. 42, No. 22, pp. 15031-15043, 2017."
244,Ni,TiO2,gamma-Al2O3,CNT,90,,5,nanocomposite,anatase-rutile,Visible,,,,0.2,,,0,solid-state,,0,5,50,,25,3.06,2040.20,"Kumar, M. K., J. Y. Do, P. A. K. Reddy and M. Kang, “Natural Solar Light-Driven Preparation of Plasmonic Resonance-based Alloy and Core-Shell Catalyst for Sustainable Enhanced Hydrogen Production: Green Approach and Characterization”, Applied Catalysis B: Environmental, Vol. 231, pp. 137-150, 2018."
245,Ni,TiO2,gamma-Al2O3,CNT,90,,10,nanocomposite,anatase-rutile,Visible,,,,0.2,,,0,solid-state,,0,5,50,,25,2.96,3397.60,"Kumar, M. K., J. Y. Do, P. A. K. Reddy and M. Kang, “Natural Solar Light-Driven Preparation of Plasmonic Resonance-based Alloy and Core-Shell Catalyst for Sustainable Enhanced Hydrogen Production: Green Approach and Characterization”, Applied Catalysis B: Environmental, Vol. 231, pp. 137-150, 2018."
246,Ni,TiO2,gamma-Al2O3,CNT,90,,,nanocomposite,anatase-rutile,Visible,,,,0.2,,,0,solid-state,,0,5,50,,25,2.94,2987.80,"Kumar, M. K., J. Y. Do, P. A. K. Reddy and M. Kang, “Natural Solar Light-Driven Preparation of Plasmonic Resonance-based Alloy and Core-Shell Catalyst for Sustainable Enhanced Hydrogen Production: Green Approach and Characterization”, Applied Catalysis B: Environmental, Vol. 231, pp. 137-150, 2018."
247,Ni,TiO2,gamma-Al2O3,CNT,90,,,nanocomposite,anatase-rutile,Visible,,,,0.2,,,0,solid-state,,0,5,50,,25,2.92,2595.10,"Kumar, M. K., J. Y. Do, P. A. K. Reddy and M. Kang, “Natural Solar Light-Driven Preparation of Plasmonic Resonance-based Alloy and Core-Shell Catalyst for Sustainable Enhanced Hydrogen Production: Green Approach and Characterization”, Applied Catalysis B: Environmental, Vol. 231, pp. 137-150, 2018."
248,Ni,TiO2,gamma-Al2O3,CNT,90,,,nanocomposite,anatase-rutile,Visible,,,,0.2,,,0,solid-state,,0,5,50,,25,2.88,2390.20,"Kumar, M. K., J. Y. Do, P. A. K. Reddy and M. Kang, “Natural Solar Light-Driven Preparation of Plasmonic Resonance-based Alloy and Core-Shell Catalyst for Sustainable Enhanced Hydrogen Production: Green Approach and Characterization”, Applied Catalysis B: Environmental, Vol. 231, pp. 137-150, 2018."
249,Ni,TiO2,,,100,,2,hollow sphere,anatase,Visible,,,,2,Hydrothermal,,0,Impregnation,450,5,5,50,,25,2.8,1473.00,"Seadira, T. W. P., G. Sadanandam, T. Ntho, C. M. Masuku and M. S. Scurrell, “Preparation and Characterization of Metals Supported on Nanostructured TiO2 Hollow Spheres for Production of Hydrogen via Photocatalytic Reforming of Glycerol”, Applied Catalysis B: Environmental, Vol. 222, pp. 133-145, 2018."
250,Ni,TiO2,gamma-Al2O3,,,,5,nanocomposite,anatase-rutile,Visible,,,,0.2,,,0,Impregnation,500,5,5,50,,25,,165.30,"Kumar, M. K., J. Y. Do, P. A. K. Reddy and M. Kang, “Natural Solar Light-Driven Preparation of Plasmonic Resonance-based Alloy and Core-Shell Catalyst for Sustainable Enhanced Hydrogen Production: Green Approach and Characterization”, Applied Catalysis B: Environmental, Vol. 231, pp. 137-150, 2018."
251,Ni,TiO2,gamma-Al2O3,,,,10,nanocomposite,anatase-rutile,Visible,,,,0.2,,,0,Impregnation,500,5,5,50,,25,,389.40,"Kumar, M. K., J. Y. Do, P. A. K. Reddy and M. Kang, “Natural Solar Light-Driven Preparation of Plasmonic Resonance-based Alloy and Core-Shell Catalyst for Sustainable Enhanced Hydrogen Production: Green Approach and Characterization”, Applied Catalysis B: Environmental, Vol. 231, pp. 137-150, 2018."
252,Ni,TiO2,gamma-Al2O3,,,,,nanocomposite,anatase-rutile,Visible,,,,0.2,,,0,Impregnation,500,5,5,50,,25,,294.50,"Kumar, M. K., J. Y. Do, P. A. K. Reddy and M. Kang, “Natural Solar Light-Driven Preparation of Plasmonic Resonance-based Alloy and Core-Shell Catalyst for Sustainable Enhanced Hydrogen Production: Green Approach and Characterization”, Applied Catalysis B: Environmental, Vol. 231, pp. 137-150, 2018."
253,Ni,TiO2,gamma-Al2O3,,,,,nanocomposite,anatase-rutile,Visible,,,,0.2,,,0,Impregnation,500,5,5,50,,25,,223.30,"Kumar, M. K., J. Y. Do, P. A. K. Reddy and M. Kang, “Natural Solar Light-Driven Preparation of Plasmonic Resonance-based Alloy and Core-Shell Catalyst for Sustainable Enhanced Hydrogen Production: Green Approach and Characterization”, Applied Catalysis B: Environmental, Vol. 231, pp. 137-150, 2018."
254,Ni,TiO2,gamma-Al2O3,,,,,nanocomposite,anatase-rutile,Visible,,,,0.2,,,0,Impregnation,500,5,5,50,,25,,145.00,"Kumar, M. K., J. Y. Do, P. A. K. Reddy and M. Kang, “Natural Solar Light-Driven Preparation of Plasmonic Resonance-based Alloy and Core-Shell Catalyst for Sustainable Enhanced Hydrogen Production: Green Approach and Characterization”, Applied Catalysis B: Environmental, Vol. 231, pp. 137-150, 2018."
255,Ni,TiO2,gamma-Al2O3,,,,,nanocomposite,anatase-rutile,Visible,,,,0.1,,,0,Impregnation,500,5,5,50,,25,,370.20,"Kumar, M. K., J. Y. Do, P. A. K. Reddy and M. Kang, “Natural Solar Light-Driven Preparation of Plasmonic Resonance-based Alloy and Core-Shell Catalyst for Sustainable Enhanced Hydrogen Production: Green Approach and Characterization”, Applied Catalysis B: Environmental, Vol. 231, pp. 137-150, 2018."
256,Ni,TiO2,gamma-Al2O3,,,,,nanocomposite,anatase-rutile,Visible,,,,0.5,,,0,Impregnation,500,5,5,50,,25,,300.80,"Kumar, M. K., J. Y. Do, P. A. K. Reddy and M. Kang, “Natural Solar Light-Driven Preparation of Plasmonic Resonance-based Alloy and Core-Shell Catalyst for Sustainable Enhanced Hydrogen Production: Green Approach and Characterization”, Applied Catalysis B: Environmental, Vol. 231, pp. 137-150, 2018."
257,Ni,TiO2,gamma-Al2O3,,,,,nanocomposite,anatase-rutile,Visible,,,,1,,,0,Impregnation,500,5,5,50,,25,,261.20,"Kumar, M. K., J. Y. Do, P. A. K. Reddy and M. Kang, “Natural Solar Light-Driven Preparation of Plasmonic Resonance-based Alloy and Core-Shell Catalyst for Sustainable Enhanced Hydrogen Production: Green Approach and Characterization”, Applied Catalysis B: Environmental, Vol. 231, pp. 137-150, 2018."
258,Ni,TiO2,gamma-Al2O3,,,,,nanocomposite,anatase-rutile,Visible,,,,2,,,0,Impregnation,500,5,5,50,,25,,199.20,"Kumar, M. K., J. Y. Do, P. A. K. Reddy and M. Kang, “Natural Solar Light-Driven Preparation of Plasmonic Resonance-based Alloy and Core-Shell Catalyst for Sustainable Enhanced Hydrogen Production: Green Approach and Characterization”, Applied Catalysis B: Environmental, Vol. 231, pp. 137-150, 2018."
259,Ni,TiO2,gamma-Al2O3,,90,,5,nanocomposite,anatase-rutile,Visible,,,,0.2,,,0,solid-state,,0,5,50,,25,3.09,1192.10,"Kumar, M. K., J. Y. Do, P. A. K. Reddy and M. Kang, “Natural Solar Light-Driven Preparation of Plasmonic Resonance-based Alloy and Core-Shell Catalyst for Sustainable Enhanced Hydrogen Production: Green Approach and Characterization”, Applied Catalysis B: Environmental, Vol. 231, pp. 137-150, 2018."
260,Ni,TiO2,gamma-Al2O3,,90,,10,nanocomposite,anatase-rutile,Visible,,,,0.2,,,0,solid-state,,0,5,50,,25,3.05,1418.30,"Kumar, M. K., J. Y. Do, P. A. K. Reddy and M. Kang, “Natural Solar Light-Driven Preparation of Plasmonic Resonance-based Alloy and Core-Shell Catalyst for Sustainable Enhanced Hydrogen Production: Green Approach and Characterization”, Applied Catalysis B: Environmental, Vol. 231, pp. 137-150, 2018."
261,Ni,TiO2,gamma-Al2O3,,90,,,nanocomposite,anatase-rutile,Visible,,,,0.2,,,0,solid-state,,0,5,50,,25,3.02,1705.30,"Kumar, M. K., J. Y. Do, P. A. K. Reddy and M. Kang, “Natural Solar Light-Driven Preparation of Plasmonic Resonance-based Alloy and Core-Shell Catalyst for Sustainable Enhanced Hydrogen Production: Green Approach and Characterization”, Applied Catalysis B: Environmental, Vol. 231, pp. 137-150, 2018."
262,Ni,TiO2,gamma-Al2O3,,90,,,nanocomposite,anatase-rutile,Visible,,,,0.2,,,0,solid-state,,0,5,50,,25,3,2036.40,"Kumar, M. K., J. Y. Do, P. A. K. Reddy and M. Kang, “Natural Solar Light-Driven Preparation of Plasmonic Resonance-based Alloy and Core-Shell Catalyst for Sustainable Enhanced Hydrogen Production: Green Approach and Characterization”, Applied Catalysis B: Environmental, Vol. 231, pp. 137-150, 2018."
263,Ni,TiO2,gamma-Al2O3,,90,,,nanocomposite,anatase-rutile,Visible,,,,0.2,,,0,solid-state,,0,5,50,,25,2.94,2400.70,"Kumar, M. K., J. Y. Do, P. A. K. Reddy and M. Kang, “Natural Solar Light-Driven Preparation of Plasmonic Resonance-based Alloy and Core-Shell Catalyst for Sustainable Enhanced Hydrogen Production: Green Approach and Characterization”, Applied Catalysis B: Environmental, Vol. 231, pp. 137-150, 2018."
264,Ni,gamma-Al2O3,CNT,,,,5,nanocomposite,,Visible,,,,0.2,,,0,steam reforming,,0,5,50,,25,,165.90,"Kumar, M. K., J. Y. Do, P. A. K. Reddy and M. Kang, “Natural Solar Light-Driven Preparation of Plasmonic Resonance-based Alloy and Core-Shell Catalyst for Sustainable Enhanced Hydrogen Production: Green Approach and Characterization”, Applied Catalysis B: Environmental, Vol. 231, pp. 137-150, 2018."
265,Ni,gamma-Al2O3,CNT,,,,10,nanocomposite,,Visible,,,,0.2,,,0,steam reforming,,0,5,50,,25,,295.10,"Kumar, M. K., J. Y. Do, P. A. K. Reddy and M. Kang, “Natural Solar Light-Driven Preparation of Plasmonic Resonance-based Alloy and Core-Shell Catalyst for Sustainable Enhanced Hydrogen Production: Green Approach and Characterization”, Applied Catalysis B: Environmental, Vol. 231, pp. 137-150, 2018."
266,Ni,gamma-Al2O3,CNT,,,,,nanocomposite,,Visible,,,,0.2,,,0,steam reforming,,0,5,50,,25,,204.90,"Kumar, M. K., J. Y. Do, P. A. K. Reddy and M. Kang, “Natural Solar Light-Driven Preparation of Plasmonic Resonance-based Alloy and Core-Shell Catalyst for Sustainable Enhanced Hydrogen Production: Green Approach and Characterization”, Applied Catalysis B: Environmental, Vol. 231, pp. 137-150, 2018."
267,Ni,gamma-Al2O3,CNT,,,,,nanocomposite,,Visible,,,,0.2,,,0,steam reforming,,0,5,50,,25,,165.90,"Kumar, M. K., J. Y. Do, P. A. K. Reddy and M. Kang, “Natural Solar Light-Driven Preparation of Plasmonic Resonance-based Alloy and Core-Shell Catalyst for Sustainable Enhanced Hydrogen Production: Green Approach and Characterization”, Applied Catalysis B: Environmental, Vol. 231, pp. 137-150, 2018."
268,Ni,gamma-Al2O3,CNT,,,,,nanocomposite,,Visible,,,,0.2,,,0,steam reforming,,0,5,50,,25,,144.80,"Zhao H, Wang C, Zhong W, Peng S, Shu R, Tian Z, et al. Insights into morphology-dependent Au/TiO2catalyst in glycerol aqueous solutions towards photothermal reforming hydrogen production. International Journal of Hydrogen Energy 2023;48. https://doi.org/10.1016/j.ijhydene.2022.12.213."
269,Ni,CdS,,,100,,3.25,nanocrystal,,Visible,Hg,500,400,0.04,,,0,Precipitation,,0,24,10,6,25,2.69,74600.00,"Sang, H. X., X. T. Wang, C. C. Fan and F. Wang, “Enhanced Photocatalytic H2 Production from Glycerol Solution over ZnO/ZnS Core/Shell Nanorods Prepared by a Low Temperature Route”, International Journal of Hydrogen Energy, Vol. 37, No. 2, pp. 1348-1355, 2012."
270,Ni,TiO2,,,100,,0.4,nanoparticle,anatase-rutile,UV,,100,365,0.33,,550,2,Precipitation,300,2,10,20,,25,,18380.00,"Chen, W. T., A. G. Dosado, A. Chan, D. S. Waterhouse and G. I. N. Waterhouse, “Highly Reactive Anatase Nanorod Photocatalysts Synthesized by Calcination of Hydrogen Titanate Nanotubes: Effect of Calcination Conditions on Photocatalytic Performance for Aqueous Dye Degradation and H2 Production in Alcohol-Water Mixtures”, Applied Catalysis A: General, Vol. 565, pp. 98-118, 2018."
271,Ni,TiO2,,,100,,0.5,nanoparticle,anatase-rutile,UV,,100,365,0.33,,550,2,Precipitation,300,2,10,20,,25,3.15,26000.00,"Chen, W. T., A. G. Dosado, A. Chan, D. S. Waterhouse and G. I. N. Waterhouse, “Highly Reactive Anatase Nanorod Photocatalysts Synthesized by Calcination of Hydrogen Titanate Nanotubes: Effect of Calcination Conditions on Photocatalytic Performance for Aqueous Dye Degradation and H2 Production in Alcohol-Water Mixtures”, Applied Catalysis A: General, Vol. 565, pp. 98-118, 2018."
272,Ni,TiO2,,,100,,0.75,nanoparticle,anatase-rutile,UV,,100,365,0.33,,550,2,Precipitation,300,2,10,20,,25,,19428.00,"Chen, W. T., A. G. Dosado, A. Chan, D. S. Waterhouse and G. I. N. Waterhouse, “Highly Reactive Anatase Nanorod Photocatalysts Synthesized by Calcination of Hydrogen Titanate Nanotubes: Effect of Calcination Conditions on Photocatalytic Performance for Aqueous Dye Degradation and H2 Production in Alcohol-Water Mixtures”, Applied Catalysis A: General, Vol. 565, pp. 98-118, 2018."
273,Ni,TiO2,,,100,,1,nanoparticle,anatase-rutile,UV,,100,365,0.33,,550,2,Precipitation,300,2,10,20,,25,,17387.00,"Chen, W. T., A. G. Dosado, A. Chan, D. S. Waterhouse and G. I. N. Waterhouse, “Highly Reactive Anatase Nanorod Photocatalysts Synthesized by Calcination of Hydrogen Titanate Nanotubes: Effect of Calcination Conditions on Photocatalytic Performance for Aqueous Dye Degradation and H2 Production in Alcohol-Water Mixtures”, Applied Catalysis A: General, Vol. 565, pp. 98-118, 2018."
274,Ni,TiO2,,,100,,0.5,nanoparticle,anatase-rutile,UV,,100,365,0.33,,550,2,Precipitation,300,2,15,20,,25,3.15,23600.00,"Chen, W. T., A. G. Dosado, A. Chan, D. S. Waterhouse and G. I. N. Waterhouse, “Highly Reactive Anatase Nanorod Photocatalysts Synthesized by Calcination of Hydrogen Titanate Nanotubes: Effect of Calcination Conditions on Photocatalytic Performance for Aqueous Dye Degradation and H2 Production in Alcohol-Water Mixtures”, Applied Catalysis A: General, Vol. 565, pp. 98-118, 2018."
275,Ni,TiO2,,,100,,0.5,nanoparticle,anatase-rutile,UV,,100,365,0.33,,550,2,Precipitation,300,2,30,20,,25,3.15,19231.00,"Chen, W. T., A. G. Dosado, A. Chan, D. S. Waterhouse and G. I. N. Waterhouse, “Highly Reactive Anatase Nanorod Photocatalysts Synthesized by Calcination of Hydrogen Titanate Nanotubes: Effect of Calcination Conditions on Photocatalytic Performance for Aqueous Dye Degradation and H2 Production in Alcohol-Water Mixtures”, Applied Catalysis A: General, Vol. 565, pp. 98-118, 2018."
276,Ni,TiO2,,,100,,0.5,nanoparticle,anatase-rutile,UV,,100,365,0.33,,550,2,Precipitation,300,2,60,20,,25,3.15,15382.00,"Chen, W. T., A. G. Dosado, A. Chan, D. S. Waterhouse and G. I. N. Waterhouse, “Highly Reactive Anatase Nanorod Photocatalysts Synthesized by Calcination of Hydrogen Titanate Nanotubes: Effect of Calcination Conditions on Photocatalytic Performance for Aqueous Dye Degradation and H2 Production in Alcohol-Water Mixtures”, Applied Catalysis A: General, Vol. 565, pp. 98-118, 2018."
277,Ni,TiO2,,,100,,0.5,nanoparticle,anatase-rutile,UV,,100,365,0.33,,550,2,Precipitation,300,2,80,20,,25,3.15,10000.00,"Chen, W. T., A. G. Dosado, A. Chan, D. S. Waterhouse and G. I. N. Waterhouse, “Highly Reactive Anatase Nanorod Photocatalysts Synthesized by Calcination of Hydrogen Titanate Nanotubes: Effect of Calcination Conditions on Photocatalytic Performance for Aqueous Dye Degradation and H2 Production in Alcohol-Water Mixtures”, Applied Catalysis A: General, Vol. 565, pp. 98-118, 2018."
278,Ni,TiO2,,,100,,0.5,nanoparticle,anatase-rutile,UV,,100,365,0.33,,550,2,Precipitation,300,2,100,20,,25,3.15,1338.00,"Chen, W. T., A. G. Dosado, A. Chan, D. S. Waterhouse and G. I. N. Waterhouse, “Highly Reactive Anatase Nanorod Photocatalysts Synthesized by Calcination of Hydrogen Titanate Nanotubes: Effect of Calcination Conditions on Photocatalytic Performance for Aqueous Dye Degradation and H2 Production in Alcohol-Water Mixtures”, Applied Catalysis A: General, Vol. 565, pp. 98-118, 2018."
279,Ni,TiO2,,,100,,0.5,nanoparticle,anatase,UV,,100,365,0.33,,550,2,Precipitation,300,2,10,20,,25,3.15,16513.00,"Chen, W. T., A. G. Dosado, A. Chan, D. S. Waterhouse and G. I. N. Waterhouse, “Highly Reactive Anatase Nanorod Photocatalysts Synthesized by Calcination of Hydrogen Titanate Nanotubes: Effect of Calcination Conditions on Photocatalytic Performance for Aqueous Dye Degradation and H2 Production in Alcohol-Water Mixtures”, Applied Catalysis A: General, Vol. 565, pp. 98-118, 2018."
280,Ni,TiO2,,,100,,0.5,nanoparticle,rutile,UV,,100,365,0.33,,550,2,Precipitation,300,2,10,20,,25,3.15,7697.00,"Chen, W. T., A. G. Dosado, A. Chan, D. S. Waterhouse and G. I. N. Waterhouse, “Highly Reactive Anatase Nanorod Photocatalysts Synthesized by Calcination of Hydrogen Titanate Nanotubes: Effect of Calcination Conditions on Photocatalytic Performance for Aqueous Dye Degradation and H2 Production in Alcohol-Water Mixtures”, Applied Catalysis A: General, Vol. 565, pp. 98-118, 2018."
281,Ni,TiO2,,,100,,0.5,nanoparticle,anatase-rutile,UV,,100,365,0.33,,550,2,Precipitation,300,2,10,20,,25,3.15,14474.00,"Chen, W. T., A. G. Dosado, A. Chan, D. S. Waterhouse and G. I. N. Waterhouse, “Highly Reactive Anatase Nanorod Photocatalysts Synthesized by Calcination of Hydrogen Titanate Nanotubes: Effect of Calcination Conditions on Photocatalytic Performance for Aqueous Dye Degradation and H2 Production in Alcohol-Water Mixtures”, Applied Catalysis A: General, Vol. 565, pp. 98-118, 2018."
282,Ni-N,TiO2,,,100,,,nanotube,anatase-rutile,UV,Hg,450,,2,,,0,sol-gel,450,4,10,10,,30,,506.00,"Mohamed, R. M., M. W. Kadi and A. A. Ismail, “A Facile Synthesis of Mesoporous α- Fe2O3/TiO2 Nanocomposites for Hydrogen Evolution under Visible Light”, Ceramics International, Vol. 46, No. 10, pp. 15604-15612, 2020."
283,NiSe2,TiO2,,,100,,5,nanocomposite,anatase,Visible,Hg-Xe,450,,,sol-gel,,0,Impregnation,,0,10,50,,,,56100.00,"Jayachitra S, Mahendiran D, Ravi P, Murugan P, Sathish M. Highly conductive NiSe2 nanoparticle as a co-catalyst over TiO2 for enhanced photocatalytic hydrogen production. Applied Catalysis B: Environmental 2022;307. https://doi.org/10.1016/j.apcatb.2022.121168"
284,NiSe2,TiO2,,,100,,10,nanocomposite,anatase,Visible,Hg-Xe,450,,,sol-gel,,0,Impregnation,,0,10,50,,,,112500.00,"Jayachitra S, Mahendiran D, Ravi P, Murugan P, Sathish M. Highly conductive NiSe2 nanoparticle as a co-catalyst over TiO2 for enhanced photocatalytic hydrogen production. Applied Catalysis B: Environmental 2022;307. https://doi.org/10.1016/j.apcatb.2022.121168"
285,NiSe2,TiO2,,,100,,,nanocomposite,anatase,Visible,Hg-Xe,450,,,sol-gel,,0,Impregnation,,0,10,50,,,,148600.00,"Jayachitra S, Mahendiran D, Ravi P, Murugan P, Sathish M. Highly conductive NiSe2 nanoparticle as a co-catalyst over TiO2 for enhanced photocatalytic hydrogen production. Applied Catalysis B: Environmental 2022;307. https://doi.org/10.1016/j.apcatb.2022.121168"
286,NiSe2,TiO2,,,100,,,nanocomposite,anatase,Visible,Hg-Xe,450,,,sol-gel,,0,Impregnation,,0,10,50,,,,178800.00,"Jayachitra S, Mahendiran D, Ravi P, Murugan P, Sathish M. Highly conductive NiSe2 nanoparticle as a co-catalyst over TiO2 for enhanced photocatalytic hydrogen production. Applied Catalysis B: Environmental 2022;307. https://doi.org/10.1016/j.apcatb.2022.121168"
287,NiSe2,TiO2,,,100,,,nanocomposite,anatase,Visible,Hg-Xe,450,,,sol-gel,,0,Impregnation,,0,10,50,,,,219200.00,"Jayachitra S, Mahendiran D, Ravi P, Murugan P, Sathish M. Highly conductive NiSe2 nanoparticle as a co-catalyst over TiO2 for enhanced photocatalytic hydrogen production. Applied Catalysis B: Environmental 2022;307. https://doi.org/10.1016/j.apcatb.2022.121168"
288,NiSe2,TiO2,,,100,,,nanocomposite,anatase,Visible,Hg-Xe,450,,,sol-gel,,0,Impregnation,,0,10,50,,,,197900.00,"Jayachitra S, Mahendiran D, Ravi P, Murugan P, Sathish M. Highly conductive NiSe2 nanoparticle as a co-catalyst over TiO2 for enhanced photocatalytic hydrogen production. Applied Catalysis B: Environmental 2022;307. https://doi.org/10.1016/j.apcatb.2022.121168"
289,NiSe2,TiO2,,,100,,,nanocomposite,anatase,Visible,Hg-Xe,450,,,sol-gel,,0,Impregnation,,0,10,50,,,,157400.00,"Jayachitra S, Mahendiran D, Ravi P, Murugan P, Sathish M. Highly conductive NiSe2 nanoparticle as a co-catalyst over TiO2 for enhanced photocatalytic hydrogen production. Applied Catalysis B: Environmental 2022;307. https://doi.org/10.1016/j.apcatb.2022.121168"
290,NiSe2,TiO2,,,100,,,nanocomposite,anatase,Visible,Hg-Xe,450,,,sol-gel,,0,Impregnation,,0,10,50,,,,130700.00,"Jayachitra S, Mahendiran D, Ravi P, Murugan P, Sathish M. Highly conductive NiSe2 nanoparticle as a co-catalyst over TiO2 for enhanced photocatalytic hydrogen production. Applied Catalysis B: Environmental 2022;307. https://doi.org/10.1016/j.apcatb.2022.121168"
291,Pd,TiO2,,,100,,0.5,nanoparticle,anatase,UV,Hg,125,,1,,,0,Precipitation,400,2,10,85,6.8,25,3.03,6307.00,"López-Tenllado, F. J., J. Hidalgo-Carrillo, V. Montes, A. Marinas, F. J. Urbano, J. M. Marinas, L. Ilieva, T. Tabakova and F. Reid, “A Comparative Study of Hydrogen Photocatalytic Production from Glycerol and Propan-2-Ol on M/TiO2 Systems (M=Au, Pt, Pd)”, Catalysis Today, Vol. 280, pp. 58-64, 2017."
292,Pd,TiO2,,,100,,0.5,nanoparticle,anatase-rutile,UV,,200,365,0.3,,,0,Precipitation,500,2,10,20,,25,3.14,41100.00,"Al-Azri, Z. H. N., W. T. Chen, A. Chan, V. Jovic, T. Ina, H. Idriss and G. I. N. Waterhouse, “The Roles of Metal Co-Catalysts and Reaction Media in Photocatalytic Hydrogen Production: Performance Evaluation of M/TiO2 Photocatalysts (M = Pd, Pt, Au) in Different Alcohol–Water Mixtures”, Journal of Catalysis, Vol. 329, pp. 355-367, 2015."
293,Pd,TiO2,,,100,,1,nanoparticle,anatase-rutile,UV,,200,365,0.3,,,0,Precipitation,500,2,10,20,,25,3.17,47500.00,"Al-Azri, Z. H. N., W. T. Chen, A. Chan, V. Jovic, T. Ina, H. Idriss and G. I. N. Waterhouse, “The Roles of Metal Co-Catalysts and Reaction Media in Photocatalytic Hydrogen Production: Performance Evaluation of M/TiO2 Photocatalysts (M = Pd, Pt, Au) in Different Alcohol–Water Mixtures”, Journal of Catalysis, Vol. 329, pp. 355-367, 2015."
294,Pd,TiO2,,,100,,0.1,nanoparticle,anatase-rutile,Visible,Xe,75,,4.38,,,0,sol-gel,400,2,3.7,16,,25,,14018.00,"Bednarczyk, K., M. Stelmachowski and M. Gmurek, “The Influence of Process Parameters on Photocatalytic Hydrogen Production”, Environmental Progress & Sustainable Energy, Vol. 38, No. 2, pp. 680-687, 2018."
295,Pd,TiO2,,,100,,0.5,nanoparticle,anatase-rutile,Visible,Xe,75,,4.38,,,0,sol-gel,400,2,3.7,16,,25,,9480.80,"Bednarczyk, K., M. Stelmachowski and M. Gmurek, “The Influence of Process Parameters on Photocatalytic Hydrogen Production”, Environmental Progress & Sustainable Energy, Vol. 38, No. 2, pp. 680-687, 2018."
296,Pd,TiO2,,,100,,0.1,nanoparticle,anatase-rutile,Visible,Xe,75,,4.38,,,0,sol-gel,,0,3.7,16,,25,,14167.00,"Bednarczyk, K., M. Stelmachowski and M. Gmurek, “The Influence of Process Parameters on Photocatalytic Hydrogen Production”, Environmental Progress & Sustainable Energy, Vol. 38, No. 2, pp. 680-687, 2018."
297,Pd,TiO2,,,100,,0.5,nanoparticle,anatase-rutile,Visible,Xe,75,,4.38,,,0,sol-gel,,0,3.7,16,,25,,7500.00,"Bednarczyk, K., M. Stelmachowski and M. Gmurek, “The Influence of Process Parameters on Photocatalytic Hydrogen Production”, Environmental Progress & Sustainable Energy, Vol. 38, No. 2, pp. 680-687, 2018."
298,Pd,TiO2,,,100,,0.5,nanorod,anatase,UV,,100,365,0.33,Hydrothermal,500,2,Precipitation,,0,10,20,6,,,35300.00,"Chen, W. T., A. G. Dosado, A. Chan, D. S. Waterhouse and G. I. N. Waterhouse, “Highly Reactive Anatase Nanorod Photocatalysts Synthesized by Calcination of Hydrogen Titanate Nanotubes: Effect of Calcination Conditions on Photocatalytic Performance for Aqueous Dye Degradation and H2 Production in Alcohol-Water Mixtures”, Applied Catalysis A: General, Vol. 565, pp. 98-118, 2018."
299,Pd,TiO2,,,100,,0.5,nanorod,anatase,UV,,100,365,0.33,Hydrothermal,600,0.33,Precipitation,,0,10,20,6,,,41100.00,"Al-Azri, Z. H. N., W. T. Chen, A. Chan, V. Jovic, T. Ina, H. Idriss and G. I. N. Waterhouse, “The Roles of Metal Co-Catalysts and Reaction Media in Photocatalytic Hydrogen Production: Performance Evaluation of M/TiO2 Photocatalysts (M = Pd, Pt, Au) in Different Alcohol–Water Mixtures”, Journal of Catalysis, Vol. 329, pp. 355-367, 2015."
300,Pd,TiO2,,,100,,0.5,nanorod,anatase,UV,,100,365,0.33,Hydrothermal,600,2,Precipitation,,0,10,20,6,,,40200.00,"Chen, W. T., A. G. Dosado, A. Chan, D. S. Waterhouse and G. I. N. Waterhouse, “Highly Reactive Anatase Nanorod Photocatalysts Synthesized by Calcination of Hydrogen Titanate Nanotubes: Effect of Calcination Conditions on Photocatalytic Performance for Aqueous Dye Degradation and H2 Production in Alcohol-Water Mixtures”, Applied Catalysis A: General, Vol. 565, pp. 98-118, 2018."
301,Pd,TiO2,,,100,,0.5,nanorod,anatase,UV,,100,365,0.33,Hydrothermal,700,0.17,Precipitation,,0,10,20,6,,,38200.00,"Chen, W. T., A. G. Dosado, A. Chan, D. S. Waterhouse and G. I. N. Waterhouse, “Highly Reactive Anatase Nanorod Photocatalysts Synthesized by Calcination of Hydrogen Titanate Nanotubes: Effect of Calcination Conditions on Photocatalytic Performance for Aqueous Dye Degradation and H2 Production in Alcohol-Water Mixtures”, Applied Catalysis A: General, Vol. 565, pp. 98-118, 2018."
302,Pd,TiO2,,,100,,1,nanoparticle,anatase-brookite,Visible,Xe,100,,0.08,,,0,Photodeposition,,0,4.5,1200,,30,,120430.00,"Stelmachowski, M., K. Bednarczyk and M. Gmurek, “An Experimental Study of the Photocatalytic Hydrogen Production in the Laboratory-Scale Set-Up Depending on the Process Conditions”, WIT Transactions on Ecology and the Environment, Vol. 224, pp. 339-348, 2"
303,Pd,TiO2,,,100,,0.5,nanoparticle,anatase-brookite,Visible,Xe,100,,0.08,,,0,Photodeposition,,0,4.5,1200,,30,,125960.00,"Stelmachowski, M., K. Bednarczyk and M. Gmurek, “An Experimental Study of the Photocatalytic Hydrogen Production in the Laboratory-Scale Set-Up Depending on the Process Conditions”, WIT Transactions on Ecology and the Environment, Vol. 224, pp. 339-348, 2"
304,Pd,TiO2,,,100,,0.1,nanoparticle,anatase-brookite,Visible,Xe,100,,0.08,,,0,Photodeposition,,0,4.5,1200,,30,,118720.00,"Stelmachowski, M., K. Bednarczyk and M. Gmurek, “An Experimental Study of the Photocatalytic Hydrogen Production in the Laboratory-Scale Set-Up Depending on the Process Conditions”, WIT Transactions on Ecology and the Environment, Vol. 224, pp. 339-348, 2"
305,Pd,TiO2,,,100,,0.1,nanoparticle,anatase-brookite,Visible,Xe,100,,0.08,,,0,Sol-gel,400,2,4.5,1200,,30,,42069.00,"Stelmachowski, M., K. Bednarczyk and M. Gmurek, “An Experimental Study of the Photocatalytic Hydrogen Production in the Laboratory-Scale Set-Up Depending on the Process Conditions”, WIT Transactions on Ecology and the Environment, Vol. 224, pp. 339-348, 2"
306,Pd,TiO2,,,100,,0.5,nanoparticle,anatase-brookite,Visible,Xe,100,,0.08,,,0,Sol-gel,400,2,4.5,1200,,30,,22365.00,"Stelmachowski, M., K. Bednarczyk and M. Gmurek, “An Experimental Study of the Photocatalytic Hydrogen Production in the Laboratory-Scale Set-Up Depending on the Process Conditions”, WIT Transactions on Ecology and the Environment, Vol. 224, pp. 339-348, 2"
307,Pd,TiO2,,,100,,1,nanoparticle,anatase-brookite,Visible,Xe,100,,0.08,,,0,Sol-gel,400,2,4.5,1200,,30,,6207.00,"Stelmachowski, M., K. Bednarczyk and M. Gmurek, “An Experimental Study of the Photocatalytic Hydrogen Production in the Laboratory-Scale Set-Up Depending on the Process Conditions”, WIT Transactions on Ecology and the Environment, Vol. 224, pp. 339-348, 2"
308,Pd,TiO2,rGO,,,1,1,nanorod,anatase,UV,F,100,,0.1,Hydrothermal,400,2,chemical conversion,350,5,5,25,,,,30600.00,"Majeed I, Arif A, Idrees A, Ullah H, Ali H, Mehmood A, et al. Synergistic Effect of Pd Co-Catalyst and rGO–TiO2 Hybrid Support for Enhanced Photoreforming of Oxygenates. Hydrogen (Switzerland) 2023;4. https://doi.org/10.3390/hydrogen4010014."
309,Pd,TiO2,rGO,,,2,1,nanorod,anatase,UV,F,100,,1.1,Hydrothermal,400,2,chemical conversion,350,5,5,26,,,,34160.00,"Majeed I, Arif A, Idrees A, Ullah H, Ali H, Mehmood A, et al. Synergistic Effect of Pd Co-Catalyst and rGO–TiO2 Hybrid Support for Enhanced Photoreforming of Oxygenates. Hydrogen (Switzerland) 2023;4. https://doi.org/10.3390/hydrogen4010014."
310,Pd,TiO2,rGO,,,3,1,nanorod,anatase,UV,F,100,,2.1,Hydrothermal,400,2,chemical conversion,350,5,5,27,,,,37660.00,"Majeed I, Arif A, Idrees A, Ullah H, Ali H, Mehmood A, et al. Synergistic Effect of Pd Co-Catalyst and rGO–TiO2 Hybrid Support for Enhanced Photoreforming of Oxygenates. Hydrogen (Switzerland) 2023;4. https://doi.org/10.3390/hydrogen4010014."
311,Pd,TiO2,rGO,,,4,1,nanorod,anatase,UV,F,100,,3.1,Hydrothermal,400,2,chemical conversion,350,5,5,28,,,,41000.00,"Majeed I, Arif A, Idrees A, Ullah H, Ali H, Mehmood A, et al. Synergistic Effect of Pd Co-Catalyst and rGO–TiO2 Hybrid Support for Enhanced Photoreforming of Oxygenates. Hydrogen (Switzerland) 2023;4. https://doi.org/10.3390/hydrogen4010014."
312,Pd,TiO2,rGO,,,5,1,nanorod,anatase,UV,F,100,,4.1,Hydrothermal,400,2,chemical conversion,350,5,5,29,,,,35000.00,"Majeed I, Arif A, Idrees A, Ullah H, Ali H, Mehmood A, et al. Synergistic Effect of Pd Co-Catalyst and rGO–TiO2 Hybrid Support for Enhanced Photoreforming of Oxygenates. Hydrogen (Switzerland) 2023;4. https://doi.org/10.3390/hydrogen4010014."
313,Pt,TiO2,,,100,,0.5,nanoparticle,anatase,Visible,Xe,450,,0.66,,,0,Impregnation,,0,7.3,60,,40,,28.06,"Daskalaki, V. M. and D. I. Kondarides, “Efficient Production of Hydrogen by Photo-Induced Reforming of Glycerol at Ambient Conditions”, Catalysis Today, Vol. 144, No. 1-2, pp. 75-80, 2009."
314,Pt,TiO2,,,100,,0.5,nanoparticle,anatase,Visible,Xe,450,,1.66,,,0,Impregnation,,0,7.3,60,,40,,35.04,"Daskalaki, V. M. and D. I. Kondarides, “Efficient Production of Hydrogen by Photo-Induced Reforming of Glycerol at Ambient Conditions”, Catalysis Today, Vol. 144, No. 1-2, pp. 75-80, 2009."
315,Pt,TiO2,,,100,,0.5,nanoparticle,anatase,Visible,Xe,450,,2.66,,,0,Impregnation,,0,7.3,60,,40,,39.00,"Daskalaki, V. M. and D. I. Kondarides, “Efficient Production of Hydrogen by Photo-Induced Reforming of Glycerol at Ambient Conditions”, Catalysis Today, Vol. 144, No. 1-2, pp. 75-80, 2009."
316,Pt,TiO2,,,100,,1,nanoparticle,anatase-rutile-brookite,UV,Hg,125,,0.38,Precipitation,400,2,Impregnation,300,1,6,260,,25,3.17,276.30,"Majrik, K., Z. Pászti, L. Korecz, L. Trif, A. Domján, G. Bonura, C. Cannilla, F. Frusteri, A. Tompos and E. Tálas, “Study of PtOx/TiO2 Photocatalysts in the Photocatalytic Reforming of Glycerol: The Role of Co-Catalyst Formation”, Materials, Vol. 11, No. 10, p. 1927, 2018."
317,Pt,TiO2,,,100,,,nanoparticle,,UV,Xe,,,0.15,,,0,Sonication,,0,0.22,100,,25,,141.00,"Mizukoshi, Y., “Effects of Sonication on Photocatalytic Reforming of Aqueous Glycerol Solutio”, Ultrasonics Sonochemistry, Vol. 51, pp. 182-185, 2019."
318,Pt,TiO2,,,100,,0.5,nanoparticle,anatase-rutile,Visible,Xe,300,,1.3,,,0,Impregnation,,0,0.01,60,,25,,28.20,"Kondarides, D. I., V. M. Daskalaki, A. Patsoura and X. E. Verykios, “Hydrogen Production by Photo-Induced Reforming of Biomass Components and Derivatives at Ambient Conditions”, Catalysis Letters, Vol. 122, No. 1-2, pp. 26-32, 2007."
319,Pt,TiO2,,,100,,1,nanoparticle,anatase-rutile,Visible,Halogen,300,420,0.63,,,0,Photodeposition,,0,10,80,7,25,,423.21,"Fu, N. and G. Lu, “Photo-Catalytic H2 Evolution over a Series of Keggin-Structure Heteropoly Blue Sensitized Pt/TiO2 under Visible Light Irradiation”, Applied Surface Science, Vol. 255, No. 8, pp. 4378-4383, 2009."
320,Pt,TiO2,,,100,,0.5,nanoparticle,anatase,UV,Hg,250,,0.4,,,0,Photodeposition,,0,2.24,100,6.4,25,,37.16,"Li, M., Y. Li, S. Peng, G. Lu and S. Li, “Photocatalytic Hydrogen Generation Using Glycerol Wastewater over Pt/TiO2”, Frontiers of Chemistry in China, Vol. 4, No. 1, pp. 32-38, 2009."
321,Pt,TiO2,,,100,,0.5,nanoparticle,anatase,UV,Hg,250,,0.4,,,0,Photodeposition,,0,6.72,100,6.4,25,,74.32,"Li, M., Y. Li, S. Peng, G. Lu and S. Li, “Photocatalytic Hydrogen Generation Using Glycerol Wastewater over Pt/TiO2”, Frontiers of Chemistry in China, Vol. 4, No. 1, pp. 32-38, 2009."
322,Pt,TiO2,,,100,,0.5,nanoparticle,anatase,UV,Hg,250,,0.4,,,0,Photodeposition,,0,11.2,100,6.4,25,,154.08,"Li, M., Y. Li, S. Peng, G. Lu and S. Li, “Photocatalytic Hydrogen Generation Using Glycerol Wastewater over Pt/TiO2”, Frontiers of Chemistry in China, Vol. 4, No. 1, pp. 32-38, 2009."
323,Pt,TiO2,,,100,,0.5,nanoparticle,anatase,UV,Hg,250,,0.4,,,0,Photodeposition,,0,13.44,100,6.4,25,,251.06,"Li, M., Y. Li, S. Peng, G. Lu and S. Li, “Photocatalytic Hydrogen Generation Using Glycerol Wastewater over Pt/TiO2”, Frontiers of Chemistry in China, Vol. 4, No. 1, pp. 32-38, 2009."
324,Pt,TiO2,,,100,,0.5,nanoparticle,anatase,UV,Hg,250,,0.4,,,0,Photodeposition,,0,15.68,100,6.4,25,,280.06,"Li, M., Y. Li, S. Peng, G. Lu and S. Li, “Photocatalytic Hydrogen Generation Using Glycerol Wastewater over Pt/TiO2”, Frontiers of Chemistry in China, Vol. 4, No. 1, pp. 32-38, 2009."
325,Pt,TiO2,,,100,,0.5,nanoparticle,anatase,UV,Hg,250,,0.4,,,0,Photodeposition,,0,17.92,100,6.4,25,,299.09,"Li, M., Y. Li, S. Peng, G. Lu and S. Li, “Photocatalytic Hydrogen Generation Using Glycerol Wastewater over Pt/TiO2”, Frontiers of Chemistry in China, Vol. 4, No. 1, pp. 32-38, 2009."
326,Pt,TiO2,,,100,,0.5,nanoparticle,anatase,UV,Hg,250,,0.4,,,0,Photodeposition,,0,22.4,100,6.4,25,,310.88,"Li, M., Y. Li, S. Peng, G. Lu and S. Li, “Photocatalytic Hydrogen Generation Using Glycerol Wastewater over Pt/TiO2”, Frontiers of Chemistry in China, Vol. 4, No. 1, pp. 32-38, 2009."
327,Pt,TiO2,,,100,,0.5,nanoparticle,anatase,UV,Hg,250,,0.4,,,0,Photodeposition,,0,33.6,100,6.4,25,,327.19,"Li, M., Y. Li, S. Peng, G. Lu and S. Li, “Photocatalytic Hydrogen Generation Using Glycerol Wastewater over Pt/TiO2”, Frontiers of Chemistry in China, Vol. 4, No. 1, pp. 32-38, 2009."
328,Pt,TiO2,,,100,,0.5,nanoparticle,anatase,UV,Hg,250,,0.4,,,0,Photodeposition,,0,44.8,100,6.4,25,,330.82,"Li, M., Y. Li, S. Peng, G. Lu and S. Li, “Photocatalytic Hydrogen Generation Using Glycerol Wastewater over Pt/TiO2”, Frontiers of Chemistry in China, Vol. 4, No. 1, pp. 32-38, 2009."
329,Pt,TiO2,,,100,,0.5,nanoparticle,anatase,UV,Hg,250,,0.4,,,0,Photodeposition,,0,89.6,100,6.4,25,,330.82,"Li, M., Y. Li, S. Peng, G. Lu and S. Li, “Photocatalytic Hydrogen Generation Using Glycerol Wastewater over Pt/TiO2”, Frontiers of Chemistry in China, Vol. 4, No. 1, pp. 32-38, 2009."
330,Pt,TiO2,,,100,,0.5,nanoparticle,anatase-rutile,Visible,Xe,450,,1.3,,,0,Impregnation,,0,0.83,60,0,40,,40.92,"Daskalaki, V. M., P. Panagiotopoulou and D. I. Kondarides, “Production of Peroxide Species in Pt/TiO2 Suspensions under Conditions of Photocatalytic Water Splitting and Glycerol Photoreforming”, Chemical Engineering Journal, Vol. 170, No. 2-3, pp. 433-439, 2011."
331,Pt,TiO2,,,100,,0.5,nanoparticle,anatase-rutile,Visible,Xe,450,,1.3,,,0,Impregnation,,0,1.72,60,0,40,,38.58,"Daskalaki, V. M., P. Panagiotopoulou and D. I. Kondarides, “Production of Peroxide Species in Pt/TiO2 Suspensions under Conditions of Photocatalytic Water Splitting and Glycerol Photoreforming”, Chemical Engineering Journal, Vol. 170, No. 2-3, pp. 433-439, 2011."
332,Pt,TiO2,,,100,,0.5,nanoparticle,anatase-rutile,Visible,Xe,450,,1.3,,,0,Impregnation,,0,3.05,60,0,40,,68.70,"Daskalaki, V. M., P. Panagiotopoulou and D. I. Kondarides, “Production of Peroxide Species in Pt/TiO2 Suspensions under Conditions of Photocatalytic Water Splitting and Glycerol Photoreforming”, Chemical Engineering Journal, Vol. 170, No. 2-3, pp. 433-439, 2011."
333,Pt,TiO2,,,100,,1,nanoparticle,anatase,UV,Hg,125,,0.25,Sol-gel,300,3,Impregnation,,0,0.02,200,4,30,3.2,300.00,"Fu, X., X. Wang, D. Y. C. Leung, Q. Gu, S. Chen and H. Huang, “Photocatalytic Reforming of C3-Polyols for H2 Production: Part (I). Role of Their OH Groups”, Applied Catalysis B: Environmental, Vol. 106, No. 3-4, pp. 681-688, 2011."
334,Pt,TiO2,,,100,,0.2,nanoparticle,rutile,Visible,Xe,150,300,0.6,Hydrothermal,400,3,Photodeposition,,0,7.3,80,,25,,111.68,"Beltram, A., I. Romero-Ocaña, J. Josè Delgado Jaen, T. Montini and P. Fornasiero, “Photocatalytic Valorization of Ethanol and Glycerol over TiO2 Polymorphs for Sustainable Hydrogen Production”, Applied Catalysis A: General, Vol. 518, pp. 167-175, 2016."
335,Pt,TiO2,,,100,,0.2,nanoparticle,anatase,Visible,Xe,150,300,0.6,Hydrothermal,400,3,Photodeposition,,0,7.3,80,,25,,1939.10,"Beltram, A., I. Romero-Ocaña, J. Josè Delgado Jaen, T. Montini and P. Fornasiero, “Photocatalytic Valorization of Ethanol and Glycerol over TiO2 Polymorphs for Sustainable Hydrogen Production”, Applied Catalysis A: General, Vol. 518, pp. 167-175, 2016."
336,Pt,TiO2,,,100,,0.2,nanoparticle,brookite,Visible,Xe,150,300,0.6,Hydrothermal,400,3,Photodeposition,,0,7.3,80,,25,,1167.50,"Beltram, A., I. Romero-Ocaña, J. Josè Delgado Jaen, T. Montini and P. Fornasiero, “Photocatalytic Valorization of Ethanol and Glycerol over TiO2 Polymorphs for Sustainable Hydrogen Production”, Applied Catalysis A: General, Vol. 518, pp. 167-175, 2016."
337,Pt,TiO2,,,100,,1,nanoparticle,anatase-rutile,Visible,Xe,300,,0.6,,,0,Photodeposition,,0,3.2,155,3.5,10,,4280.00,"Jiang, X., X. Fu, L. Zhang, S. Meng and S. Chen, “Photocatalytic Reforming of Glycerol for H2 Evolution on Pt/TiO2: Fundamental Understanding the Effect of Co-Catalyst Pt and the Pt Deposition Route”, Journal of Materials Chemistry A, Vol. 3, No. 5, pp. 2271-2282, 2015."
338,Pt,TiO2,,,100,,1,nanoparticle,anatase-rutile,Visible,Xe,300,,0.6,,,0,Photodeposition,,0,3.2,155,3.5,10,,2040.00,"Jiang, X., X. Fu, L. Zhang, S. Meng and S. Chen, “Photocatalytic Reforming of Glycerol for H2 Evolution on Pt/TiO2: Fundamental Understanding the Effect of Co-Catalyst Pt and the Pt Deposition Route”, Journal of Materials Chemistry A, Vol. 3, No. 5, pp. 2271-2282, 2015."
339,Pt,TiO2,,,100,,1,nanoparticle,anatase-rutile,Visible,Xe,300,,0.6,,,0,Impregnation,,0,3.2,155,3.5,10,,3300.00,"Jiang, X., X. Fu, L. Zhang, S. Meng and S. Chen, “Photocatalytic Reforming of Glycerol for H2 Evolution on Pt/TiO2: Fundamental Understanding the Effect of Co-Catalyst Pt and the Pt Deposition Route”, Journal of Materials Chemistry A, Vol. 3, No. 5, pp. 2271-2282, 2015."
340,Pt,TiO2,,,100,,1,nanoparticle,anatase-rutile,Visible,Xe,300,,0.6,,,0,Impregnation,,0,3.2,155,3.5,10,,2930.00,"Jiang, X., X. Fu, L. Zhang, S. Meng and S. Chen, “Photocatalytic Reforming of Glycerol for H2 Evolution on Pt/TiO2: Fundamental Understanding the Effect of Co-Catalyst Pt and the Pt Deposition Route”, Journal of Materials Chemistry A, Vol. 3, No. 5, pp. 2271-2282, 2015."
341,Pt,TiO2,,,100,,1,nanoparticle,anatase-rutile,UV,Hg,20,,1,,,0,Photodeposition,,0,10,5,2,25,,3.80,"Tahir, M., “La-Modified TiO2/Carbon Nanotubes Assembly Nanocomposite for Efficient Photocatalytic Hydrogen Evolution from Glycerol-Water Mixture”, International Journal of Hydrogen Energy, Vol. 44, No. 7, pp. 3711-3725, 2019."
342,Pt,TiO2,,,100,,1,nanoparticle,anatase-rutile,UV,Hg,20,,1,,,0,Photodeposition,,0,10,5,2.5,25,,3.80,"Tahir, M., “La-Modified TiO2/Carbon Nanotubes Assembly Nanocomposite for Efficient Photocatalytic Hydrogen Evolution from Glycerol-Water Mixture”, International Journal of Hydrogen Energy, Vol. 44, No. 7, pp. 3711-3725, 2019."
343,Pt,TiO2,,,100,,1,nanoparticle,anatase-rutile,UV,Hg,20,,1,,,0,Photodeposition,,0,10,5,3,25,,3.70,"Tahir, M., “La-Modified TiO2/Carbon Nanotubes Assembly Nanocomposite for Efficient Photocatalytic Hydrogen Evolution from Glycerol-Water Mixture”, International Journal of Hydrogen Energy, Vol. 44, No. 7, pp. 3711-3725, 2019."
344,Pt,TiO2,,,100,,1,nanoparticle,anatase-rutile,UV,Hg,20,,1,,,0,Photodeposition,,0,10,5,3.5,25,,3.60,"Tahir, M., “La-Modified TiO2/Carbon Nanotubes Assembly Nanocomposite for Efficient Photocatalytic Hydrogen Evolution from Glycerol-Water Mixture”, International Journal of Hydrogen Energy, Vol. 44, No. 7, pp. 3711-3725, 2019."
345,Pt,TiO2,,,100,,1,nanoparticle,anatase-rutile,UV,Hg,20,,1,,,0,Photodeposition,,0,10,5,4,25,,3.40,"Tahir, M., “La-Modified TiO2/Carbon Nanotubes Assembly Nanocomposite for Efficient Photocatalytic Hydrogen Evolution from Glycerol-Water Mixture”, International Journal of Hydrogen Energy, Vol. 44, No. 7, pp. 3711-3725, 2019."
346,Pt,TiO2,,,100,,1,nanoparticle,anatase-rutile,UV,Hg,20,,1,,,0,Photodeposition,,0,10,5,4.5,25,,3.30,"Tahir, M., “La-Modified TiO2/Carbon Nanotubes Assembly Nanocomposite for Efficient Photocatalytic Hydrogen Evolution from Glycerol-Water Mixture”, International Journal of Hydrogen Energy, Vol. 44, No. 7, pp. 3711-3725, 2019."
347,Pt,TiO2,,,100,,1,nanoparticle,anatase-rutile,UV,Hg,20,,1,,,0,Photodeposition,,0,10,5,5,25,,3.20,"Tahir, M., “La-Modified TiO2/Carbon Nanotubes Assembly Nanocomposite for Efficient Photocatalytic Hydrogen Evolution from Glycerol-Water Mixture”, International Journal of Hydrogen Energy, Vol. 44, No. 7, pp. 3711-3725, 2019."
348,Pt,TiO2,,,100,,1,nanoparticle,anatase-rutile,UV,Hg,20,,1,,,0,Photodeposition,,0,10,5,5.5,25,,3.20,"Tahir, M., “La-Modified TiO2/Carbon Nanotubes Assembly Nanocomposite for Efficient Photocatalytic Hydrogen Evolution from Glycerol-Water Mixture”, International Journal of Hydrogen Energy, Vol. 44, No. 7, pp. 3711-3725, 2019."
349,Pt,TiO2,,,100,,1,nanoparticle,anatase-rutile,UV,Hg,20,,1,,,0,Photodeposition,,0,10,5,6,25,,3.20,"Tahir, M., “La-Modified TiO2/Carbon Nanotubes Assembly Nanocomposite for Efficient Photocatalytic Hydrogen Evolution from Glycerol-Water Mixture”, International Journal of Hydrogen Energy, Vol. 44, No. 7, pp. 3711-3725, 2019."
350,Pt,TiO2,,,100,,1,nanoparticle,anatase-rutile,UV,Hg,20,,1,,,0,Photodeposition,,0,10,5,6.5,25,,3.40,"Tahir, M., “La-Modified TiO2/Carbon Nanotubes Assembly Nanocomposite for Efficient Photocatalytic Hydrogen Evolution from Glycerol-Water Mixture”, International Journal of Hydrogen Energy, Vol. 44, No. 7, pp. 3711-3725, 2019."
351,Pt,TiO2,,,100,,1,nanoparticle,anatase-rutile,UV,Hg,20,,1,,,0,Photodeposition,,0,10,5,7,25,,3.70,"Tahir, M., “La-Modified TiO2/Carbon Nanotubes Assembly Nanocomposite for Efficient Photocatalytic Hydrogen Evolution from Glycerol-Water Mixture”, International Journal of Hydrogen Energy, Vol. 44, No. 7, pp. 3711-3725, 2019."
352,Pt,TiO2,,,100,,1,nanoparticle,anatase-rutile,UV,Hg,20,,1,,,0,Photodeposition,,0,10,5,7.5,25,,4.50,"Tahir, M., “La-Modified TiO2/Carbon Nanotubes Assembly Nanocomposite for Efficient Photocatalytic Hydrogen Evolution from Glycerol-Water Mixture”, International Journal of Hydrogen Energy, Vol. 44, No. 7, pp. 3711-3725, 2019."
353,Pt,TiO2,,,100,,1,nanoparticle,anatase-rutile,UV,Hg,20,,1,,,0,Photodeposition,,0,10,5,8,25,,5.20,"Tahir, M., “La-Modified TiO2/Carbon Nanotubes Assembly Nanocomposite for Efficient Photocatalytic Hydrogen Evolution from Glycerol-Water Mixture”, International Journal of Hydrogen Energy, Vol. 44, No. 7, pp. 3711-3725, 2019."
354,Pt,TiO2,,,100,,1,nanoparticle,anatase-rutile,UV,Hg,20,,1,,,0,Photodeposition,,0,10,5,8.5,25,,5.30,"Tahir, M., “La-Modified TiO2/Carbon Nanotubes Assembly Nanocomposite for Efficient Photocatalytic Hydrogen Evolution from Glycerol-Water Mixture”, International Journal of Hydrogen Energy, Vol. 44, No. 7, pp. 3711-3725, 2019."
355,Pt,TiO2,,,100,,1,nanoparticle,anatase-rutile,UV,Hg,20,,1,,,0,Photodeposition,,0,10,5,9,25,,5.40,"Tahir, M., “La-Modified TiO2/Carbon Nanotubes Assembly Nanocomposite for Efficient Photocatalytic Hydrogen Evolution from Glycerol-Water Mixture”, International Journal of Hydrogen Energy, Vol. 44, No. 7, pp. 3711-3725, 2019."
356,Pt,TiO2,,,100,,1,nanoparticle,anatase-rutile,UV,Hg,20,,1,,,0,Photodeposition,,0,10,5,9.5,25,,5.20,"Tahir, M., “La-Modified TiO2/Carbon Nanotubes Assembly Nanocomposite for Efficient Photocatalytic Hydrogen Evolution from Glycerol-Water Mixture”, International Journal of Hydrogen Energy, Vol. 44, No. 7, pp. 3711-3725, 2019."
357,Pt,TiO2,,,100,,1,nanoparticle,anatase-rutile,UV,Hg,20,,1,,,0,Photodeposition,,0,10,5,10,25,,5.00,"Tahir, M., “La-Modified TiO2/Carbon Nanotubes Assembly Nanocomposite for Efficient Photocatalytic Hydrogen Evolution from Glycerol-Water Mixture”, International Journal of Hydrogen Energy, Vol. 44, No. 7, pp. 3711-3725, 2019."
358,Pt,TiO2,,,100,,1,nanoparticle,anatase-rutile,UV,Hg,20,,1,,,0,Photodeposition,,0,10,5,10.5,25,,4.00,"Tahir, M., “La-Modified TiO2/Carbon Nanotubes Assembly Nanocomposite for Efficient Photocatalytic Hydrogen Evolution from Glycerol-Water Mixture”, International Journal of Hydrogen Energy, Vol. 44, No. 7, pp. 3711-3725, 2019."
359,Pt,TiO2,,,100,,1,nanoparticle,anatase-rutile,UV,Hg,20,,1,,,0,Photodeposition,,0,10,5,11,25,,3.00,"Tahir, M., “La-Modified TiO2/Carbon Nanotubes Assembly Nanocomposite for Efficient Photocatalytic Hydrogen Evolution from Glycerol-Water Mixture”, International Journal of Hydrogen Energy, Vol. 44, No. 7, pp. 3711-3725, 2019."
360,Pt,TiO2,,,100,,1,nanoparticle,anatase-rutile,UV,Hg,20,,1,,,0,Photodeposition,,0,10,5,11.5,25,,2.80,"Tahir, M., “La-Modified TiO2/Carbon Nanotubes Assembly Nanocomposite for Efficient Photocatalytic Hydrogen Evolution from Glycerol-Water Mixture”, International Journal of Hydrogen Energy, Vol. 44, No. 7, pp. 3711-3725, 2019."
361,Pt,TiO2,,,100,,1,nanoparticle,anatase-rutile,UV,Hg,20,,1,,,0,Photodeposition,,0,10,5,12,25,,2.50,"Tahir, M., “La-Modified TiO2/Carbon Nanotubes Assembly Nanocomposite for Efficient Photocatalytic Hydrogen Evolution from Glycerol-Water Mixture”, International Journal of Hydrogen Energy, Vol. 44, No. 7, pp. 3711-3725, 2019."
362,Pt,TiO2,,,100,,2.51,nanoparticle,anatase-rutile,UV,Hg,20,,2.53,,,0,Photodeposition,,0,0.5,5,2,25,,2851.00,"Estahbanati, M. R. K., M. Feilizadeh and M. C. Iliuta, “Photocatalytic Valorization of Glycerol to Hydrogen: Optimization of Operating Parameters by Artificial Neural Network”, Applied Catalysis B: Environmental, Vol. 209, pp. 483-492, 2017."
363,Pt,TiO2,,,100,,0.02,nanoparticle,anatase-rutile,UV,Hg,20,,2.53,,,0,Photodeposition,,0,0.5,5,7,25,,2455.00,"Estahbanati, M. R. K., M. Feilizadeh and M. C. Iliuta, “Photocatalytic Valorization of Glycerol to Hydrogen: Optimization of Operating Parameters by Artificial Neural Network”, Applied Catalysis B: Environmental, Vol. 209, pp. 483-492, 2017."
364,Pt,TiO2,,,100,,2.51,nanoparticle,anatase-rutile,UV,Hg,20,,0.05,,,0,Photodeposition,,0,0.5,5,7,25,,28000.00,"Estahbanati, M. R. K., M. Feilizadeh and M. C. Iliuta, “Photocatalytic Valorization of Glycerol to Hydrogen: Optimization of Operating Parameters by Artificial Neural Network”, Applied Catalysis B: Environmental, Vol. 209, pp. 483-492, 2017."
365,Pt,TiO2,,,100,,2.51,nanoparticle,anatase-rutile,UV,Hg,20,,5,,,0,Photodeposition,,0,0.5,5,7,25,,2110.00,"Estahbanati, M. R. K., M. Feilizadeh and M. C. Iliuta, “Photocatalytic Valorization of Glycerol to Hydrogen: Optimization of Operating Parameters by Artificial Neural Network”, Applied Catalysis B: Environmental, Vol. 209, pp. 483-492, 2017."
366,Pt,TiO2,,,100,,5,nanoparticle,anatase-rutile,UV,Hg,20,,2.53,,,0,Photodeposition,,0,0.5,5,7,25,,3604.00,"Estahbanati, M. R. K., M. Feilizadeh and M. C. Iliuta, “Photocatalytic Valorization of Glycerol to Hydrogen: Optimization of Operating Parameters by Artificial Neural Network”, Applied Catalysis B: Environmental, Vol. 209, pp. 483-492, 2017."
367,Pt,TiO2,,,100,,2.51,nanoparticle,anatase-rutile,UV,Hg,20,,2.53,,,0,Photodeposition,,0,0.5,5,12,25,,1129.00,"Estahbanati, M. R. K., M. Feilizadeh and M. C. Iliuta, “Photocatalytic Valorization of Glycerol to Hydrogen: Optimization of Operating Parameters by Artificial Neural Network”, Applied Catalysis B: Environmental, Vol. 209, pp. 483-492, 2017."
368,Pt,TiO2,,,100,,0.02,nanoparticle,anatase-rutile,UV,Hg,20,,2.53,,,0,Photodeposition,,0,25.25,5,2,25,,2040.00,"Jiang, X., X. Fu, L. Zhang, S. Meng and S. Chen, “Photocatalytic Reforming of Glycerol for H2 Evolution on Pt/TiO2: Fundamental Understanding the Effect of Co-Catalyst Pt and the Pt Deposition Route”, Journal of Materials Chemistry A, Vol. 3, No. 5, pp. 2271-2282, 2015."
369,Pt,TiO2,,,100,,2.51,nanoparticle,anatase-rutile,UV,Hg,20,,0.05,,,0,Photodeposition,,0,25.25,5,2,25,,25000.00,"Estahbanati, M. R. K., M. Feilizadeh and M. C. Iliuta, “Photocatalytic Valorization of Glycerol to Hydrogen: Optimization of Operating Parameters by Artificial Neural Network”, Applied Catalysis B: Environmental, Vol. 209, pp. 483-492, 2017."
370,Pt,TiO2,,,100,,2.51,nanoparticle,anatase-rutile,UV,Hg,20,,5,,,0,Photodeposition,,0,25.25,5,2,25,,2690.00,"Estahbanati, M. R. K., M. Feilizadeh and M. C. Iliuta, “Photocatalytic Valorization of Glycerol to Hydrogen: Optimization of Operating Parameters by Artificial Neural Network”, Applied Catalysis B: Environmental, Vol. 209, pp. 483-492, 2017."
371,Pt,TiO2,,,100,,5,nanoparticle,anatase-rutile,UV,Hg,20,,2.53,,,0,Photodeposition,,0,25.25,5,2,25,,4554.00,"Estahbanati, M. R. K., M. Feilizadeh and M. C. Iliuta, “Photocatalytic Valorization of Glycerol to Hydrogen: Optimization of Operating Parameters by Artificial Neural Network”, Applied Catalysis B: Environmental, Vol. 209, pp. 483-492, 2017."
372,Pt,TiO2,,,100,,0.02,nanoparticle,anatase-rutile,UV,Hg,20,,0.05,,,0,Photodeposition,,0,25.25,5,7,25,,28000.00,"Estahbanati, M. R. K., M. Feilizadeh and M. C. Iliuta, “Photocatalytic Valorization of Glycerol to Hydrogen: Optimization of Operating Parameters by Artificial Neural Network”, Applied Catalysis B: Environmental, Vol. 209, pp. 483-492, 2017."
373,Pt,TiO2,,,100,,0.02,nanoparticle,anatase-rutile,UV,Hg,20,,5,,,0,Photodeposition,,0,25.25,5,7,25,,1450.00,"Estahbanati, M. R. K., M. Feilizadeh and M. C. Iliuta, “Photocatalytic Valorization of Glycerol to Hydrogen: Optimization of Operating Parameters by Artificial Neural Network”, Applied Catalysis B: Environmental, Vol. 209, pp. 483-492, 2017."
374,Pt,TiO2,,,100,,2.51,nanoparticle,anatase-rutile,UV,Hg,20,,2.53,,,0,Photodeposition,,0,25.25,5,7,25,,5050.00,"Estahbanati, M. R. K., M. Feilizadeh and M. C. Iliuta, “Photocatalytic Valorization of Glycerol to Hydrogen: Optimization of Operating Parameters by Artificial Neural Network”, Applied Catalysis B: Environmental, Vol. 209, pp. 483-492, 2017."
375,Pt,TiO2,,,100,,2.51,nanoparticle,anatase-rutile,UV,Hg,20,,2.53,,,0,Photodeposition,,0,25.25,5,7,25,,4891.00,"Estahbanati, M. R. K., M. Feilizadeh and M. C. Iliuta, “Photocatalytic Valorization of Glycerol to Hydrogen: Optimization of Operating Parameters by Artificial Neural Network”, Applied Catalysis B: Environmental, Vol. 209, pp. 483-492, 2017."
376,Pt,TiO2,,,100,,2.51,nanoparticle,anatase-rutile,UV,Hg,20,,2.53,,,0,Photodeposition,,0,25.25,5,7,25,,5010.00,"Estahbanati, M. R. K., M. Feilizadeh and M. C. Iliuta, “Photocatalytic Valorization of Glycerol to Hydrogen: Optimization of Operating Parameters by Artificial Neural Network”, Applied Catalysis B: Environmental, Vol. 209, pp. 483-492, 2017."
377,Pt,TiO2,,,100,,2.51,nanoparticle,anatase-rutile,UV,Hg,20,,2.53,,,0,Photodeposition,,0,25.25,5,7,25,,4693.00,"Estahbanati, M. R. K., M. Feilizadeh and M. C. Iliuta, “Photocatalytic Valorization of Glycerol to Hydrogen: Optimization of Operating Parameters by Artificial Neural Network”, Applied Catalysis B: Environmental, Vol. 209, pp. 483-492, 2017."
378,Pt,TiO2,,,100,,2.51,nanoparticle,anatase-rutile,UV,Hg,20,,2.53,,,0,Photodeposition,,0,25.25,5,7,25,,4812.00,"Estahbanati, M. R. K., M. Feilizadeh and M. C. Iliuta, “Photocatalytic Valorization of Glycerol to Hydrogen: Optimization of Operating Parameters by Artificial Neural Network”, Applied Catalysis B: Environmental, Vol. 209, pp. 483-492, 2017."
379,Pt,TiO2,,,100,,5,nanoparticle,anatase-rutile,UV,Hg,20,,0.05,,,0,Photodeposition,,0,25.25,5,7,25,,56000.00,"Estahbanati, M. R. K., M. Feilizadeh and M. C. Iliuta, “Photocatalytic Valorization of Glycerol to Hydrogen: Optimization of Operating Parameters by Artificial Neural Network”, Applied Catalysis B: Environmental, Vol. 209, pp. 483-492, 2017."
380,Pt,TiO2,,,100,,5,nanoparticle,anatase-rutile,UV,Hg,20,,5,,,0,Photodeposition,,0,25.25,5,7,25,,2430.00,"Estahbanati, M. R. K., M. Feilizadeh and M. C. Iliuta, “Photocatalytic Valorization of Glycerol to Hydrogen: Optimization of Operating Parameters by Artificial Neural Network”, Applied Catalysis B: Environmental, Vol. 209, pp. 483-492, 2017."
381,Pt,TiO2,,,100,,0.02,nanoparticle,anatase-rutile,UV,Hg,20,,2.53,,,0,Photodeposition,,0,25.25,5,12,25,,1485.00,"Estahbanati, M. R. K., M. Feilizadeh and M. C. Iliuta, “Photocatalytic Valorization of Glycerol to Hydrogen: Optimization of Operating Parameters by Artificial Neural Network”, Applied Catalysis B: Environmental, Vol. 209, pp. 483-492, 2017."
382,Pt,TiO2,,,100,,2.51,nanoparticle,anatase-rutile,UV,Hg,20,,0.05,,,0,Photodeposition,,0,25.25,5,12,25,,14000.00,"Estahbanati, M. R. K., M. Feilizadeh and M. C. Iliuta, “Photocatalytic Valorization of Glycerol to Hydrogen: Optimization of Operating Parameters by Artificial Neural Network”, Applied Catalysis B: Environmental, Vol. 209, pp. 483-492, 2017."
383,Pt,TiO2,,,100,,2.51,nanoparticle,anatase-rutile,UV,Hg,20,,5,,,0,Photodeposition,,0,25.25,5,12,25,,1320.00,"Estahbanati, M. R. K., M. Feilizadeh and M. C. Iliuta, “Photocatalytic Valorization of Glycerol to Hydrogen: Optimization of Operating Parameters by Artificial Neural Network”, Applied Catalysis B: Environmental, Vol. 209, pp. 483-492, 2017."
384,Pt,TiO2,,,100,,5,nanoparticle,anatase-rutile,UV,Hg,20,,2.53,,,0,Photodeposition,,0,25.25,5,12,25,,2416.00,"Estahbanati, M. R. K., M. Feilizadeh and M. C. Iliuta, “Photocatalytic Valorization of Glycerol to Hydrogen: Optimization of Operating Parameters by Artificial Neural Network”, Applied Catalysis B: Environmental, Vol. 209, pp. 483-492, 2017."
385,Pt,TiO2,,,100,,2.51,nanoparticle,anatase-rutile,UV,Hg,20,,2.53,,,0,Photodeposition,,0,50,5,2,25,,5050.00,"Estahbanati, M. R. K., M. Feilizadeh and M. C. Iliuta, “Photocatalytic Valorization of Glycerol to Hydrogen: Optimization of Operating Parameters by Artificial Neural Network”, Applied Catalysis B: Environmental, Vol. 209, pp. 483-492, 2017."
386,Pt,TiO2,,,100,,0.02,nanoparticle,anatase-rutile,UV,Hg,20,,2.53,,,0,Photodeposition,,0,50,5,7,25,,2396.00,"Estahbanati, M. R. K., M. Feilizadeh and M. C. Iliuta, “Photocatalytic Valorization of Glycerol to Hydrogen: Optimization of Operating Parameters by Artificial Neural Network”, Applied Catalysis B: Environmental, Vol. 209, pp. 483-492, 2017."
387,Pt,TiO2,,,100,,2.51,nanoparticle,anatase-rutile,UV,Hg,20,,0.05,,,0,Photodeposition,,0,50,5,7,25,,44000.00,"Estahbanati, M. R. K., M. Feilizadeh and M. C. Iliuta, “Photocatalytic Valorization of Glycerol to Hydrogen: Optimization of Operating Parameters by Artificial Neural Network”, Applied Catalysis B: Environmental, Vol. 209, pp. 483-492, 2017."
388,Pt,TiO2,,,100,,2.51,nanoparticle,anatase-rutile,UV,Hg,20,,5,,,0,Photodeposition,,0,50,5,7,25,,2630.00,"Estahbanati, M. R. K., M. Feilizadeh and M. C. Iliuta, “Photocatalytic Valorization of Glycerol to Hydrogen: Optimization of Operating Parameters by Artificial Neural Network”, Applied Catalysis B: Environmental, Vol. 209, pp. 483-492, 2017."
389,Pt,TiO2,,,100,,5,nanoparticle,anatase-rutile,UV,Hg,20,,2.53,,,0,Photodeposition,,0,50,5,7,25,,5386.00,"Estahbanati, M. R. K., M. Feilizadeh and M. C. Iliuta, “Photocatalytic Valorization of Glycerol to Hydrogen: Optimization of Operating Parameters by Artificial Neural Network”, Applied Catalysis B: Environmental, Vol. 209, pp. 483-492, 2017."
390,Pt,TiO2,,,100,,2.51,nanoparticle,anatase-rutile,UV,Hg,20,,2.53,,,0,Photodeposition,,0,50,5,12,25,,2079.00,"Estahbanati, M. R. K., M. Feilizadeh and M. C. Iliuta, “Photocatalytic Valorization of Glycerol to Hydrogen: Optimization of Operating Parameters by Artificial Neural Network”, Applied Catalysis B: Environmental, Vol. 209, pp. 483-492, 2017."
391,Pt,TiO2,,,100,,1,nanoparticle,anatase-rutile,UV,Hg,20,,1.55,,,0,Photodeposition,,0,1,5,,25,,36.00,"Tahir, M., “La-Modified TiO2/Carbon Nanotubes Assembly Nanocomposite for Efficient Photocatalytic Hydrogen Evolution from Glycerol-Water Mixture”, International Journal of Hydrogen Energy, Vol. 44, No. 7, pp. 3711-3725, 2019."
392,Pt,TiO2,,,100,,1,nanoparticle,anatase-rutile,UV,Hg,20,,0.1,,,0,Photodeposition,,0,15.5,5,,25,,17.00,"Tahir, M., “La-Modified TiO2/Carbon Nanotubes Assembly Nanocomposite for Efficient Photocatalytic Hydrogen Evolution from Glycerol-Water Mixture”, International Journal of Hydrogen Energy, Vol. 44, No. 7, pp. 3711-3725, 2019."
393,Pt,TiO2,,,100,,1,nanoparticle,anatase-rutile,UV,Hg,20,,3,,,0,Photodeposition,,0,15.5,5,,25,,71.00,"Estahbanati, M. R. K., M. Feilizadeh and M. C. Iliuta, “An Intrinsic Kinetic Model for Liquid‐Phase Photocatalytic Hydrogen Production”, AIChE Journal, Vol. 65, No. 11, 2019."
394,Pt,TiO2,,,100,,1,nanoparticle,anatase-rutile,UV,Hg,20,,1.55,,,0,Photodeposition,,0,30,5,,25,,58.00,"Estahbanati, M. R. K., M. Feilizadeh and M. C. Iliuta, “An Intrinsic Kinetic Model for Liquid‐Phase Photocatalytic Hydrogen Production”, AIChE Journal, Vol. 65, No. 11, 2019."
395,Pt,TiO2,,,100,,1,nanoparticle,anatase-rutile,UV,Hg,40,,0.1,,,0,Photodeposition,,0,1,5,,25,,10.00,"Estahbanati, M. R. K., M. Feilizadeh and M. C. Iliuta, “An Intrinsic Kinetic Model for Liquid‐Phase Photocatalytic Hydrogen Production”, AIChE Journal, Vol. 65, No. 11, 2019."
396,Pt,TiO2,,,100,,1,nanoparticle,anatase-rutile,UV,Hg,40,,3,,,0,Photodeposition,,0,1,5,,25,,52.00,"Estahbanati, M. R. K., M. Feilizadeh and M. C. Iliuta, “An Intrinsic Kinetic Model for Liquid‐Phase Photocatalytic Hydrogen Production”, AIChE Journal, Vol. 65, No. 11, 2019."
397,Pt,TiO2,,,100,,1,nanoparticle,anatase-rutile,UV,Hg,40,,0.1,,,0,Photodeposition,,0,30,5,,25,,18.00,"Estahbanati, M. R. K., M. Feilizadeh and M. C. Iliuta, “An Intrinsic Kinetic Model for Liquid‐Phase Photocatalytic Hydrogen Production”, AIChE Journal, Vol. 65, No. 11, 2019."
398,Pt,TiO2,,,100,,1,nanoparticle,anatase-rutile,UV,Hg,40,,3,,,0,Photodeposition,,0,30,5,,25,,78.00,"Estahbanati, M. R. K., M. Feilizadeh and M. C. Iliuta, “An Intrinsic Kinetic Model for Liquid‐Phase Photocatalytic Hydrogen Production”, AIChE Journal, Vol. 65, No. 11, 2019."
399,Pt,TiO2,,,100,,1,nanoparticle,anatase-rutile,UV,Hg,40,,1.55,,,0,Photodeposition,,0,15.5,5,,25,,55.00,"Estahbanati, M. R. K., M. Feilizadeh and M. C. Iliuta, “An Intrinsic Kinetic Model for Liquid‐Phase Photocatalytic Hydrogen Production”, AIChE Journal, Vol. 65, No. 11, 2019."
400,Pt,TiO2,,,100,,1,nanoparticle,anatase-rutile,UV,Hg,40,,1.55,,,0,Photodeposition,,0,15.5,5,,25,,66.00,"Estahbanati, M. R. K., M. Feilizadeh and M. C. Iliuta, “An Intrinsic Kinetic Model for Liquid‐Phase Photocatalytic Hydrogen Production”, AIChE Journal, Vol. 65, No. 11, 2019."
401,Pt,TiO2,,,100,,1,nanoparticle,anatase-rutile,UV,Hg,40,,1.55,,,0,Photodeposition,,0,15.5,5,,25,,62.00,"Estahbanati, M. R. K., M. Feilizadeh and M. C. Iliuta, “An Intrinsic Kinetic Model for Liquid‐Phase Photocatalytic Hydrogen Production”, AIChE Journal, Vol. 65, No. 11, 2019."
402,Pt,TiO2,,,100,,1,nanoparticle,anatase-rutile,UV,Hg,60,,1.55,,,0,Photodeposition,,0,1,5,,25,,52.00,"Estahbanati, M. R. K., M. Feilizadeh and M. C. Iliuta, “An Intrinsic Kinetic Model for Liquid‐Phase Photocatalytic Hydrogen Production”, AIChE Journal, Vol. 65, No. 11, 2019."
403,Pt,TiO2,,,100,,1,nanoparticle,anatase-rutile,UV,Hg,60,,0.1,,,0,Photodeposition,,0,15.5,5,,25,,21.00,"Estahbanati, M. R. K., M. Feilizadeh and M. C. Iliuta, “An Intrinsic Kinetic Model for Liquid‐Phase Photocatalytic Hydrogen Production”, AIChE Journal, Vol. 65, No. 11, 2019."
404,Pt,TiO2,,,100,,1,nanoparticle,anatase-rutile,UV,Hg,60,,3,,,0,Photodeposition,,0,15.5,5,,25,,102.00,"Estahbanati, M. R. K., M. Feilizadeh and M. C. Iliuta, “An Intrinsic Kinetic Model for Liquid‐Phase Photocatalytic Hydrogen Production”, AIChE Journal, Vol. 65, No. 11, 2019."
405,Pt,TiO2,,,100,,1,nanoparticle,anatase-rutile,UV,Hg,60,,1.55,,,0,Photodeposition,,0,30,5,,25,,77.00,"Estahbanati, M. R. K., M. Feilizadeh and M. C. Iliuta, “An Intrinsic Kinetic Model for Liquid‐Phase Photocatalytic Hydrogen Production”, AIChE Journal, Vol. 65, No. 11, 2019."
406,Pt,TiO2,,,100,,1,nanoparticle,anatase-rutile,UV,Hg,60,,1.55,,,0,Photodeposition,,0,15.5,5,,25,,60.00,"Estahbanati, M. R. K., M. Feilizadeh and M. C. Iliuta, “An Intrinsic Kinetic Model for Liquid‐Phase Photocatalytic Hydrogen Production”, AIChE Journal, Vol. 65, No. 11, 2019."
407,Pt,TiO2,,,100,,1,nanoparticle,anatase-rutile,UV,Hg,60,,3,,,0,Photodeposition,,0,15.5,5,,25,,86.00,"Estahbanati, M. R. K., M. Feilizadeh and M. C. Iliuta, “An Intrinsic Kinetic Model for Liquid‐Phase Photocatalytic Hydrogen Production”, AIChE Journal, Vol. 65, No. 11, 2019."
408,Pt,TiO2,,,100,,1,nanoparticle,anatase-rutile,UV,Hg,60,,0.1,,,0,Photodeposition,,0,15.5,5,,25,,18.00,"Estahbanati, M. R. K., M. Feilizadeh and M. C. Iliuta, “An Intrinsic Kinetic Model for Liquid‐Phase Photocatalytic Hydrogen Production”, AIChE Journal, Vol. 65, No. 11, 2019."
409,Pt,TiO2,,,100,,1,nanoparticle,anatase-rutile,UV,Hg,60,,1.55,,,0,Photodeposition,,0,30,5,,25,,65.00,"Wang, J. J., Z. J. Li, X. B. Li, X. B. Fan, Q. Y. Meng, S. Yu, C. B. Li, J. X. Li, C. H. Tung and L. Z. Wu, “Photocatalytic Hydrogen Evolution from Glycerol and Water over Nickel-Hybrid Cadmium Sulfide Quantum Dots under Visible-Light Irradiation”, ChemSusChem, Vol, 7, No. 5, pp. 1468-1475, 2014."
410,Pt,TiO2,,,100,,1,nanoparticle,anatase-rutile,UV,Hg,60,,1.55,,,0,Photodeposition,,0,1,5,,25,,47.00,"Estahbanati, M. R. K., M. Feilizadeh and M. C. Iliuta, “An Intrinsic Kinetic Model for Liquid‐Phase Photocatalytic Hydrogen Production”, AIChE Journal, Vol. 65, No. 11, 2019."
411,Pt,TiO2,,,100,,1,nanoparticle,anatase-rutile,UV,Hg,60,,1.55,,,0,Photodeposition,,0,15.5,5,,25,,72.00,"Suhag MH, Tateishi I, Furukawa M, Katsumata H, Khatun A, Kaneco S. Photocatalytic Biohydrogen Production Using ZnO from Aqueous Glycerol Solution with Aid of Simultaneous Cu Deposition. Journal of Composites Science 2023;7. https://doi.org/10.3390/jcs7090361."
412,Pt,TiO2,,,100,,0.5,nanoparticle,anatase,UV,Hg,125,,1,,,0,Precipitation,400,2,10,85,6.8,25,3.04,12615.00,"López-Tenllado, F. J., J. Hidalgo-Carrillo, V. Montes, A. Marinas, F. J. Urbano, J. M. Marinas, L. Ilieva, T. Tabakova and F. Reid, “A Comparative Study of Hydrogen Photocatalytic Production from Glycerol and Propan-2-Ol on M/TiO2 Systems (M=Au, Pt, Pd)”, Catalysis Today, Vol. 280, pp. 58-64, 2017."
413,Pt,TiO2,,,100,,1.5,nanoparticle,anatase,UV,Hg,125,,1,,,0,Precipitation,400,2,10,85,6.8,25,3.01,15138.00,"López-Tenllado, F. J., J. Hidalgo-Carrillo, V. Montes, A. Marinas, F. J. Urbano, J. M. Marinas, L. Ilieva, T. Tabakova and F. Reid, “A Comparative Study of Hydrogen Photocatalytic Production from Glycerol and Propan-2-Ol on M/TiO2 Systems (M=Au, Pt, Pd)”, Catalysis Today, Vol. 280, pp. 58-64, 2017."
414,Pt,TiO2,,,100,,3,nanoparticle,anatase,UV,Hg,125,,1,,,0,Precipitation,400,2,10,85,6.8,25,2.91,16972.00,"López-Tenllado, F. J., J. Hidalgo-Carrillo, V. Montes, A. Marinas, F. J. Urbano, J. M. Marinas, L. Ilieva, T. Tabakova and F. Reid, “A Comparative Study of Hydrogen Photocatalytic Production from Glycerol and Propan-2-Ol on M/TiO2 Systems (M=Au, Pt, Pd)”, Catalysis Today, Vol. 280, pp. 58-64, 2017."
415,Pt,TiO2,,,100,,0.5,nanoparticle,anatase,UV,Hg,125,,1,,,0,photodeposition,400,2,10,85,6.8,25,3.08,9289.00,"López-Tenllado, F. J., J. Hidalgo-Carrillo, V. Montes, A. Marinas, F. J. Urbano, J. M. Marinas, L. Ilieva, T. Tabakova and F. Reid, “A Comparative Study of Hydrogen Photocatalytic Production from Glycerol and Propan-2-Ol on M/TiO2 Systems (M=Au, Pt, Pd)”, Catalysis Today, Vol. 280, pp. 58-64, 2017."
416,Pt,TiO2,,,100,,0.5,nanoparticle,anatase,UV,Hg,125,,1,,,0,Impregnation,400,2,10,85,6.8,25,2.95,10550.00,"López-Tenllado, F. J., J. Hidalgo-Carrillo, V. Montes, A. Marinas, F. J. Urbano, J. M. Marinas, L. Ilieva, T. Tabakova and F. Reid, “A Comparative Study of Hydrogen Photocatalytic Production from Glycerol and Propan-2-Ol on M/TiO2 Systems (M=Au, Pt, Pd)”, Catalysis Today, Vol. 280, pp. 58-64, 2017."
417,Pt,TiO2,,,100,,1,nanoparticle,anatase-rutile,UV,,200,365,0.3,,,0,Precipitation,500,2,10,20,,25,3.18,27100.00,"Al-Azri, Z. H. N., W. T. Chen, A. Chan, V. Jovic, T. Ina, H. Idriss and G. I. N. Waterhouse, “The Roles of Metal Co-Catalysts and Reaction Media in Photocatalytic Hydrogen Production: Performance Evaluation of M/TiO2 Photocatalysts (M = Pd, Pt, Au) in Different Alcohol–Water Mixtures”, Journal of Catalysis, Vol. 329, pp. 355-367, 2015."
418,Pt,TiO2,,,100,,0.1,nanoparticle,anatase-rutile,Visible,Xe,75,,4.38,,,0,sol-gel,400,2,3.7,16,,25,,19016.00,"Bednarczyk, K., M. Stelmachowski and M. Gmurek, “The Influence of Process Parameters on Photocatalytic Hydrogen Production”, Environmental Progress & Sustainable Energy, Vol. 38, No. 2, pp. 680-687, 2018."
419,Pt,TiO2,,,100,,0.5,nanoparticle,anatase-rutile,Visible,Xe,75,,4.38,,,0,sol-gel,400,2,3.7,16,,25,,13855.00,"Bednarczyk, K., M. Stelmachowski and M. Gmurek, “The Influence of Process Parameters on Photocatalytic Hydrogen Production”, Environmental Progress & Sustainable Energy, Vol. 38, No. 2, pp. 680-687, 2018."
420,Pt,TiO2,,,100,,0.1,nanoparticle,anatase-rutile,Visible,Xe,75,,4.38,,,0,photodeposition,,0,3.7,16,,25,,13810.00,"Bednarczyk, K., M. Stelmachowski and M. Gmurek, “The Influence of Process Parameters on Photocatalytic Hydrogen Production”, Environmental Progress & Sustainable Energy, Vol. 38, No. 2, pp. 680-687, 2018."
421,Pt,TiO2,,,100,,0.5,nanoparticle,anatase-rutile,Visible,Xe,75,,4.38,,,0,photodeposition,,0,3.7,16,,25,,21565.00,"Bednarczyk, K., M. Stelmachowski and M. Gmurek, “The Influence of Process Parameters on Photocatalytic Hydrogen Production”, Environmental Progress & Sustainable Energy, Vol. 38, No. 2, pp. 680-687, 2018."
422,Pt,TiO2,,,100,,0.5,nanoparticle,anatase-rutile,Visible,Xe,75,,8.75,,,0,photodeposition,,0,3.7,16,,25,,7044.50,"Bednarczyk, K., M. Stelmachowski and M. Gmurek, “The Influence of Process Parameters on Photocatalytic Hydrogen Production”, Environmental Progress & Sustainable Energy, Vol. 38, No. 2, pp. 680-687, 2018."
423,Pt,TiO2,,,100,,0.5,nanoparticle,anatase-rutile,Visible,Xe,75,,1.88,,,0,photodeposition,,0,3.7,16,,25,,34110.00,"Bednarczyk, K., M. Stelmachowski and M. Gmurek, “The Influence of Process Parameters on Photocatalytic Hydrogen Production”, Environmental Progress & Sustainable Energy, Vol. 38, No. 2, pp. 680-687, 2018."
424,Pt,TiO2,,,100,,0.5,nanoparticle,anatase-rutile,Visible,Xe,75,,0.94,,,0,photodeposition,,0,3.7,16,,25,,44492.00,"Bednarczyk, K., M. Stelmachowski and M. Gmurek, “The Influence of Process Parameters on Photocatalytic Hydrogen Production”, Environmental Progress & Sustainable Energy, Vol. 38, No. 2, pp. 680-687, 2018."
425,Pt,TiO2,,,100,,0.5,nanoparticle,anatase-rutile,Visible,Xe,75,,0.31,,,0,photodeposition,,0,3.7,16,,25,,104180.00,"Bednarczyk, K., M. Stelmachowski and M. Gmurek, “The Influence of Process Parameters on Photocatalytic Hydrogen Production”, Environmental Progress & Sustainable Energy, Vol. 38, No. 2, pp. 680-687, 2018."
426,Pt,TiO2,,,100,,0.5,nanoparticle,anatase-rutile,Visible,Xe,75,,0.19,,,0,photodeposition,,0,3.7,16,,25,,126430.00,"Bednarczyk, K., M. Stelmachowski and M. Gmurek, “The Influence of Process Parameters on Photocatalytic Hydrogen Production”, Environmental Progress & Sustainable Energy, Vol. 38, No. 2, pp. 680-687, 2018."
427,Pt,TiO2,,,100,,0.5,nanoparticle,anatase-rutile,Visible,Xe,75,,0.09,,,0,photodeposition,,0,3.7,16,,25,,141000.00,"Bednarczyk, K., M. Stelmachowski and M. Gmurek, “The Influence of Process Parameters on Photocatalytic Hydrogen Production”, Environmental Progress & Sustainable Energy, Vol. 38, No. 2, pp. 680-687, 2018."
428,Pt,TiO2,Fe2O3,,99.9,,0.5,nanocomposite,anatase,Visible,Xe,500,420,0.5,sol-gel,,0,Impregnation,,0,10,200,,25,2.97,39.67,"Gullapelli, S. M. S. Scurrell and D. K. Valluri, “Photocatalytic H2 Production from Glycerol–Water Mixtures over Ni/γ-Al2O3 and TiO2 Composite Systems”, International Journal of Hydrogen Energy, Vol. 42, No. 22, pp. 15031-15043, 2017."
429,Pt,TiO2,Fe2O3,,99.5,,0.5,nanocomposite,anatase,Visible,Xe,500,420,0.5,sol-gel,,0,Impregnation,,0,10,200,,25,2.59,121.98,"Gullapelli, S. M. S. Scurrell and D. K. Valluri, “Photocatalytic H2 Production from Glycerol–Water Mixtures over Ni/γ-Al2O3 and TiO2 Composite Systems”, International Journal of Hydrogen Energy, Vol. 42, No. 22, pp. 15031-15043, 2017."
430,Pt,TiO2,Fe2O3,,99,,0.5,nanocomposite,anatase,Visible,Xe,500,420,0.5,sol-gel,,0,Impregnation,,0,10,200,,25,2.35,424.18,"Gullapelli, S. M. S. Scurrell and D. K. Valluri, “Photocatalytic H2 Production from Glycerol–Water Mixtures over Ni/γ-Al2O3 and TiO2 Composite Systems”, International Journal of Hydrogen Energy, Vol. 42, No. 22, pp. 15031-15043, 2017."
431,Pt,TiO2,Fe2O3,,97,,0.5,nanocomposite,anatase,Visible,Xe,500,420,0.5,sol-gel,,0,Impregnation,,0,10,200,,25,2.22,879.12,"Gullapelli, S. M. S. Scurrell and D. K. Valluri, “Photocatalytic H2 Production from Glycerol–Water Mixtures over Ni/γ-Al2O3 and TiO2 Composite Systems”, International Journal of Hydrogen Energy, Vol. 42, No. 22, pp. 15031-15043, 2017."
432,Pt,TiO2,Fe2O3,,95,,0.5,nanocomposite,anatase,Visible,Xe,500,420,0.5,sol-gel,,0,Impregnation,,0,10,200,,25,2.2,1000.00,"Balsamo SA, Fiorenza R, Iapichino MTA, Lopez-Tenllado FJ, Urbano FJ, Sciré S. H2 production through glycerol photoreforming using one-pot prepared TiO2-rGO-Au photocatalysts. Molecular Catalysis 2023;547. https://doi.org/10.1016/j.mcat.2023.113346."
433,Pt,TiO2,CNT,,80,,1,nanotube,anatase,UV,,20,,1,,,0,Hydrothermal,300,2,10,5,,25,,50.00,"Tahir, M., “La-Modified TiO2/Carbon Nanotubes Assembly Nanocomposite for Efficient Photocatalytic Hydrogen Evolution from Glycerol-Water Mixture”, International Journal of Hydrogen Energy, Vol. 44, No. 7, pp. 3711-3725, 2019."
434,Pt,TiO2,CNT,,80,,1,nanotube,anatase,UV,Hg,20,,1,,,0,Hydrothermal,400,2,10,5,,25,,350.00,"Zhong W, Wang C, Peng S, Shu R, Tian Z, Du Y, et al. Investigation on the effect of temperature on photothermal glycerol reforming hydrogen production over Ag/TiO2 nanoflake catalyst. International Journal of Hydrogen Energy 2022;47. https://doi.org/10.1016/j.ijhydene.2022.03.122"
435,Pt,TiO2,CNT,,80,,1,nanotube,anatase,UV,Hg,20,,1,,,0,Hydrothermal,500,2,10,5,,25,,830.00,"Tahir, M., “La-Modified TiO2/Carbon Nanotubes Assembly Nanocomposite for Efficient Photocatalytic Hydrogen Evolution from Glycerol-Water Mixture”, International Journal of Hydrogen Energy, Vol. 44, No. 7, pp. 3711-3725, 2019."
436,Pt,TiO2,CNT,,80,,1,nanotube,anatase,UV,Hg,20,,1,,,0,Hydrothermal,600,2,10,5,,25,,265.00,"Sadanandam, G., D. K. Valluri and M. S. Scurrell, “Highly Stabilized Ag2O-Loaded Nano TiO2 for Hydrogen Production from Glycerol: Water Mixtures under Solar Light Irradiation”, International Journal of Hydrogen Energy, Vol. 42, No. 2, pp. 807-820, 2017."
437,Pt,TiO2,CNT,,80,,1,nanotube,anatase-rutile,UV,Hg,20,,1,,,0,Hydrothermal,800,2,10,5,,25,,45.00,"Tahir, M., “La-Modified TiO2/Carbon Nanotubes Assembly Nanocomposite for Efficient Photocatalytic Hydrogen Evolution from Glycerol-Water Mixture”, International Journal of Hydrogen Energy, Vol. 44, No. 7, pp. 3711-3725, 2019."
438,Pt,TiO2,CS,,95,,1,nanosphere,anatase ,UV,Hg,20,,1,,,0,Hydrothermal,300,2,10,5,,25,,795.00,"Tahir, M., “La-Modified TiO2/Carbon Nanotubes Assembly Nanocomposite for Efficient Photocatalytic Hydrogen Evolution from Glycerol-Water Mixture”, International Journal of Hydrogen Energy, Vol. 44, No. 7, pp. 3711-3725, 2019."
439,Pt,TiO2,CS,,95,,1,nanosphere,anatase ,UV,Hg,20,,1,,,0,Hydrothermal,400,2,10,5,,25,,3210.00,"Tahir, M., “La-Modified TiO2/Carbon Nanotubes Assembly Nanocomposite for Efficient Photocatalytic Hydrogen Evolution from Glycerol-Water Mixture”, International Journal of Hydrogen Energy, Vol. 44, No. 7, pp. 3711-3725, 2019."
440,Pt,TiO2,CS,,95,,1,nanosphere,anatase ,UV,Hg,20,,1,,,0,Hydrothermal,500,2,10,5,,25,,3000.00,"Tahir, M., “La-Modified TiO2/Carbon Nanotubes Assembly Nanocomposite for Efficient Photocatalytic Hydrogen Evolution from Glycerol-Water Mixture”, International Journal of Hydrogen Energy, Vol. 44, No. 7, pp. 3711-3725, 2019."
441,Pt,TiO2,CS,,95,,1,nanosphere,anatase ,UV,Hg,20,,1,,,0,Hydrothermal,600,2,10,5,,25,,1210.00,"Tahir, M., “La-Modified TiO2/Carbon Nanotubes Assembly Nanocomposite for Efficient Photocatalytic Hydrogen Evolution from Glycerol-Water Mixture”, International Journal of Hydrogen Energy, Vol. 44, No. 7, pp. 3711-3725, 2019."
442,Pt,TiO2,CS,,95,,1,nanosphere,rutile,UV,Hg,20,,1,,,0,Hydrothermal,800,2,10,5,,25,,965.00,"Tahir, M., “La-Modified TiO2/Carbon Nanotubes Assembly Nanocomposite for Efficient Photocatalytic Hydrogen Evolution from Glycerol-Water Mixture”, International Journal of Hydrogen Energy, Vol. 44, No. 7, pp. 3711-3725, 2019."
443,Pt,TiO2,,,100,,1,nanoparticle,anatase,UV,Hg,20,,1,,,0,Hydrothermal,400,2,10,5,,25,,1145.00,"Tahir, M., “La-Modified TiO2/Carbon Nanotubes Assembly Nanocomposite for Efficient Photocatalytic Hydrogen Evolution from Glycerol-Water Mixture”, International Journal of Hydrogen Energy, Vol. 44, No. 7, pp. 3711-3725, 2019."
444,Pt,TiO2,CNT,,80,,1,nanotube,anatase,UV,Hg,20,,1,,,0,sol-gel,400,2,10,5,,25,,580.00,"Tahir, M., “La-Modified TiO2/Carbon Nanotubes Assembly Nanocomposite for Efficient Photocatalytic Hydrogen Evolution from Glycerol-Water Mixture”, International Journal of Hydrogen Energy, Vol. 44, No. 7, pp. 3711-3725, 2019."
445,Pt,TiO2,CS,,95,,1,nanosphere,anatase,UV,Hg,20,,1,,,0,sol-gel,400,2,10,5,,25,,545.00,"Tahir, M., “La-Modified TiO2/Carbon Nanotubes Assembly Nanocomposite for Efficient Photocatalytic Hydrogen Evolution from Glycerol-Water Mixture”, International Journal of Hydrogen Energy, Vol. 44, No. 7, pp. 3711-3725, 2019."
446,Pt,TiO2,,,100,,1,nanoparticle,anatase,UV,Hg,20,,1,,,0,sol-gel,400,2,10,5,,25,,670.00,"Tahir, M., “La-Modified TiO2/Carbon Nanotubes Assembly Nanocomposite for Efficient Photocatalytic Hydrogen Evolution from Glycerol-Water Mixture”, International Journal of Hydrogen Energy, Vol. 44, No. 7, pp. 3711-3725, 2019."
447,Pt,TiO2,CNT,,80,,1,nanotube,anatase,UV,Hg,20,,1,,,0,sol-gel,400,2,10,5,,25,,4360.00,"Tahir, M., “La-Modified TiO2/Carbon Nanotubes Assembly Nanocomposite for Efficient Photocatalytic Hydrogen Evolution from Glycerol-Water Mixture”, International Journal of Hydrogen Energy, Vol. 44, No. 7, pp. 3711-3725, 2019."
448,Pt,TiO2,,,100,,1,nanoparticle,anatase,UV,Hg,20,,1,,,0,sol-gel,400,2,10,5,,25,,4790.00,"Tahir, M., “La-Modified TiO2/Carbon Nanotubes Assembly Nanocomposite for Efficient Photocatalytic Hydrogen Evolution from Glycerol-Water Mixture”, International Journal of Hydrogen Energy, Vol. 44, No. 7, pp. 3711-3725, 2019."
449,Pt,TiO2,rGO,,97,,3.8,nanoparticle,anatase-rutile,UV,Hg,450,,0.5,Hydrothermal,,0,photodeposition,,0,20,300,5,30,2.52,45045.00,"Nguyen, N. T., D. D. Zheng, S. S. Chen, C. T. Chang, C. M. Ma, N. C. Nguyen, H. T. Nguyen, S. S. Hsiao and S. Y. Kang, “Effects of Different Sacrificial Agents and Hydrogen Production from Wastewater by Pt-Graphene/TiO2”, Journal of Nanoscience and Nanotechnology, Vol. 18, No. 5, pp. 3563-3570, 2018."
450,Pt,TiO2,rGO,,97,,3.8,nanoparticle,anatase-rutile,UV,Hg,450,,0.5,Hydrothermal,,0,photodeposition,,0,50,300,5,30,2.52,52252.00,"Nguyen, N. T., D. D. Zheng, S. S. Chen, C. T. Chang, C. M. Ma, N. C. Nguyen, H. T. Nguyen, S. S. Hsiao and S. Y. Kang, “Effects of Different Sacrificial Agents and Hydrogen Production from Wastewater by Pt-Graphene/TiO2”, Journal of Nanoscience and Nanotechnology, Vol. 18, No. 5, pp. 3563-3570, 2018."
451,Pt,TiO2,rGO,,97,,3.8,nanoparticle,anatase-rutile,UV,Hg,450,,0.5,Hydrothermal,,0,photodeposition,,0,80,300,5,30,2.52,43784.00,"Nguyen, N. T., D. D. Zheng, S. S. Chen, C. T. Chang, C. M. Ma, N. C. Nguyen, H. T. Nguyen, S. S. Hsiao and S. Y. Kang, “Effects of Different Sacrificial Agents and Hydrogen Production from Wastewater by Pt-Graphene/TiO2”, Journal of Nanoscience and Nanotechnology, Vol. 18, No. 5, pp. 3563-3570, 2018."
452,Pt,TiO2,rGO,,97,,3.8,nanoparticle,anatase-rutile,UV,Hg,450,,0.5,Hydrothermal,,0,photodeposition,,0,5,300,5,30,2.52,22162.00,"Nguyen, N. T., D. D. Zheng, S. S. Chen, C. T. Chang, C. M. Ma, N. C. Nguyen, H. T. Nguyen, S. S. Hsiao and S. Y. Kang, “Effects of Different Sacrificial Agents and Hydrogen Production from Wastewater by Pt-Graphene/TiO2”, Journal of Nanoscience and Nanotechnology, Vol. 18, No. 5, pp. 3563-3570, 2018."
453,Pt,TiO2,rGO,,97,,3.8,nanoparticle,anatase-rutile,UV,Hg,450,,0.5,Hydrothermal,,0,photodeposition,,0,50,300,5,30,2.52,52252.00,"Nguyen, N. T., D. D. Zheng, S. S. Chen, C. T. Chang, C. M. Ma, N. C. Nguyen, H. T. Nguyen, S. S. Hsiao and S. Y. Kang, “Effects of Different Sacrificial Agents and Hydrogen Production from Wastewater by Pt-Graphene/TiO2”, Journal of Nanoscience and Nanotechnology, Vol. 18, No. 5, pp. 3563-3570, 2018."
454,Pt,TiO2,rGO,,97,,3.8,nanoparticle,anatase-rutile,UV,Hg,450,,0.5,Hydrothermal,,0,photodeposition,,0,20,300,7,30,2.52,56937.00,"Nguyen, N. T., D. D. Zheng, S. S. Chen, C. T. Chang, C. M. Ma, N. C. Nguyen, H. T. Nguyen, S. S. Hsiao and S. Y. Kang, “Effects of Different Sacrificial Agents and Hydrogen Production from Wastewater by Pt-Graphene/TiO2”, Journal of Nanoscience and Nanotechnology, Vol. 18, No. 5, pp. 3563-3570, 2018."
455,Pt,TiO2,rGO,,97,,3.8,nanoparticle,anatase-rutile,UV,Hg,450,,0.5,Hydrothermal,,0,photodeposition,,0,20,300,11,30,2.52,49009.00,"Nguyen, N. T., D. D. Zheng, S. S. Chen, C. T. Chang, C. M. Ma, N. C. Nguyen, H. T. Nguyen, S. S. Hsiao and S. Y. Kang, “Effects of Different Sacrificial Agents and Hydrogen Production from Wastewater by Pt-Graphene/TiO2”, Journal of Nanoscience and Nanotechnology, Vol. 18, No. 5, pp. 3563-3570, 2018."
456,Pt,TiO2,rGO,,97,,3.8,nanoparticle,anatase-rutile,UV,Hg,450,,0.1,Hydrothermal,,0,photodeposition,,0,20,300,7,30,2.52,63964.00,"Nguyen, N. T., D. D. Zheng, S. S. Chen, C. T. Chang, C. M. Ma, N. C. Nguyen, H. T. Nguyen, S. S. Hsiao and S. Y. Kang, “Effects of Different Sacrificial Agents and Hydrogen Production from Wastewater by Pt-Graphene/TiO2”, Journal of Nanoscience and Nanotechnology, Vol. 18, No. 5, pp. 3563-3570, 2018."
457,Pt,TiO2,rGO,,97,,3.8,nanoparticle,anatase-rutile,UV,Hg,450,,0.25,Hydrothermal,,0,photodeposition,,0,20,300,7,30,2.52,70800.00,"Nguyen, N. T., D. D. Zheng, S. S. Chen, C. T. Chang, C. M. Ma, N. C. Nguyen, H. T. Nguyen, S. S. Hsiao and S. Y. Kang, “Effects of Different Sacrificial Agents and Hydrogen Production from Wastewater by Pt-Graphene/TiO2”, Journal of Nanoscience and Nanotechnology, Vol. 18, No. 5, pp. 3563-3570, 2018."
458,Pt,TiO2,rGO,,97,,3.8,nanoparticle,anatase-rutile,UV,Hg,450,,0.5,Hydrothermal,,0,photodeposition,,0,20,300,7,30,2.52,56937.00,"Nguyen, N. T., D. D. Zheng, S. S. Chen, C. T. Chang, C. M. Ma, N. C. Nguyen, H. T. Nguyen, S. S. Hsiao and S. Y. Kang, “Effects of Different Sacrificial Agents and Hydrogen Production from Wastewater by Pt-Graphene/TiO2”, Journal of Nanoscience and Nanotechnology, Vol. 18, No. 5, pp. 3563-3570, 2018."
459,Pt,TiO2,rGO,,97,,3.8,nanoparticle,anatase-rutile,UV,Hg,450,,0.75,Hydrothermal,,0,photodeposition,,0,20,300,7,30,2.52,48288.00,"Nguyen, N. T., D. D. Zheng, S. S. Chen, C. T. Chang, C. M. Ma, N. C. Nguyen, H. T. Nguyen, S. S. Hsiao and S. Y. Kang, “Effects of Different Sacrificial Agents and Hydrogen Production from Wastewater by Pt-Graphene/TiO2”, Journal of Nanoscience and Nanotechnology, Vol. 18, No. 5, pp. 3563-3570, 2018."
460,Pt,TiO2,rGO,,97,,3.8,nanoparticle,anatase-rutile,UV,Hg,450,,1,Hydrothermal,,0,photodeposition,,0,20,300,7,30,2.52,46306.00,"Nguyen, N. T., D. D. Zheng, S. S. Chen, C. T. Chang, C. M. Ma, N. C. Nguyen, H. T. Nguyen, S. S. Hsiao and S. Y. Kang, “Effects of Different Sacrificial Agents and Hydrogen Production from Wastewater by Pt-Graphene/TiO2”, Journal of Nanoscience and Nanotechnology, Vol. 18, No. 5, pp. 3563-3570, 2018."
461,Pt,TiO2,rGO,,99,,3.8,nanoparticle,anatase-rutile,UV,Hg,450,,0.25,Hydrothermal,,0,photodeposition,,0,20,300,7,30,2.98,41622.00,"Nguyen, N. T., D. D. Zheng, S. S. Chen, C. T. Chang, C. M. Ma, N. C. Nguyen, H. T. Nguyen, S. S. Hsiao and S. Y. Kang, “Effects of Different Sacrificial Agents and Hydrogen Production from Wastewater by Pt-Graphene/TiO2”, Journal of Nanoscience and Nanotechnology, Vol. 18, No. 5, pp. 3563-3570, 2018."
462,Pt,TiO2,rGO,,98,,3.8,nanoparticle,anatase-rutile,UV,Hg,450,,0.25,Hydrothermal,,0,photodeposition,,0,20,300,7,30,2.89,64505.00,"Nguyen, N. T., D. D. Zheng, S. S. Chen, C. T. Chang, C. M. Ma, N. C. Nguyen, H. T. Nguyen, S. S. Hsiao and S. Y. Kang, “Effects of Different Sacrificial Agents and Hydrogen Production from Wastewater by Pt-Graphene/TiO2”, Journal of Nanoscience and Nanotechnology, Vol. 18, No. 5, pp. 3563-3570, 2018."
463,Pt,TiO2,rGO,,97,,3.8,nanoparticle,anatase-rutile,UV,Hg,450,,0.25,Hydrothermal,,0,photodeposition,,0,20,300,7,30,2.52,70800.00,"Nguyen, N. T., D. D. Zheng, S. S. Chen, C. T. Chang, C. M. Ma, N. C. Nguyen, H. T. Nguyen, S. S. Hsiao and S. Y. Kang, “Effects of Different Sacrificial Agents and Hydrogen Production from Wastewater by Pt-Graphene/TiO2”, Journal of Nanoscience and Nanotechnology, Vol. 18, No. 5, pp. 3563-3570, 2018."
464,Pt,TiO2,rGO,,95,,3.8,nanoparticle,anatase-rutile,UV,Hg,450,,0.25,Hydrothermal,,0,photodeposition,,0,20,300,7,30,2.98,46486.00,"Nguyen, N. T., D. D. Zheng, S. S. Chen, C. T. Chang, C. M. Ma, N. C. Nguyen, H. T. Nguyen, S. S. Hsiao and S. Y. Kang, “Effects of Different Sacrificial Agents and Hydrogen Production from Wastewater by Pt-Graphene/TiO2”, Journal of Nanoscience and Nanotechnology, Vol. 18, No. 5, pp. 3563-3570, 2018."
465,Pt,TiO2,rGO,,97,,1.5,nanoparticle,anatase-rutile,UV,Hg,450,,0.25,Hydrothermal,,0,photodeposition,,0,20,300,7,30,2.52,45405.00,"Nguyen, N. T., D. D. Zheng, S. S. Chen, C. T. Chang, C. M. Ma, N. C. Nguyen, H. T. Nguyen, S. S. Hsiao and S. Y. Kang, “Effects of Different Sacrificial Agents and Hydrogen Production from Wastewater by Pt-Graphene/TiO2”, Journal of Nanoscience and Nanotechnology, Vol. 18, No. 5, pp. 3563-3570, 2018."
466,Pt,TiO2,rGO,,97,,2.5,nanoparticle,anatase-rutile,UV,Hg,450,,0.25,Hydrothermal,,0,photodeposition,,0,20,300,7,30,2.52,61622.00,"Nguyen, N. T., D. D. Zheng, S. S. Chen, C. T. Chang, C. M. Ma, N. C. Nguyen, H. T. Nguyen, S. S. Hsiao and S. Y. Kang, “Effects of Different Sacrificial Agents and Hydrogen Production from Wastewater by Pt-Graphene/TiO2”, Journal of Nanoscience and Nanotechnology, Vol. 18, No. 5, pp. 3563-3570, 2018."
467,Pt,TiO2,rGO,,97,,3.8,nanoparticle,anatase-rutile,UV,Hg,450,,0.25,Hydrothermal,,0,photodeposition,,0,20,300,7,30,2.52,70800.00,"Nguyen, N. T., D. D. Zheng, S. S. Chen, C. T. Chang, C. M. Ma, N. C. Nguyen, H. T. Nguyen, S. S. Hsiao and S. Y. Kang, “Effects of Different Sacrificial Agents and Hydrogen Production from Wastewater by Pt-Graphene/TiO2”, Journal of Nanoscience and Nanotechnology, Vol. 18, No. 5, pp. 3563-3570, 2018."
468,Pt,TiO2,rGO,,97,,3.8,nanoparticle,anatase-rutile,UV,Hg,450,,0.25,Hydrothermal,,0,photodeposition,,0,20,300,7,30,2.52,70800.00,"Nguyen, N. T., D. D. Zheng, S. S. Chen, C. T. Chang, C. M. Ma, N. C. Nguyen, H. T. Nguyen, S. S. Hsiao and S. Y. Kang, “Effects of Different Sacrificial Agents and Hydrogen Production from Wastewater by Pt-Graphene/TiO2”, Journal of Nanoscience and Nanotechnology, Vol. 18, No. 5, pp. 3563-3570, 2018."
469,Pt,TiO2,rGO,,97,,3.8,nanoparticle,anatase-rutile,UV,Hg,450,,0.25,Hydrothermal,,0,photodeposition,,0,20,300,7,40,2.52,68649.00,"Nguyen, N. T., D. D. Zheng, S. S. Chen, C. T. Chang, C. M. Ma, N. C. Nguyen, H. T. Nguyen, S. S. Hsiao and S. Y. Kang, “Effects of Different Sacrificial Agents and Hydrogen Production from Wastewater by Pt-Graphene/TiO2”, Journal of Nanoscience and Nanotechnology, Vol. 18, No. 5, pp. 3563-3570, 2018."
470,Pt,TiO2,rGO,,97,,3.8,nanoparticle,anatase-rutile,UV,Hg,450,,0.5,Hydrothermal,,0,photodeposition,,0,0.5,300,7,30,2.52,9753.60,"Nguyen, N. T., D. D. Zheng, S. S. Chen, C. T. Chang, C. M. Ma, N. C. Nguyen, H. T. Nguyen, S. S. Hsiao and S. Y. Kang, “Effects of Different Sacrificial Agents and Hydrogen Production from Wastewater by Pt-Graphene/TiO2”, Journal of Nanoscience and Nanotechnology, Vol. 18, No. 5, pp. 3563-3570, 2018."
471,Pt,TiO2,rGO,,97,,3.8,nanoparticle,anatase-rutile,UV,Hg,450,,0.5,Hydrothermal,,0,photodeposition,,0,1,300,7,30,2.52,12700.00,"Lalitha, K., G. Sadanandam, V. D. Kumari, M. Subrahmanyam, B. Sreedhar and N. Y. Hebalkar, “Highly Stabilized and Finely Dispersed Cu2O/TiO2: a Promising Visible Sensitive Photocatalyst for Continuous Production of Hydrogen from Glycerol: Water Mixtures”, The Journal of Physical Chemistry C, Vol. 114, No. 50, pp. 22181-22189, 2010."
472,Pt,TiO2,rGO,,97,,3.8,nanoparticle,anatase-rutile,UV,Hg,450,,0.5,Hydrothermal,,0,photodeposition,,0,5,300,7,30,2.52,6037.90,"Nguyen, N. T., D. D. Zheng, S. S. Chen, C. T. Chang, C. M. Ma, N. C. Nguyen, H. T. Nguyen, S. S. Hsiao and S. Y. Kang, “Effects of Different Sacrificial Agents and Hydrogen Production from Wastewater by Pt-Graphene/TiO2”, Journal of Nanoscience and Nanotechnology, Vol. 18, No. 5, pp. 3563-3570, 2018."
473,Pt,TiO2,rGO,,97,,3.8,nanoparticle,anatase-rutile,UV,Hg,450,,0.5,Hydrothermal,,0,photodeposition,,0,20,300,7,30,2.52,0.00,"Nguyen, N. T., D. D. Zheng, S. S. Chen, C. T. Chang, C. M. Ma, N. C. Nguyen, H. T. Nguyen, S. S. Hsiao and S. Y. Kang, “Effects of Different Sacrificial Agents and Hydrogen Production from Wastewater by Pt-Graphene/TiO2”, Journal of Nanoscience and Nanotechnology, Vol. 18, No. 5, pp. 3563-3570, 2018."
474,Pt,TiO2,rGO,,97,,3.8,nanoparticle,anatase-rutile,UV,Hg,450,,0.5,Hydrothermal,,0,photodeposition,,0,1,300,5,30,2.52,10815.00,"Nguyen, N. T., D. D. Zheng, S. S. Chen, C. T. Chang, C. M. Ma, N. C. Nguyen, H. T. Nguyen, S. S. Hsiao and S. Y. Kang, “Effects of Different Sacrificial Agents and Hydrogen Production from Wastewater by Pt-Graphene/TiO2”, Journal of Nanoscience and Nanotechnology, Vol. 18, No. 5, pp. 3563-3570, 2018."
475,Pt,TiO2,rGO,,97,,3.8,nanoparticle,anatase-rutile,UV,Hg,450,,0.5,Hydrothermal,,0,photodeposition,,0,1,300,7,30,2.52,12700.00,"Lalitha, K., G. Sadanandam, V. D. Kumari, M. Subrahmanyam, B. Sreedhar and N. Y. Hebalkar, “Highly Stabilized and Finely Dispersed Cu2O/TiO2: a Promising Visible Sensitive Photocatalyst for Continuous Production of Hydrogen from Glycerol: Water Mixtures”, The Journal of Physical Chemistry C, Vol. 114, No. 50, pp. 22181-22189, 2010."
476,Pt,TiO2,rGO,,97,,3.8,nanoparticle,anatase-rutile,UV,Hg,450,,0.5,Hydrothermal,,0,photodeposition,,0,1,300,11,30,2.52,9687.20,"Nguyen, N. T., D. D. Zheng, S. S. Chen, C. T. Chang, C. M. Ma, N. C. Nguyen, H. T. Nguyen, S. S. Hsiao and S. Y. Kang, “Effects of Different Sacrificial Agents and Hydrogen Production from Wastewater by Pt-Graphene/TiO2”, Journal of Nanoscience and Nanotechnology, Vol. 18, No. 5, pp. 3563-3570, 2018."
477,Pt,TiO2,rGO,,97,,3.8,nanoparticle,anatase-rutile,UV,Hg,450,,0.25,Hydrothermal,,0,photodeposition,,0,1,300,7,30,2.52,9985.80,"Nguyen, N. T., D. D. Zheng, S. S. Chen, C. T. Chang, C. M. Ma, N. C. Nguyen, H. T. Nguyen, S. S. Hsiao and S. Y. Kang, “Effects of Different Sacrificial Agents and Hydrogen Production from Wastewater by Pt-Graphene/TiO2”, Journal of Nanoscience and Nanotechnology, Vol. 18, No. 5, pp. 3563-3570, 2018."
478,Pt,TiO2,rGO,,97,,3.8,nanoparticle,anatase-rutile,UV,Hg,450,,0.5,Hydrothermal,,0,photodeposition,,0,1,300,7,30,2.52,12700.00,"Lalitha, K., G. Sadanandam, V. D. Kumari, M. Subrahmanyam, B. Sreedhar and N. Y. Hebalkar, “Highly Stabilized and Finely Dispersed Cu2O/TiO2: a Promising Visible Sensitive Photocatalyst for Continuous Production of Hydrogen from Glycerol: Water Mixtures”, The Journal of Physical Chemistry C, Vol. 114, No. 50, pp. 22181-22189, 2010."
479,Pt,TiO2,rGO,,97,,3.8,nanoparticle,anatase-rutile,UV,Hg,450,,1,Hydrothermal,,0,photodeposition,,0,1,300,7,30,2.52,7895.70,"Nguyen, N. T., D. D. Zheng, S. S. Chen, C. T. Chang, C. M. Ma, N. C. Nguyen, H. T. Nguyen, S. S. Hsiao and S. Y. Kang, “Effects of Different Sacrificial Agents and Hydrogen Production from Wastewater by Pt-Graphene/TiO2”, Journal of Nanoscience and Nanotechnology, Vol. 18, No. 5, pp. 3563-3570, 2018."
480,Pt,TiO2,Graphene,,90.88,,0.34,nanoparticle,,Visible,Xe,500,,0.1,Alcohol thermal,,0,photodeposition,,0,10,800,,25,,7300.00,"Hafeez, H. Y., S. K. Lakhera, S. Bellamkonda, G. R. Rao, M. V. Shankar, D. W. Bahnemann and B. Neppolian, “Construction of Ternary Hybrid Layered Reduced Graphene Oxide Supported g-C3N4-TiO2 Nanocomposite and Its Photocatalytic Hydrogen Production Activity”, International Journal of Hydrogen Energy, Vol. 43, No. 8, pp. 3892-3904, 2018."
481,Pt,TiO2,hex-CdS,,,,0.3,nanocomposite,anatase,Visible,Hg-Xe,500,418,1,heat treating,,0,photodeposition,400,2,30,60,,25,2.33,22.00,"Wang, J. J., Z. J. Li, X. B. Li, X. B. Fan, Q. Y. Meng, S. Yu, C. B. Li, J. X. Li, C. H. Tung and L. Z. Wu, “Photocatalytic Hydrogen Evolution from Glycerol and Water over Nickel-Hybrid Cadmium Sulfide Quantum Dots under Visible-Light Irradiation”, ChemSusChem, Vol, 7, No. 5, pp. 1468-1475, 2014."
482,Pt,TiO2,CdS,,,,0.3,nanocomposite,anatase,Visible,Hg-Xe,500,418,1,heat treating,,0,photodeposition,400,2,30,60,,25,2.44,65.00,"Wang, J. J., Z. J. Li, X. B. Li, X. B. Fan, Q. Y. Meng, S. Yu, C. B. Li, J. X. Li, C. H. Tung and L. Z. Wu, “Photocatalytic Hydrogen Evolution from Glycerol and Water over Nickel-Hybrid Cadmium Sulfide Quantum Dots under Visible-Light Irradiation”, ChemSusChem, Vol, 7, No. 5, pp. 1468-1475, 2014."
483,Pt,hex-CdS,,,100,,0.3,nanoparticle,,Visible,Hg-Xe,500,418,1,heat treating,,0,photodeposition,,0,30,60,,25,2.4,107.00,"Wang, J. J., Z. J. Li, X. B. Li, X. B. Fan, Q. Y. Meng, S. Yu, C. B. Li, J. X. Li, C. H. Tung and L. Z. Wu, “Photocatalytic Hydrogen Evolution from Glycerol and Water over Nickel-Hybrid Cadmium Sulfide Quantum Dots under Visible-Light Irradiation”, ChemSusChem, Vol, 7, No. 5, pp. 1468-1475, 2014."
484,Pt,CdS,,,100,,,nanoparticle,,Visible,Hg-Xe,500,418,1,heat treating,,0,photodeposition,,0,30,60,4,25,,3950.00,"Bao, D., P. Gao, X. Zhu, S. Sun, Y. Wang, X. Li, Y. Chen, H. Zhou, Y. Wang and P. Yang, “ZnO/ZnS Heterostructured Nanorod Arrays and Their Efficient Photocatalytic Hydrogen Evolution”, Chemistry A European Journal, Vol. 21, No. 36, pp. 12728-12734, 2015."
485,Pt,CdS,,,100,,,nanoparticle,,Visible,Hg-Xe,500,418,1,heat treating,,0,photodeposition,,0,30,60,4,25,,415.71,"Bao, D., P. Gao, X. Zhu, S. Sun, Y. Wang, X. Li, Y. Chen, H. Zhou, Y. Wang and P. Yang, “ZnO/ZnS Heterostructured Nanorod Arrays and Their Efficient Photocatalytic Hydrogen Evolution”, Chemistry A European Journal, Vol. 21, No. 36, pp. 12728-12734, 2015."
486,Pt,CdS,,,100,,,nanoparticle,,Visible,Hg-Xe,500,418,2,heat treating,,0,photodeposition,,0,30,60,4,25,,940.00,"Bao, D., P. Gao, X. Zhu, S. Sun, Y. Wang, X. Li, Y. Chen, H. Zhou, Y. Wang and P. Yang, “ZnO/ZnS Heterostructured Nanorod Arrays and Their Efficient Photocatalytic Hydrogen Evolution”, Chemistry A European Journal, Vol. 21, No. 36, pp. 12728-12734, 2015."
487,Pt,CdS,,,100,,,nanoparticle,,Visible,Hg-Xe,500,418,2,heat treating,,0,photodeposition,,0,30,60,4,25,,657.86,"Bao, D., P. Gao, X. Zhu, S. Sun, Y. Wang, X. Li, Y. Chen, H. Zhou, Y. Wang and P. Yang, “ZnO/ZnS Heterostructured Nanorod Arrays and Their Efficient Photocatalytic Hydrogen Evolution”, Chemistry A European Journal, Vol. 21, No. 36, pp. 12728-12734, 2015."
488,Pt,CdS,,,100,,,nanoparticle,,Visible,Hg-Xe,500,418,1,heat treating,,0,photodeposition,,0,70,60,4,25,,6406.67,"Bao, D., P. Gao, X. Zhu, S. Sun, Y. Wang, X. Li, Y. Chen, H. Zhou, Y. Wang and P. Yang, “ZnO/ZnS Heterostructured Nanorod Arrays and Their Efficient Photocatalytic Hydrogen Evolution”, Chemistry A European Journal, Vol. 21, No. 36, pp. 12728-12734, 2015."
489,Pt,CdS,,,100,,,nanoparticle,,Visible,Hg-Xe,500,418,1,heat treating,,0,photodeposition,,0,70,60,4,25,,5261.43,"Bao, D., P. Gao, X. Zhu, S. Sun, Y. Wang, X. Li, Y. Chen, H. Zhou, Y. Wang and P. Yang, “ZnO/ZnS Heterostructured Nanorod Arrays and Their Efficient Photocatalytic Hydrogen Evolution”, Chemistry A European Journal, Vol. 21, No. 36, pp. 12728-12734, 2015."
490,Pt,CdS,,,100,,,nanoparticle,,Visible,Hg-Xe,500,418,2,heat treating,,0,photodeposition,,0,70,60,4,25,,8023.33,"Bao, D., P. Gao, X. Zhu, S. Sun, Y. Wang, X. Li, Y. Chen, H. Zhou, Y. Wang and P. Yang, “ZnO/ZnS Heterostructured Nanorod Arrays and Their Efficient Photocatalytic Hydrogen Evolution”, Chemistry A European Journal, Vol. 21, No. 36, pp. 12728-12734, 2015."
491,Pt,CdS,,,100,,,nanoparticle,,Visible,Hg-Xe,500,418,2,heat treating,,0,photodeposition,,0,70,60,4,25,,1301.43,"Bao, D., P. Gao, X. Zhu, S. Sun, Y. Wang, X. Li, Y. Chen, H. Zhou, Y. Wang and P. Yang, “ZnO/ZnS Heterostructured Nanorod Arrays and Their Efficient Photocatalytic Hydrogen Evolution”, Chemistry A European Journal, Vol. 21, No. 36, pp. 12728-12734, 2015."
492,Pt,CdS,,,100,,,nanoparticle,,Visible,Hg-Xe,500,418,1,heat treating,,0,photodeposition,,0,30,60,10,25,,786.67,"Bao, D., P. Gao, X. Zhu, S. Sun, Y. Wang, X. Li, Y. Chen, H. Zhou, Y. Wang and P. Yang, “ZnO/ZnS Heterostructured Nanorod Arrays and Their Efficient Photocatalytic Hydrogen Evolution”, Chemistry A European Journal, Vol. 21, No. 36, pp. 12728-12734, 2015."
493,Pt,CdS,,,100,,,nanoparticle,,Visible,Hg-Xe,500,418,1,heat treating,,0,photodeposition,,0,30,60,10,25,,1124.29,"Bao, D., P. Gao, X. Zhu, S. Sun, Y. Wang, X. Li, Y. Chen, H. Zhou, Y. Wang and P. Yang, “ZnO/ZnS Heterostructured Nanorod Arrays and Their Efficient Photocatalytic Hydrogen Evolution”, Chemistry A European Journal, Vol. 21, No. 36, pp. 12728-12734, 2015."
494,Pt,CdS,,,100,,,nanoparticle,,Visible,Hg-Xe,500,418,2,heat treating,,0,photodeposition,,0,30,60,10,25,,1418.33,"Bao, D., P. Gao, X. Zhu, S. Sun, Y. Wang, X. Li, Y. Chen, H. Zhou, Y. Wang and P. Yang, “ZnO/ZnS Heterostructured Nanorod Arrays and Their Efficient Photocatalytic Hydrogen Evolution”, Chemistry A European Journal, Vol. 21, No. 36, pp. 12728-12734, 2015."
495,Pt,CdS,,,100,,,nanoparticle,,Visible,Hg-Xe,500,418,2,heat treating,,0,photodeposition,,0,30,60,10,25,,394.29,"Bao, D., P. Gao, X. Zhu, S. Sun, Y. Wang, X. Li, Y. Chen, H. Zhou, Y. Wang and P. Yang, “ZnO/ZnS Heterostructured Nanorod Arrays and Their Efficient Photocatalytic Hydrogen Evolution”, Chemistry A European Journal, Vol. 21, No. 36, pp. 12728-12734, 2015."
496,Pt,CdS,,,100,,,nanoparticle,,Visible,Hg-Xe,500,418,1,heat treating,,0,photodeposition,,0,70,60,10,25,,1196.67,"Bao, D., P. Gao, X. Zhu, S. Sun, Y. Wang, X. Li, Y. Chen, H. Zhou, Y. Wang and P. Yang, “ZnO/ZnS Heterostructured Nanorod Arrays and Their Efficient Photocatalytic Hydrogen Evolution”, Chemistry A European Journal, Vol. 21, No. 36, pp. 12728-12734, 2015."
497,Pt,CdS,,,100,,,nanoparticle,,Visible,Hg-Xe,500,418,1,heat treating,,0,photodeposition,,0,70,60,10,25,,0.00,"Nguyen, N. T., D. D. Zheng, S. S. Chen, C. T. Chang, C. M. Ma, N. C. Nguyen, H. T. Nguyen, S. S. Hsiao and S. Y. Kang, “Effects of Different Sacrificial Agents and Hydrogen Production from Wastewater by Pt-Graphene/TiO2”, Journal of Nanoscience and Nanotechnology, Vol. 18, No. 5, pp. 3563-3570, 2018."
498,Pt,CdS,,,100,,,nanoparticle,,Visible,Hg-Xe,500,418,2,heat treating,,0,photodeposition,,0,70,60,10,25,,1435.00,"Bao, D., P. Gao, X. Zhu, S. Sun, Y. Wang, X. Li, Y. Chen, H. Zhou, Y. Wang and P. Yang, “ZnO/ZnS Heterostructured Nanorod Arrays and Their Efficient Photocatalytic Hydrogen Evolution”, Chemistry A European Journal, Vol. 21, No. 36, pp. 12728-12734, 2015."
499,Pt,CdS,,,100,,,nanoparticle,,Visible,Hg-Xe,500,418,2,heat treating,,0,photodeposition,,0,70,60,10,25,,0.71,"Bao, D., P. Gao, X. Zhu, S. Sun, Y. Wang, X. Li, Y. Chen, H. Zhou, Y. Wang and P. Yang, “ZnO/ZnS Heterostructured Nanorod Arrays and Their Efficient Photocatalytic Hydrogen Evolution”, Chemistry A European Journal, Vol. 21, No. 36, pp. 12728-12734, 2015."
500,Pt,CdS,,,100,,,nanoparticle,,Visible,Hg-Xe,500,418,1.5,heat treating,,0,photodeposition,,0,50,60,7,25,,2.67,"Bao, D., P. Gao, X. Zhu, S. Sun, Y. Wang, X. Li, Y. Chen, H. Zhou, Y. Wang and P. Yang, “ZnO/ZnS Heterostructured Nanorod Arrays and Their Efficient Photocatalytic Hydrogen Evolution”, Chemistry A European Journal, Vol. 21, No. 36, pp. 12728-12734, 2015."
501,Pt,CdS,,,100,,,nanoparticle,,Visible,Hg-Xe,500,418,1.5,heat treating,,0,photodeposition,,0,50,60,7,25,,1.33,"Bao, D., P. Gao, X. Zhu, S. Sun, Y. Wang, X. Li, Y. Chen, H. Zhou, Y. Wang and P. Yang, “ZnO/ZnS Heterostructured Nanorod Arrays and Their Efficient Photocatalytic Hydrogen Evolution”, Chemistry A European Journal, Vol. 21, No. 36, pp. 12728-12734, 2015."
502,Pt,CdS,,,100,,,nanoparticle,,Visible,Hg-Xe,500,418,1.5,heat treating,,0,photodeposition,,0,50,60,7,25,,1.33,"Bao, D., P. Gao, X. Zhu, S. Sun, Y. Wang, X. Li, Y. Chen, H. Zhou, Y. Wang and P. Yang, “ZnO/ZnS Heterostructured Nanorod Arrays and Their Efficient Photocatalytic Hydrogen Evolution”, Chemistry A European Journal, Vol. 21, No. 36, pp. 12728-12734, 2015."
503,Pt,PbTiO3,,,100,,0.2,nanosheets,,Visible,Xe,500,420,2.5,sol-gel,450,4,photodeposition,,0,10,200,,25,2.62,749.73,"Alhaddad, M., R. M. Navarro, M. A. Hussein and R. M. Mohamed, “Bi2O3/g-C3N4 Nanocomposites as Proficient Photocatalysts for Hydrogen Generation from Aqueous Glycerol Solutions Beneath Visible Light”, Ceramics International, Vol. 46, No. 16, pp. 24873-24881, 2020."
504,Pt,PbTiO3,,,100,,0.4,nanosheets,,Visible,Xe,500,420,2.5,sol-gel,450,4,photodeposition,,0,10,200,,25,2.5,1344.30,"Alhaddad, M., R. M. Navarro, M. A. Hussein and R. M. Mohamed, “Bi2O3/g-C3N4 Nanocomposites as Proficient Photocatalysts for Hydrogen Generation from Aqueous Glycerol Solutions Beneath Visible Light”, Ceramics International, Vol. 46, No. 16, pp. 24873-24881, 2020."
505,Pt,PbTiO3,,,100,,0.6,nanosheets,,Visible,Xe,500,420,2.5,sol-gel,450,4,photodeposition,,0,10,200,,25,2.42,3564.00,"Alhaddad, M., R. M. Navarro, M. A. Hussein and R. M. Mohamed, “Bi2O3/g-C3N4 Nanocomposites as Proficient Photocatalysts for Hydrogen Generation from Aqueous Glycerol Solutions Beneath Visible Light”, Ceramics International, Vol. 46, No. 16, pp. 24873-24881, 2020."
506,Pt,PbTiO3,,,100,,0.8,nanosheets,,Visible,Xe,500,420,2.5,sol-gel,450,4,photodeposition,,0,10,200,,25,2.41,3503.10,"Alhaddad, M., R. M. Navarro, M. A. Hussein and R. M. Mohamed, “Bi2O3/g-C3N4 Nanocomposites as Proficient Photocatalysts for Hydrogen Generation from Aqueous Glycerol Solutions Beneath Visible Light”, Ceramics International, Vol. 46, No. 16, pp. 24873-24881, 2020."
507,Pt,PbTiO3,,,100,,0.6,nanosheets,,Visible,Xe,500,420,0.5,sol-gel,450,4,photodeposition,,0,10,200,,25,2.42,1341.30,"Alhaddad, M., R. M. Navarro, M. A. Hussein and R. M. Mohamed, “Bi2O3/g-C3N4 Nanocomposites as Proficient Photocatalysts for Hydrogen Generation from Aqueous Glycerol Solutions Beneath Visible Light”, Ceramics International, Vol. 46, No. 16, pp. 24873-24881, 2020."
508,Pt,PbTiO3,,,100,,0.6,nanosheets,,Visible,Xe,500,420,1,sol-gel,450,4,photodeposition,,0,10,200,,25,2.42,2706.60,"Alhaddad, M., R. M. Navarro, M. A. Hussein and R. M. Mohamed, “Bi2O3/g-C3N4 Nanocomposites as Proficient Photocatalysts for Hydrogen Generation from Aqueous Glycerol Solutions Beneath Visible Light”, Ceramics International, Vol. 46, No. 16, pp. 24873-24881, 2020."
509,Pt,PbTiO3,,,100,,0.6,nanosheets,,Visible,Xe,500,420,1.5,sol-gel,450,4,photodeposition,,0,10,200,,25,2.42,3576.80,"Alhaddad, M., R. M. Navarro, M. A. Hussein and R. M. Mohamed, “Bi2O3/g-C3N4 Nanocomposites as Proficient Photocatalysts for Hydrogen Generation from Aqueous Glycerol Solutions Beneath Visible Light”, Ceramics International, Vol. 46, No. 16, pp. 24873-24881, 2020."
510,Pt,PbTiO3,,,100,,0.6,nanosheets,,Visible,Xe,500,420,2,sol-gel,450,4,photodeposition,,0,10,200,,25,2.42,4199.60,"Alhaddad, M., R. M. Navarro, M. A. Hussein and R. M. Mohamed, “Bi2O3/g-C3N4 Nanocomposites as Proficient Photocatalysts for Hydrogen Generation from Aqueous Glycerol Solutions Beneath Visible Light”, Ceramics International, Vol. 46, No. 16, pp. 24873-24881, 2020."
511,Pt,PbTiO3,,,100,,0.6,nanosheets,,Visible,Xe,,420,3,sol-gel,,0,photodeposition,,0,10,200,,,2.42,1501.00,"Alhaddad, M., R. M. Navarro, M. A. Hussein and R. M. Mohamed, “Bi2O3/g-C3N4 Nanocomposites as Proficient Photocatalysts for Hydrogen Generation from Aqueous Glycerol Solutions Beneath Visible Light”, Ceramics International, Vol. 46, No. 16, pp. 24873-24881, 2020."
512,Pt,CuO,,,100,,0.1,nanosheets,,Visible,Xe,500,420,0.25,sol-gel,450,4,photodeposition,,0,10,200,,,2.07,150.12,"Alhaddad, M., R. M. Navarro, M. A. Hussein and R. M. Mohamed, “Bi2O3/g-C3N4 Nanocomposites as Proficient Photocatalysts for Hydrogen Generation from Aqueous Glycerol Solutions Beneath Visible Light”, Ceramics International, Vol. 46, No. 16, pp. 24873-24881, 2020."
513,Pt,CuO,,,100,,0.15,nanosheets,,Visible,Xe,500,420,0.25,sol-gel,450,4,photodeposition,,0,10,200,,,2.03,300.73,"Alhaddad, M., R. M. Navarro, M. A. Hussein and R. M. Mohamed, “Bi2O3/g-C3N4 Nanocomposites as Proficient Photocatalysts for Hydrogen Generation from Aqueous Glycerol Solutions Beneath Visible Light”, Ceramics International, Vol. 46, No. 16, pp. 24873-24881, 2020."
514,Pt,CuO,,,100,,0.2,nanosheets,,Visible,Xe,500,420,0.25,sol-gel,450,4,photodeposition,,0,10,200,,,1.84,596.62,"Alhaddad, M., R. M. Navarro, M. A. Hussein and R. M. Mohamed, “Bi2O3/g-C3N4 Nanocomposites as Proficient Photocatalysts for Hydrogen Generation from Aqueous Glycerol Solutions Beneath Visible Light”, Ceramics International, Vol. 46, No. 16, pp. 24873-24881, 2020."
515,Pt,CuO,,,100,,0.25,nanosheets,,Visible,Xe,500,420,0.25,sol-gel,450,4,photodeposition,,0,10,200,,,1.83,610.08,"Alhaddad, M., R. M. Navarro, M. A. Hussein and R. M. Mohamed, “Bi2O3/g-C3N4 Nanocomposites as Proficient Photocatalysts for Hydrogen Generation from Aqueous Glycerol Solutions Beneath Visible Light”, Ceramics International, Vol. 46, No. 16, pp. 24873-24881, 2020."
516,Pt,CuO,,,100,,0.2,nanosheets,,Visible,Xe,500,420,0.5,sol-gel,450,4,photodeposition,,0,10,200,,,1.84,360.37,"Alhaddad, M., R. M. Navarro, M. A. Hussein and R. M. Mohamed, “Bi2O3/g-C3N4 Nanocomposites as Proficient Photocatalysts for Hydrogen Generation from Aqueous Glycerol Solutions Beneath Visible Light”, Ceramics International, Vol. 46, No. 16, pp. 24873-24881, 2020."
517,Pt,CuO,,,100,,0.2,nanosheets,,Visible,Xe,500,420,1,sol-gel,450,4,photodeposition,,0,10,200,,,1.84,480.48,"Alhaddad, M., R. M. Navarro, M. A. Hussein and R. M. Mohamed, “Bi2O3/g-C3N4 Nanocomposites as Proficient Photocatalysts for Hydrogen Generation from Aqueous Glycerol Solutions Beneath Visible Light”, Ceramics International, Vol. 46, No. 16, pp. 24873-24881, 2020."
518,Pt,CuO,,,100,,0.2,nanosheets,,Visible,Xe,500,420,1.5,sol-gel,450,4,photodeposition,,0,10,200,,,1.84,604.35,"Alhaddad, M., R. M. Navarro, M. A. Hussein and R. M. Mohamed, “Bi2O3/g-C3N4 Nanocomposites as Proficient Photocatalysts for Hydrogen Generation from Aqueous Glycerol Solutions Beneath Visible Light”, Ceramics International, Vol. 46, No. 16, pp. 24873-24881, 2020."
519,Pt,CuO,,,100,,0.2,nanosheets,,Visible,Xe,500,420,2,sol-gel,450,4,photodeposition,,0,10,200,,,1.84,900.90,"Alhaddad, M., R. M. Navarro, M. A. Hussein and R. M. Mohamed, “Bi2O3/g-C3N4 Nanocomposites as Proficient Photocatalysts for Hydrogen Generation from Aqueous Glycerol Solutions Beneath Visible Light”, Ceramics International, Vol. 46, No. 16, pp. 24873-24881, 2020."
520,Pt,CuO,,,100,,0.2,nanosheets,,Visible,Xe,500,420,2.5,sol-gel,450,4,photodeposition,,0,10,200,,,1.84,1201.20,"Alhaddad, M., R. M. Navarro, M. A. Hussein and R. M. Mohamed, “Bi2O3/g-C3N4 Nanocomposites as Proficient Photocatalysts for Hydrogen Generation from Aqueous Glycerol Solutions Beneath Visible Light”, Ceramics International, Vol. 46, No. 16, pp. 24873-24881, 2020."
521,Pt,CuO,,,100,,0.2,nanosheets,,Visible,Xe,500,420,3,sol-gel,450,4,photodeposition,,0,10,200,,,1.84,863.37,"Alhaddad, M., R. M. Navarro, M. A. Hussein and R. M. Mohamed, “Bi2O3/g-C3N4 Nanocomposites as Proficient Photocatalysts for Hydrogen Generation from Aqueous Glycerol Solutions Beneath Visible Light”, Ceramics International, Vol. 46, No. 16, pp. 24873-24881, 2020."
522,Pt,Cd1-xZnxS ,,,100,,,nanoparticle,,Visible,Hg-Xe,500,418,1.2,Precipitation,,0,Photodeposition,,0,50,100,5,,2.79,239.00,"Mohamed, R. M., A. A. Ismail, A. S. Basaleh and H. A. Bawazir, "
523,Pt,Cd1-xZnxS ,,,100,,,nanoparticle,,Visible,Hg-Xe,500,418,1.2,Precipitation,,0,Photodeposition,,0,50,100,5,,2.59,157.00,"Mohamed, R. M., A. A. Ismail, A. S. Basaleh and H. A. Bawazir, "
524,Pt,Cd1-xZnxS ,,,100,,,nanoparticle,,Visible,Hg-Xe,500,418,1.2,Precipitation,,0,Photodeposition,,0,50,100,5,,2.81,103.00,"Mohamed, R. M., A. A. Ismail, A. S. Basaleh and H. A. Bawazir, "
525,Pt,Cd1-xZnxS ,,,100,,,nanoparticle,,Visible,Hg-Xe,500,418,1.2,Precipitation,,0,Photodeposition,,0,50,100,5,,2.77,75.00,"Mohamed, R. M., A. A. Ismail, A. S. Basaleh and H. A. Bawazir, "
526,Pt,La0.2Na0.98TaO3,,,100,,0.5,nanoparticle,,UV,Xe,500,,0.25,sol-gel,450,4,Photodeposition,,0,10,200,,,4.08,0.37,"Gullapelli, S. M. S. Scurrell and D. K. Valluri, “Photocatalytic H2 Production from Glycerol–Water Mixtures over Ni/γ-Al2O3 and TiO2 Composite Systems”, International Journal of Hydrogen Energy, Vol. 42, No. 22, pp. 15031-15043, 2017."
527,Pt,La0.2Na0.98TaO3,,,100,,1,nanoparticle,,UV,Xe,500,,0.25,sol-gel,450,4,Photodeposition,,0,10,200,,,3.97,86.16,"Gullapelli, S. M. S. Scurrell and D. K. Valluri, “Photocatalytic H2 Production from Glycerol–Water Mixtures over Ni/γ-Al2O3 and TiO2 Composite Systems”, International Journal of Hydrogen Energy, Vol. 42, No. 22, pp. 15031-15043, 2017."
528,Pt,La0.2Na0.98TaO3,,,100,,1.5,nanoparticle,,UV,Xe,500,,0.25,sol-gel,450,4,Photodeposition,,0,10,200,,,3.89,150.00,"Gullapelli, S. M. S. Scurrell and D. K. Valluri, “Photocatalytic H2 Production from Glycerol–Water Mixtures over Ni/γ-Al2O3 and TiO2 Composite Systems”, International Journal of Hydrogen Energy, Vol. 42, No. 22, pp. 15031-15043, 2017."
529,Pt,La0.2Na0.98TaO3,,,100,,2,nanoparticle,,UV,Xe,500,,0.25,sol-gel,450,4,Photodeposition,,0,10,200,,,3.88,151.30,"Gullapelli, S. M. S. Scurrell and D. K. Valluri, “Photocatalytic H2 Production from Glycerol–Water Mixtures over Ni/γ-Al2O3 and TiO2 Composite Systems”, International Journal of Hydrogen Energy, Vol. 42, No. 22, pp. 15031-15043, 2017."
530,Pt,La0.2Na0.98TaO3,,,100,,1.5,nanoparticle,,UV,Xe,500,,0.5,sol-gel,450,4,Photodeposition,,0,10,200,,,3.89,65.51,"Gullapelli, S. M. S. Scurrell and D. K. Valluri, “Photocatalytic H2 Production from Glycerol–Water Mixtures over Ni/γ-Al2O3 and TiO2 Composite Systems”, International Journal of Hydrogen Energy, Vol. 42, No. 22, pp. 15031-15043, 2017."
531,Pt,La0.2Na0.98TaO3,,,100,,1.5,nanoparticle,,UV,Xe,500,,1,sol-gel,450,4,Photodeposition,,0,10,200,,,3.89,104.05,"Gullapelli, S. M. S. Scurrell and D. K. Valluri, “Photocatalytic H2 Production from Glycerol–Water Mixtures over Ni/γ-Al2O3 and TiO2 Composite Systems”, International Journal of Hydrogen Energy, Vol. 42, No. 22, pp. 15031-15043, 2017."
532,Pt,La0.2Na0.98TaO3,,,100,,1.5,nanoparticle,,UV,Xe,500,,1.5,sol-gel,450,4,Photodeposition,,0,10,200,,,3.89,138.73,"Gullapelli, S. M. S. Scurrell and D. K. Valluri, “Photocatalytic H2 Production from Glycerol–Water Mixtures over Ni/γ-Al2O3 and TiO2 Composite Systems”, International Journal of Hydrogen Energy, Vol. 42, No. 22, pp. 15031-15043, 2017."
533,Pt,La0.2Na0.98TaO3,,,100,,1.5,nanoparticle,,UV,Xe,500,,2,sol-gel,450,4,Photodeposition,,0,10,200,,,3.89,200.39,"Gullapelli, S. M. S. Scurrell and D. K. Valluri, “Photocatalytic H2 Production from Glycerol–Water Mixtures over Ni/γ-Al2O3 and TiO2 Composite Systems”, International Journal of Hydrogen Energy, Vol. 42, No. 22, pp. 15031-15043, 2017."
534,Pt,La0.2Na0.98TaO3,,,100,,1.5,nanoparticle,,UV,Xe,500,,2.5,sol-gel,450,4,Photodeposition,,0,10,200,,,3.89,292.87,"Gullapelli, S. M. S. Scurrell and D. K. Valluri, “Photocatalytic H2 Production from Glycerol–Water Mixtures over Ni/γ-Al2O3 and TiO2 Composite Systems”, International Journal of Hydrogen Energy, Vol. 42, No. 22, pp. 15031-15043, 2017."
535,Pt,La0.2Na0.98TaO3,,,100,,1.5,nanoparticle,,UV,Xe,500,,3,sol-gel,450,4,Photodeposition,,0,10,200,,,3.89,181.12,"Gullapelli, S. M. S. Scurrell and D. K. Valluri, “Photocatalytic H2 Production from Glycerol–Water Mixtures over Ni/γ-Al2O3 and TiO2 Composite Systems”, International Journal of Hydrogen Energy, Vol. 42, No. 22, pp. 15031-15043, 2017."
536,Pt,La0.2Na0.98TaO3,,,100,,1,nanoparticle,,UV,Xe,500,,0.25,sol-gel,450,4,Impregnation,400,3,10,200,,25,3.97,86.16,"Gullapelli, S. M. S. Scurrell and D. K. Valluri, “Photocatalytic H2 Production from Glycerol–Water Mixtures over Ni/γ-Al2O3 and TiO2 Composite Systems”, International Journal of Hydrogen Energy, Vol. 42, No. 22, pp. 15031-15043, 2017."
537,Pt,TiO2,,,100,,0.05,nanotube,anatase,UV,Fluorescent,36,355,0.75,,,0,Impregnation,500,4,1,100,,,,2055.60,"Vaiano, V., M. A. Lara, G. Iervolino, M. Matarangolo, J. A. Navio and M. C. Hidalgo, “Photocatalytic H2 Production from Glycerol Aqueous Solutions over Fluorinated Pt- TiO2 with High {001} Facet Exposure”, Journal of Photochemistry and Photobiology A: Chemistry, Vol. 365, pp. 52-59, 2018."
538,Pt,TiO2,,,100,,0.1,nanotube,anatase,UV,Fluorescent,36,355,0.75,,,0,Impregnation,500,4,1,100,,,,2466.70,"Vaiano, V., M. A. Lara, G. Iervolino, M. Matarangolo, J. A. Navio and M. C. Hidalgo, “Photocatalytic H2 Production from Glycerol Aqueous Solutions over Fluorinated Pt- TiO2 with High {001} Facet Exposure”, Journal of Photochemistry and Photobiology A: Chemistry, Vol. 365, pp. 52-59, 2018."
539,Pt,TiO2,,,100,,0.5,nanotube,anatase,UV,Fluorescent,36,355,0.75,,,0,Impregnation,500,4,1,100,,,,4733.30,"Vaiano, V., M. A. Lara, G. Iervolino, M. Matarangolo, J. A. Navio and M. C. Hidalgo, “Photocatalytic H2 Production from Glycerol Aqueous Solutions over Fluorinated Pt- TiO2 with High {001} Facet Exposure”, Journal of Photochemistry and Photobiology A: Chemistry, Vol. 365, pp. 52-59, 2018."
540,Pt,TiO2,,,100,,1,nanotube,anatase,UV,Fluorescent,36,355,0.75,,,0,Impregnation,500,4,1,100,,,,4722.20,"Vaiano, V., M. A. Lara, G. Iervolino, M. Matarangolo, J. A. Navio and M. C. Hidalgo, “Photocatalytic H2 Production from Glycerol Aqueous Solutions over Fluorinated Pt- TiO2 with High {001} Facet Exposure”, Journal of Photochemistry and Photobiology A: Chemistry, Vol. 365, pp. 52-59, 2018."
541,Pt,TiO2,,,100,,2,nanotube,anatase,UV,Fluorescent,36,355,0.75,,,0,Impregnation,500,4,1,100,,,,4455.60,"Vaiano, V., M. A. Lara, G. Iervolino, M. Matarangolo, J. A. Navio and M. C. Hidalgo, “Photocatalytic H2 Production from Glycerol Aqueous Solutions over Fluorinated Pt- TiO2 with High {001} Facet Exposure”, Journal of Photochemistry and Photobiology A: Chemistry, Vol. 365, pp. 52-59, 2018."
542,Pt,TiO2,,,100,,3,nanotube,anatase,UV,Fluorescent,36,355,0.75,,,0,Impregnation,500,4,1,100,,,,4044.40,"Vaiano, V., M. A. Lara, G. Iervolino, M. Matarangolo, J. A. Navio and M. C. Hidalgo, “Photocatalytic H2 Production from Glycerol Aqueous Solutions over Fluorinated Pt- TiO2 with High {001} Facet Exposure”, Journal of Photochemistry and Photobiology A: Chemistry, Vol. 365, pp. 52-59, 2018."
543,Pt,TiO2,,,100,,5,nanoparticle,anatase,UV,,8,365,0.38,Hydrothermal,,0,Photodeposition,,0,4.2,80,7,25,3,320.00,"Naffati, N., M. J. Sampaio, E. S. Da Silva, M. F. Nsib, Y. Arfaoui, A. Houas, J. L. Faria and C. G. Silva, “Carbon-Nanotube/ TiO2 Materials Synthesized by a One-Pot Oxidation/Hydrothermal Route for the Photocatalytic Production of Hydrogen from Biomass Derivatives”, Materials Science in Semiconductor Processing, Vol. 115, 2020."
544,Pt,TiO2,,,100,,5,nanoparticle,anatase,UV,,8,365,0.75,Hydrothermal,,0,Photodeposition,,0,4.2,80,7,25,3,642.00,"Naffati, N., M. J. Sampaio, E. S. Da Silva, M. F. Nsib, Y. Arfaoui, A. Houas, J. L. Faria and C. G. Silva, “Carbon-Nanotube/ TiO2 Materials Synthesized by a One-Pot Oxidation/Hydrothermal Route for the Photocatalytic Production of Hydrogen from Biomass Derivatives”, Materials Science in Semiconductor Processing, Vol. 115, 2020."
545,Pt,TiO2,,,100,,5,nanoparticle,anatase,UV,,8,365,1.5,Hydrothermal,,0,Photodeposition,,0,4.2,80,7,25,3,846.00,"Naffati, N., M. J. Sampaio, E. S. Da Silva, M. F. Nsib, Y. Arfaoui, A. Houas, J. L. Faria and C. G. Silva, “Carbon-Nanotube/ TiO2 Materials Synthesized by a One-Pot Oxidation/Hydrothermal Route for the Photocatalytic Production of Hydrogen from Biomass Derivatives”, Materials Science in Semiconductor Processing, Vol. 115, 2020."
546,Pt,TiO2,,,100,,5,nanoparticle,anatase,UV,,8,365,3,Hydrothermal,,0,Photodeposition,,0,4.2,80,7,25,3,598.00,"Naffati, N., M. J. Sampaio, E. S. Da Silva, M. F. Nsib, Y. Arfaoui, A. Houas, J. L. Faria and C. G. Silva, “Carbon-Nanotube/ TiO2 Materials Synthesized by a One-Pot Oxidation/Hydrothermal Route for the Photocatalytic Production of Hydrogen from Biomass Derivatives”, Materials Science in Semiconductor Processing, Vol. 115, 2020."
547,Pt,TiO2,,,100,,1,nanoparticle,anatase,UV,LED,,384,0.5,Oxidation & Hydrothermal ,,0,Impregnation,,0,2.5,100,6,25,3.18,206.77,"Rao, V. N. et al., “Gram-Scale Synthesis of ZnS/NiO Core-Shell Hierarchical Nanostructures and Their Enhanced H2 Production in Crude Glycerol and Sulphide Wastewater”, Environmental Research, Vol. 199, 2021."
548,Pt,TiO2,CNT,,99,,1,nanocomposite,anatase,UV,LED,,384,0.5,Oxidation & Hydrothermal ,,0,Impregnation,,0,2.5,100,6,25,3.13,1045.50,"Rao, V. N. et al., “Gram-Scale Synthesis of ZnS/NiO Core-Shell Hierarchical Nanostructures and Their Enhanced H2 Production in Crude Glycerol and Sulphide Wastewater”, Environmental Research, Vol. 199, 2021."
549,Pt,TiO2,CNT,,95,,1,nanocomposite,anatase,UV,LED,,384,0.5,Oxidation & Hydrothermal ,,0,Impregnation,,0,2.5,100,6,25,3.08,300.75,"Rao, V. N. et al., “Gram-Scale Synthesis of ZnS/NiO Core-Shell Hierarchical Nanostructures and Their Enhanced H2 Production in Crude Glycerol and Sulphide Wastewater”, Environmental Research, Vol. 199, 2021."
550,Pt,TiO2,CNT,,90,,1,nanocomposite,anatase,UV,LED,,384,0.5,Oxidation & Hydrothermal ,,0,Impregnation,,0,2.5,100,6,25,3.05,316.42,"Rao, V. N. et al., “Gram-Scale Synthesis of ZnS/NiO Core-Shell Hierarchical Nanostructures and Their Enhanced H2 Production in Crude Glycerol and Sulphide Wastewater”, Environmental Research, Vol. 199, 2021."
551,Pt,TiO2,CNT,,80,,1,nanocomposite,anatase,UV,LED,,384,0.5,Oxidation & Hydrothermal ,,0,Impregnation,,0,2.5,100,6,25,3.02,128.45,"Rao, V. N. et al., “Gram-Scale Synthesis of ZnS/NiO Core-Shell Hierarchical Nanostructures and Their Enhanced H2 Production in Crude Glycerol and Sulphide Wastewater”, Environmental Research, Vol. 199, 2021."
552,Pt,TiO2,,,100,,1,nanoparticle,anatase-brookite,Visible,Xe,100,,0.08,,,0,Photodeposition,,0,4.5,1200,,30,,147520.00,"Herrera-Beurnio MC, López-Tenllado FJ, Hidalgo-Carrillo J, Martín-Gómez J, Estévez R, Urbano FJ, et al. Glycerol photoreforming for photocatalytic hydrogen production on binary and ternary Pt-g-C3N4-TiO2 systems: A comparative study. Catalysis Today 2024;430. https://doi.org/10.1016/j.cattod.2024.114548."
553,Pt,TiO2,,,100,,0.5,nanoparticle,anatase-brookite,Visible,Xe,100,,0.08,,,0,Photodeposition,,0,4.5,1200,,30,,160850.00,"Herrera-Beurnio MC, López-Tenllado FJ, Hidalgo-Carrillo J, Martín-Gómez J, Estévez R, Urbano FJ, et al. Glycerol photoreforming for photocatalytic hydrogen production on binary and ternary Pt-g-C3N4-TiO2 systems: A comparative study. Catalysis Today 2024;430. https://doi.org/10.1016/j.cattod.2024.114548."
554,Pt,TiO2,,,100,,0.1,nanoparticle,anatase-brookite,Visible,Xe,100,,0.08,,,0,Photodeposition,,0,4.5,1200,,30,,149790.00,"Herrera-Beurnio MC, López-Tenllado FJ, Hidalgo-Carrillo J, Martín-Gómez J, Estévez R, Urbano FJ, et al. Glycerol photoreforming for photocatalytic hydrogen production on binary and ternary Pt-g-C3N4-TiO2 systems: A comparative study. Catalysis Today 2024;430. https://doi.org/10.1016/j.cattod.2024.114548."
555,Pt,TiO2,,,100,,0.1,nanoparticle,anatase-brookite,Visible,Xe,100,,0.08,,,0,Sol-gel,400,2,4.5,1200,,30,,58227.00,"Herrera-Beurnio MC, López-Tenllado FJ, Hidalgo-Carrillo J, Martín-Gómez J, Estévez R, Urbano FJ, et al. Glycerol photoreforming for photocatalytic hydrogen production on binary and ternary Pt-g-C3N4-TiO2 systems: A comparative study. Catalysis Today 2024;430. https://doi.org/10.1016/j.cattod.2024.114548."
556,Pt,TiO2,,,100,,0.5,nanoparticle,anatase-brookite,Visible,Xe,100,,0.08,,,0,Sol-gel,400,2,4.5,1200,,30,,41281.00,"Herrera-Beurnio MC, López-Tenllado FJ, Hidalgo-Carrillo J, Martín-Gómez J, Estévez R, Urbano FJ, et al. Glycerol photoreforming for photocatalytic hydrogen production on binary and ternary Pt-g-C3N4-TiO2 systems: A comparative study. Catalysis Today 2024;430. https://doi.org/10.1016/j.cattod.2024.114548."
557,Pt,TiO2,,,100,,1,nanoparticle,anatase-brookite,Visible,Xe,100,,0.08,,,0,Sol-gel,400,2,4.5,1200,,30,,19212.00,"Herrera-Beurnio MC, López-Tenllado FJ, Hidalgo-Carrillo J, Martín-Gómez J, Estévez R, Urbano FJ, et al. Glycerol photoreforming for photocatalytic hydrogen production on binary and ternary Pt-g-C3N4-TiO2 systems: A comparative study. Catalysis Today 2024;430. https://doi.org/10.1016/j.cattod.2024.114548."
558,Pt,TiO2,,,100,,1,nanoparticle,anatase-brookite,Visible,Xe,100,,0.97,,,0,Photodeposition,,0,4.5,1200,,30,,18960.00,"Herrera-Beurnio MC, López-Tenllado FJ, Hidalgo-Carrillo J, Martín-Gómez J, Estévez R, Urbano FJ, et al. Glycerol photoreforming for photocatalytic hydrogen production on binary and ternary Pt-g-C3N4-TiO2 systems: A comparative study. Catalysis Today 2024;430. https://doi.org/10.1016/j.cattod.2024.114548."
559,Pt,TiO2,,,100,,1,nanoparticle,anatase-brookite,Visible,Xe,100,,0.17,,,0,Photodeposition,,0,4.5,1200,,30,,76280.00,"Herrera-Beurnio MC, López-Tenllado FJ, Hidalgo-Carrillo J, Martín-Gómez J, Estévez R, Urbano FJ, et al. Glycerol photoreforming for photocatalytic hydrogen production on binary and ternary Pt-g-C3N4-TiO2 systems: A comparative study. Catalysis Today 2024;430. https://doi.org/10.1016/j.cattod.2024.114548."
560,Pt,TiO2,,,100,,1,nanoparticle,anatase-brookite,Visible,Xe,100,,0.25,,,0,Photodeposition,,0,4.5,1200,,30,,269120.00,"Herrera-Beurnio MC, López-Tenllado FJ, Hidalgo-Carrillo J, Martín-Gómez J, Estévez R, Urbano FJ, et al. Glycerol photoreforming for photocatalytic hydrogen production on binary and ternary Pt-g-C3N4-TiO2 systems: A comparative study. Catalysis Today 2024;430. https://doi.org/10.1016/j.cattod.2024.114548."
561,Pt,BiWO6,,,100,,1,nanoparticle,,Visible,Xe,300,,0.5,Hydrothermal,,0,Hydrothermal,,0,5,50,0,25,,72.00,"Suhag MH, Tateishi I, Furukawa M, Katsumata H, Khatun A, Kaneco S. Photocatalytic Biohydrogen Production Using ZnO from Aqueous Glycerol Solution with Aid of Simultaneous Cu Deposition. Journal of Composites Science 2023;7. https://doi.org/10.3390/jcs7090361."
562,Pt,TiO2,g-C3N4,,,50,0.5,nanoparticle,,UV,,,365,1,,,0,sol-gel,,0,10,10,,50,2.8,18800.00,"Herrera-Beurnio MC, López-Tenllado FJ, Hidalgo-Carrillo J, Martín-Gómez J, Estévez R, Urbano FJ, et al. Glycerol photoreforming for photocatalytic hydrogen production on binary and ternary Pt-g-C3N4-TiO2 systems: A comparative study. Catalysis Today 2024;430. https://doi.org/10.1016/j.cattod.2024.114548."
563,Pt,TiO2,,,100,,0.5,nanoparticle,,UV,,,365,1,,,0,,,0,10,10,,50,3.1,27500.00,"Herrera-Beurnio MC, López-Tenllado FJ, Hidalgo-Carrillo J, Martín-Gómez J, Estévez R, Urbano FJ, et al. Glycerol photoreforming for photocatalytic hydrogen production on binary and ternary Pt-g-C3N4-TiO2 systems: A comparative study. Catalysis Today 2024;430. https://doi.org/10.1016/j.cattod.2024.114548."
564,Pt,TiO2,g-C3N4,,,50,0.5,nanoparticle,,Visible,,,450,1,,,0,sol-gel,,0,10,10,,50,2.8,840.00,"Herrera-Beurnio MC, López-Tenllado FJ, Hidalgo-Carrillo J, Martín-Gómez J, Estévez R, Urbano FJ, et al. Glycerol photoreforming for photocatalytic hydrogen production on binary and ternary Pt-g-C3N4-TiO2 systems: A comparative study. Catalysis Today 2024;430. https://doi.org/10.1016/j.cattod.2024.114548."
565,Pt,g-C3N4,,,100,,0.5,nanoparticle,,Visible,,,450,1,,,0,,,0,10,10,,50,2.8,540.00,"Herrera-Beurnio MC, López-Tenllado FJ, Hidalgo-Carrillo J, Martín-Gómez J, Estévez R, Urbano FJ, et al. Glycerol photoreforming for photocatalytic hydrogen production on binary and ternary Pt-g-C3N4-TiO2 systems: A comparative study. Catalysis Today 2024;430. https://doi.org/10.1016/j.cattod.2024.114548."
566,Pt,TiO2,Mesoporous Carbon,,18.4,81.6,1.29,nanocomposite,anatase-rutile,Visible,,,,,,,0,,,0,10,,7.4,,3,26083.33,"Escamilla-Mejía JC, Hidalgo-Carrillo J, Martín-Gómez J, López-Tenllado FJ, Estévez-Toledano RC, Marinas A, et al. Pt Preferential incorporation onto TiO2 IN TiO2-carbon composites for hydrogen production from glycerol photoreforming. Catalysis Today 2023;413–415. https://doi.org/10.1016/j.cattod.2022.11.004."
567,Pt,TiO2,,,100,,0.44,nanoparticle,anatase-rutile,Visible,,,,,,,0,,,0,10,,3.6,,3.1,22666.67,"Escamilla-Mejía JC, Hidalgo-Carrillo J, Martín-Gómez J, López-Tenllado FJ, Estévez-Toledano RC, Marinas A, et al. Pt Preferential incorporation onto TiO2 IN TiO2-carbon composites for hydrogen production from glycerol photoreforming. Catalysis Today 2023;413–415. https://doi.org/10.1016/j.cattod.2022.11.004."
568,Pt,TiO2,,,100,,0.3,nanoparticle,anatase-rutile,Visible,Xe,300,,1,,,0,Photodeposition,,0,10,25,,,,8600.00,"Oliveira MMR de, Sousa EJR, Silva AMP da, Araújo R dos S, Salgado BCB. Construction of photocatalytic plates for hydrogen production from photoreforming of glycerol. International Journal of Hydrogen Energy 2023;48. https://doi.org/10.1016/j.ijhydene.2023.04.110"
569,Pt,ZnIn2S4,BiOCl,,,4,0.06,nanosheets,,Visible,Xe,1000,,1.5,,,0,Photodeposition,,0,5,10,,40,,674.00,"Cavdar O, Baluk M, Malankowska A, Żak A, Lisowski W, Klimczuk T, et al. Photocatalytic hydrogen evolution from glycerol-water mixture under visible light over zinc indium sulfide (ZnIn2S4) nanosheets grown on bismuth oxychloride (BiOCl) microplates. Journal of Colloid and Interface Science 2023;640. https://doi.org/10.1016/j.jcis.2023.02.129"
570,Pt,ZnIn2S4,BiOCl,,,4,0.5,nanosheets,,Visible,Xe,1000,,1.5,,,0,Photodeposition,,0,5,10,,40,,503.00,"Cavdar O, Baluk M, Malankowska A, Żak A, Lisowski W, Klimczuk T, et al. Photocatalytic hydrogen evolution from glycerol-water mixture under visible light over zinc indium sulfide (ZnIn2S4) nanosheets grown on bismuth oxychloride (BiOCl) microplates. Journal of Colloid and Interface Science 2023;640. https://doi.org/10.1016/j.jcis.2023.02.129"
571,Pt,ZnIn2S4,BiOCl,,,4,1,nanosheets,,Visible,Xe,1000,,1.5,,,0,Photodeposition,,0,5,10,,40,,498.00,"Cavdar O, Baluk M, Malankowska A, Żak A, Lisowski W, Klimczuk T, et al. Photocatalytic hydrogen evolution from glycerol-water mixture under visible light over zinc indium sulfide (ZnIn2S4) nanosheets grown on bismuth oxychloride (BiOCl) microplates. Journal of Colloid and Interface Science 2023;640. https://doi.org/10.1016/j.jcis.2023.02.129"
572,Pt,ZnIn2S4,BiOCl,,,4,2,nanosheets,,Visible,Xe,1000,,1.5,,,0,Photodeposition,,0,5,10,,40,,511.00,"Cavdar O, Baluk M, Malankowska A, Żak A, Lisowski W, Klimczuk T, et al. Photocatalytic hydrogen evolution from glycerol-water mixture under visible light over zinc indium sulfide (ZnIn2S4) nanosheets grown on bismuth oxychloride (BiOCl) microplates. Journal of Colloid and Interface Science 2023;640. https://doi.org/10.1016/j.jcis.2023.02.129"
573,Pt,ZnIn2S4,BiOCl,,,4,3,nanosheets,,Visible,Xe,1000,,1.5,,,0,Photodeposition,,0,5,10,,40,,174.00,"Cavdar O, Baluk M, Malankowska A, Żak A, Lisowski W, Klimczuk T, et al. Photocatalytic hydrogen evolution from glycerol-water mixture under visible light over zinc indium sulfide (ZnIn2S4) nanosheets grown on bismuth oxychloride (BiOCl) microplates. Journal of Colloid and Interface Science 2023;640. https://doi.org/10.1016/j.jcis.2023.02.129"
574,Pt,ZnIn2S4,,,100,,0.06,nanosheets,,Visible,Xe,1000,,1.5,,,0,Photodeposition,,0,5,10,,40,,384.00,"Cavdar O, Baluk M, Malankowska A, Żak A, Lisowski W, Klimczuk T, et al. Photocatalytic hydrogen evolution from glycerol-water mixture under visible light over zinc indium sulfide (ZnIn2S4) nanosheets grown on bismuth oxychloride (BiOCl) microplates. Journal of Colloid and Interface Science 2023;640. https://doi.org/10.1016/j.jcis.2023.02.129"
575,Pt,WO3,CuMn2O4,,,4,0.5,nanocomposite,,Visible,Xe,500,,1,,,0,sol-gel,,0,10,200,,,2.41,962.63,"Soha M. Albukhari, L.A. Al-Hajji, Adel A. Ismail,Construction of n-n heterojunction copper manganese spinel/mesoporous WO3 photocatalyst for efficient H2 evolution rate from aqueous glycerol,Renewable Energy,Volume 228,2024,120649"
576,Pt,WO3,CuMn2O4,,,8,0.5,nanocomposite,,Visible,Xe,500,,1,,,0,sol-gel,,0,10,200,,,2.22,1921.80,"Soha M. Albukhari, L.A. Al-Hajji, Adel A. Ismail,Construction of n-n heterojunction copper manganese spinel/mesoporous WO3 photocatalyst for efficient H2 evolution rate from aqueous glycerol,Renewable Energy,Volume 228,2024,120649"
577,Pt,WO3,CuMn2O4,,,12,0.5,nanocomposite,,Visible,Xe,500,,1,,,0,sol-gel,,0,10,200,,,2.14,2856.60,"Soha M. Albukhari, L.A. Al-Hajji, Adel A. Ismail,Construction of n-n heterojunction copper manganese spinel/mesoporous WO3 photocatalyst for efficient H2 evolution rate from aqueous glycerol,Renewable Energy,Volume 228,2024,120649"
578,Pt,WO3,CuMn2O4,,,16,0.5,nanocomposite,,Visible,Xe,500,,1,,,0,sol-gel,,0,10,200,,,2.13,2871.40,"Soha M. Albukhari, L.A. Al-Hajji, Adel A. Ismail,Construction of n-n heterojunction copper manganese spinel/mesoporous WO3 photocatalyst for efficient H2 evolution rate from aqueous glycerol,Renewable Energy,Volume 228,2024,120649"
579,Pt,WO3,CuMn2O4,,,12,0.5,nanocomposite,,Visible,Xe,500,,0.6,,,0,sol-gel,,0,10,200,,,2.14,1713.60,"Soha M. Albukhari, L.A. Al-Hajji, Adel A. Ismail,Construction of n-n heterojunction copper manganese spinel/mesoporous WO3 photocatalyst for efficient H2 evolution rate from aqueous glycerol,Renewable Energy,Volume 228,2024,120649"
580,Pt,WO3,CuMn2O4,,,12,0.5,nanocomposite,,Visible,Xe,500,,2.4,,,0,sol-gel,,0,10,200,,,2.14,3427.20,"Soha M. Albukhari, L.A. Al-Hajji, Adel A. Ismail,Construction of n-n heterojunction copper manganese spinel/mesoporous WO3 photocatalyst for efficient H2 evolution rate from aqueous glycerol,Renewable Energy,Volume 228,2024,120649"
581,Pt,WO3,CuMn2O4,,,12,0.5,nanocomposite,,Visible,Xe,500,,3,,,0,sol-gel,,0,10,200,,,2.14,3141.60,"Soha M. Albukhari, L.A. Al-Hajji, Adel A. Ismail,Construction of n-n heterojunction copper manganese spinel/mesoporous WO3 photocatalyst for efficient H2 evolution rate from aqueous glycerol,Renewable Energy,Volume 228,2024,120649"
582,Pt,MoO3,,,100,,0.5,nanoparticle,,Visible,Xe,500,,1,,,0,,,0,10,200,,,3.08,73.23,"Alsheheri SZ, Ismail AA. Novel mesoporous Pt@n-AgI/n-α-MoO3 ternary nanocomposite for enhanced hydrogen production from glycerol under visible illumination. Ceramics International 2024;50. https://doi.org/10.1016/j.ceramint.2023.10.144"
583,Pt,MoO3,AgI,,,3,0.5,nanocomposite,,Visible,Xe,500,,1,,,0,,,0,10,200,,,2.95,1119.30,"Alsheheri SZ, Ismail AA. Novel mesoporous Pt@n-AgI/n-α-MoO3 ternary nanocomposite for enhanced hydrogen production from glycerol under visible illumination. Ceramics International 2024;50. https://doi.org/10.1016/j.ceramint.2023.10.144"
584,Pt,MoO3,AgI,,,6,0.5,nanocomposite,,Visible,Xe,500,,1,,,0,,,0,10,200,,,2.88,1605.30,"Alsheheri SZ, Ismail AA. Novel mesoporous Pt@n-AgI/n-α-MoO3 ternary nanocomposite for enhanced hydrogen production from glycerol under visible illumination. Ceramics International 2024;50. https://doi.org/10.1016/j.ceramint.2023.10.144"
585,Pt,MoO3,AgI,,,9,0.5,nanocomposite,,Visible,Xe,500,,1,,,0,,,0,10,200,,,2.82,2521.80,"Alsheheri SZ, Ismail AA. Novel mesoporous Pt@n-AgI/n-α-MoO3 ternary nanocomposite for enhanced hydrogen production from glycerol under visible illumination. Ceramics International 2024;50. https://doi.org/10.1016/j.ceramint.2023.10.144"
586,Pt,MoO3,AgI,,,12,0.5,nanocomposite,,Visible,Xe,500,,1,,,0,,,0,10,200,,,2.81,2256.30,"Alsheheri SZ, Ismail AA. Novel mesoporous Pt@n-AgI/n-α-MoO3 ternary nanocomposite for enhanced hydrogen production from glycerol under visible illumination. Ceramics International 2024;50. https://doi.org/10.1016/j.ceramint.2023.10.144"
587,Pt,MoO3,AgI,,,9,0.5,nanocomposite,,Visible,Xe,500,,0.5,,,0,,,0,10,200,,,2.82,1875.00,"Alsheheri SZ, Ismail AA. Novel mesoporous Pt@n-AgI/n-α-MoO3 ternary nanocomposite for enhanced hydrogen production from glycerol under visible illumination. Ceramics International 2024;50. https://doi.org/10.1016/j.ceramint.2023.10.144"
588,Pt,MoO3,AgI,,,9,0.5,nanocomposite,,Visible,Xe,500,,2.5,,,0,,,0,10,200,,,2.82,3123.00,"Alsheheri SZ, Ismail AA. Novel mesoporous Pt@n-AgI/n-α-MoO3 ternary nanocomposite for enhanced hydrogen production from glycerol under visible illumination. Ceramics International 2024;50. https://doi.org/10.1016/j.ceramint.2023.10.144"
589,Pt,MoO3,AgI,,,9,0.5,nanocomposite,,Visible,Xe,500,,3,,,0,,,0,10,200,,,2.82,3052.70,"Alsheheri SZ, Ismail AA. Novel mesoporous Pt@n-AgI/n-α-MoO3 ternary nanocomposite for enhanced hydrogen production from glycerol under visible illumination. Ceramics International 2024;50. https://doi.org/10.1016/j.ceramint.2023.10.144"
590,Pt,TiO2,,,100,,1,nanocomposite,anatase,Visible,Hg-Xe,450,,,sol-gel,,0,,,0,10,50,,,,235500.00,"Jayachitra S, Mahendiran D, Ravi P, Murugan P, Sathish M. Highly conductive NiSe2 nanoparticle as a co-catalyst over TiO2 for enhanced photocatalytic hydrogen production. Applied Catalysis B: Environmental 2022;307. https://doi.org/10.1016/j.apcatb.2022.121168"
591,SnCl2,CdS,,,100,,0,nanoparticle,,Visible,Xe,350,420,0.33,,,0,solvent thermal process,,0,0.19,67,7,,2.73,70.98,"Kadi, M. W. and R. M. Mohamed, “Pt-Decorated CuO Nanosheets and Their Application in the Visible Light Photocatalytic Water Splitting Reaction”, Applied Nanoscience, Vol. 10, No. 11, pp. 4291-4298, 2020."
592,SnCl2,CdS,,,100,,0.44,nanoparticle,,Visible,Xe,350,420,0.33,,,0,solvent thermal process,,0,0.19,67,7,,,371.60,"Kadi, M. W. and R. M. Mohamed, “Pt-Decorated CuO Nanosheets and Their Application in the Visible Light Photocatalytic Water Splitting Reaction”, Applied Nanoscience, Vol. 10, No. 11, pp. 4291-4298, 2020."
593,SnCl2,CdS,,,100,,0.89,nanoparticle,,Visible,Xe,350,420,0.33,,,0,solvent thermal process,,0,0.19,67,7,,,1610.00,"Kadi, M. W. and R. M. Mohamed, “Pt-Decorated CuO Nanosheets and Their Application in the Visible Light Photocatalytic Water Splitting Reaction”, Applied Nanoscience, Vol. 10, No. 11, pp. 4291-4298, 2020."
594,SnCl2,CdS,,,100,,1.79,nanoparticle,,Visible,Xe,350,420,0.33,,,0,solvent thermal process,,0,0.19,67,7,,,655.50,"Kadi, M. W. and R. M. Mohamed, “Pt-Decorated CuO Nanosheets and Their Application in the Visible Light Photocatalytic Water Splitting Reaction”, Applied Nanoscience, Vol. 10, No. 11, pp. 4291-4298, 2020."
595,SnCl2,CdS,,,100,,3.59,nanoparticle,,Visible,Xe,350,420,0.33,,,0,solvent thermal process,,0,0.19,67,7,,,296.45,"Kadi, M. W. and R. M. Mohamed, “Pt-Decorated CuO Nanosheets and Their Application in the Visible Light Photocatalytic Water Splitting Reaction”, Applied Nanoscience, Vol. 10, No. 11, pp. 4291-4298, 2020."
596,,TiO2,g-C3N4,Montmorillonite,50,10,,nanocomposite,anatase,Visible,Xe,35,,0.38,hydrothermal,,0,sol-gel,400,3,5,130,,25,,1120.00,"Seadira, T. W. P, S. J. Baloyi, C. M. Masuku and M. S. Scurrell, “Solar Photocatalytic Hydrogen Production from Glycerol Reforming Using Ternary Cu/THS/Graphene”, in Conference of the South African Advanced Materials Initiative, Vanderbijlpark, South Africa, 2020. "
597,,TiO2,g-C3N4,Montmorillonite,50,10,,nanocomposite,anatase,Visible,Xe,35,,0.77,hydrothermal,,0,sol-gel,400,3,5,130,,25,,1221.60,"Seadira, T. W. P, S. J. Baloyi, C. M. Masuku and M. S. Scurrell, “Solar Photocatalytic Hydrogen Production from Glycerol Reforming Using Ternary Cu/THS/Graphene”, in Conference of the South African Advanced Materials Initiative, Vanderbijlpark, South Africa, 2020. "
598,,TiO2,g-C3N4,Montmorillonite,50,10,,nanocomposite,anatase,Visible,Xe,35,,1.15,hydrothermal,,0,sol-gel,400,3,5,130,,25,,1748.50,"Seadira, T. W. P, S. J. Baloyi, C. M. Masuku and M. S. Scurrell, “Solar Photocatalytic Hydrogen Production from Glycerol Reforming Using Ternary Cu/THS/Graphene”, in Conference of the South African Advanced Materials Initiative, Vanderbijlpark, South Africa, 2020. "
599,,TiO2,g-C3N4,Montmorillonite,50,10,,nanocomposite,anatase,Visible,Xe,35,,1.54,hydrothermal,,0,sol-gel,400,3,5,130,,25,,2213.00,"Seadira, T. W. P, S. J. Baloyi, C. M. Masuku and M. S. Scurrell, “Solar Photocatalytic Hydrogen Production from Glycerol Reforming Using Ternary Cu/THS/Graphene”, in Conference of the South African Advanced Materials Initiative, Vanderbijlpark, South Africa, 2020. "
600,,TiO2,g-C3N4,Montmorillonite,50,10,,nanocomposite,anatase,Visible,Xe,35,,1.15,hydrothermal,,0,sol-gel,400,3,5,130,2,25,,255.00,"Seadira, T. W. P, S. J. Baloyi, C. M. Masuku and M. S. Scurrell, “Solar Photocatalytic Hydrogen Production from Glycerol Reforming Using Ternary Cu/THS/Graphene”, in Conference of the South African Advanced Materials Initiative, Vanderbijlpark, South Africa, 2020. "
601,,TiO2,g-C3N4,Montmorillonite,50,10,,nanocomposite,anatase,Visible,Xe,35,,1.15,hydrothermal,,0,sol-gel,400,3,5,130,4,25,,558.40,"Seadira, T. W. P, S. J. Baloyi, C. M. Masuku and M. S. Scurrell, “Solar Photocatalytic Hydrogen Production from Glycerol Reforming Using Ternary Cu/THS/Graphene”, in Conference of the South African Advanced Materials Initiative, Vanderbijlpark, South Africa, 2020. "
602,,TiO2,g-C3N4,Montmorillonite,50,10,,nanocomposite,anatase,Visible,Xe,35,,1.15,hydrothermal,,0,sol-gel,400,3,5,130,7,25,,2205.90,"Seadira, T. W. P, S. J. Baloyi, C. M. Masuku and M. S. Scurrell, “Solar Photocatalytic Hydrogen Production from Glycerol Reforming Using Ternary Cu/THS/Graphene”, in Conference of the South African Advanced Materials Initiative, Vanderbijlpark, South Africa, 2020. "
603,,TiO2,g-C3N4,Montmorillonite,50,10,,nanocomposite,anatase,Visible,Xe,35,,1.15,hydrothermal,,0,sol-gel,400,3,5,130,8,25,,661.70,"Seadira, T. W. P, S. J. Baloyi, C. M. Masuku and M. S. Scurrell, “Solar Photocatalytic Hydrogen Production from Glycerol Reforming Using Ternary Cu/THS/Graphene”, in Conference of the South African Advanced Materials Initiative, Vanderbijlpark, South Africa, 2020. "
604,,TiO2,g-C3N4,Montmorillonite,50,10,,nanocomposite,anatase,Visible,Xe,35,,1.15,hydrothermal,,0,sol-gel,400,3,5,130,11,25,,198.50,"Seadira, T. W. P, S. J. Baloyi, C. M. Masuku and M. S. Scurrell, “Solar Photocatalytic Hydrogen Production from Glycerol Reforming Using Ternary Cu/THS/Graphene”, in Conference of the South African Advanced Materials Initiative, Vanderbijlpark, South Africa, 2020. "
605,,ZnO,ZnS,PdS,76,10,,nanocomposite,,UV,Hg,125,,6,water bath,,0,chemical conversion,,0,5,10,,40,3.25,238.94,"Kadi, M. W. and R. M. Mohamed, “One-Step Sol-Gel Synthesis of PbTiO3 Nanosheets and Photocatalytic Enhancement through Decoration by Platinum”, Journal of Nanoparticle Research, Vol. 22, No. 9, p. 266, 2020."
606,,ZnO,ZnS,PdS,76,10,,nanocomposite,,UV,Hg,125,,6,water bath,,0,chemical conversion,,0,5,10,,60,3.25,669.03,"Kadi, M. W. and R. M. Mohamed, “One-Step Sol-Gel Synthesis of PbTiO3 Nanosheets and Photocatalytic Enhancement through Decoration by Platinum”, Journal of Nanoparticle Research, Vol. 22, No. 9, p. 266, 2020."
607,,ZnO,ZnS,PdS,76,10,,nanocomposite,,UV,Hg,125,,6,water bath,,0,chemical conversion,,0,5,10,,80,3.25,896.02,"Kadi, M. W. and R. M. Mohamed, “One-Step Sol-Gel Synthesis of PbTiO3 Nanosheets and Photocatalytic Enhancement through Decoration by Platinum”, Journal of Nanoparticle Research, Vol. 22, No. 9, p. 266, 2020."
608,,ZnO,ZnS,PdS,76,17.7,,nanocomposite,,UV,Hg,125,,6,water bath,,0,chemical conversion,,0,5,10,,40,3.26,446.02,"Kadi, M. W. and R. M. Mohamed, “One-Step Sol-Gel Synthesis of PbTiO3 Nanosheets and Photocatalytic Enhancement through Decoration by Platinum”, Journal of Nanoparticle Research, Vol. 22, No. 9, p. 266, 2020."
609,,ZnO,ZnS,PdS,76,17.7,,nanocomposite,,UV,Hg,125,,6,water bath,,0,chemical conversion,,0,5,10,,60,3.26,931.86,"Kadi, M. W. and R. M. Mohamed, “One-Step Sol-Gel Synthesis of PbTiO3 Nanosheets and Photocatalytic Enhancement through Decoration by Platinum”, Journal of Nanoparticle Research, Vol. 22, No. 9, p. 266, 2020."
610,,ZnO,ZnS,PdS,76,17.7,,nanocomposite,,UV,Hg,125,,6,water bath,,0,chemical conversion,,0,5,10,,80,3.26,1334.10,"Kadi, M. W. and R. M. Mohamed, “One-Step Sol-Gel Synthesis of PbTiO3 Nanosheets and Photocatalytic Enhancement through Decoration by Platinum”, Journal of Nanoparticle Research, Vol. 22, No. 9, p. 266, 2020."
611,,ZnO,ZnS,PdS,76,19.4,,nanocomposite,,UV,Hg,125,,6,water bath,,0,chemical conversion,,0,5,10,,40,3.25,641.15,"Kadi, M. W. and R. M. Mohamed, “One-Step Sol-Gel Synthesis of PbTiO3 Nanosheets and Photocatalytic Enhancement through Decoration by Platinum”, Journal of Nanoparticle Research, Vol. 22, No. 9, p. 266, 2020."
612,,ZnO,ZnS,PdS,76,19.4,,nanocomposite,,UV,Hg,125,,6,water bath,,0,chemical conversion,,0,5,10,,60,3.25,1135.00,"Kadi, M. W. and R. M. Mohamed, “One-Step Sol-Gel Synthesis of PbTiO3 Nanosheets and Photocatalytic Enhancement through Decoration by Platinum”, Journal of Nanoparticle Research, Vol. 22, No. 9, p. 266, 2020."
613,,ZnO,ZnS,PdS,76,19.4,,nanocomposite,,UV,Hg,125,,6,water bath,,0,chemical conversion,,0,5,10,,80,3.25,2141.90,"Kadi, M. W. and R. M. Mohamed, “One-Step Sol-Gel Synthesis of PbTiO3 Nanosheets and Photocatalytic Enhancement through Decoration by Platinum”, Journal of Nanoparticle Research, Vol. 22, No. 9, p. 266, 2020."
614,,ZnO,ZnS,PdS,76,20.4,,nanocomposite,,UV,Hg,125,,6,water bath,,0,chemical conversion,,0,5,10,,40,3.24,354.42,"Kadi, M. W. and R. M. Mohamed, “One-Step Sol-Gel Synthesis of PbTiO3 Nanosheets and Photocatalytic Enhancement through Decoration by Platinum”, Journal of Nanoparticle Research, Vol. 22, No. 9, p. 266, 2020."
615,,ZnO,ZnS,PdS,76,20.4,,nanocomposite,,UV,Hg,125,,6,water bath,,0,chemical conversion,,0,5,10,,60,3.24,649.12,"Kadi, M. W. and R. M. Mohamed, “One-Step Sol-Gel Synthesis of PbTiO3 Nanosheets and Photocatalytic Enhancement through Decoration by Platinum”, Journal of Nanoparticle Research, Vol. 22, No. 9, p. 266, 2020."
616,,ZnO,ZnS,PdS,76,20.4,,nanocomposite,,UV,Hg,125,,6,water bath,,0,chemical conversion,,0,5,10,,80,3.24,1234.50,"Kadi, M. W. and R. M. Mohamed, “One-Step Sol-Gel Synthesis of PbTiO3 Nanosheets and Photocatalytic Enhancement through Decoration by Platinum”, Journal of Nanoparticle Research, Vol. 22, No. 9, p. 266, 2020."
617,,ZnO,ZnS,PdS,76,21,,nanocomposite,,UV,Hg,125,,6,water bath,,0,chemical conversion,,0,5,10,,40,3.22,211.06,"Kadi, M. W. and R. M. Mohamed, “One-Step Sol-Gel Synthesis of PbTiO3 Nanosheets and Photocatalytic Enhancement through Decoration by Platinum”, Journal of Nanoparticle Research, Vol. 22, No. 9, p. 266, 2020."
618,,ZnO,ZnS,PdS,76,21,,nanocomposite,,UV,Hg,125,,6,water bath,,0,chemical conversion,,0,5,10,,60,3.22,434.07,"Kadi, M. W. and R. M. Mohamed, “One-Step Sol-Gel Synthesis of PbTiO3 Nanosheets and Photocatalytic Enhancement through Decoration by Platinum”, Journal of Nanoparticle Research, Vol. 22, No. 9, p. 266, 2020."
619,,ZnO,ZnS,PdS,76,21,,nanocomposite,,UV,Hg,125,,6,water bath,,0,chemical conversion,,0,5,10,,80,3.22,696.90,"Kadi, M. W. and R. M. Mohamed, “One-Step Sol-Gel Synthesis of PbTiO3 Nanosheets and Photocatalytic Enhancement through Decoration by Platinum”, Journal of Nanoparticle Research, Vol. 22, No. 9, p. 266, 2020."
620,,ZnO,ZnS,PdS,76,10,,nanocomposite,,Visible,Xe,500,,6,water bath,,0,chemical conversion,,0,5,10,,,3.25,95.80,"Kadi, M. W. and R. M. Mohamed, “One-Step Sol-Gel Synthesis of PbTiO3 Nanosheets and Photocatalytic Enhancement through Decoration by Platinum”, Journal of Nanoparticle Research, Vol. 22, No. 9, p. 266, 2020."
621,,ZnO,ZnS,PdS,76,17.7,,nanocomposite,,Visible,Xe,500,,6,water bath,,0,chemical conversion,,0,5,10,,,3.26,149.18,"Kadi, M. W. and R. M. Mohamed, “One-Step Sol-Gel Synthesis of PbTiO3 Nanosheets and Photocatalytic Enhancement through Decoration by Platinum”, Journal of Nanoparticle Research, Vol. 22, No. 9, p. 266, 2020."
622,,ZnO,ZnS,PdS,76,19.4,,nanocomposite,,Visible,Xe,500,,6,water bath,,0,chemical conversion,,0,5,10,,,3.25,238.10,"Kadi, M. W. and R. M. Mohamed, “One-Step Sol-Gel Synthesis of PbTiO3 Nanosheets and Photocatalytic Enhancement through Decoration by Platinum”, Journal of Nanoparticle Research, Vol. 22, No. 9, p. 266, 2020."
623,,ZnO,ZnS,PdS,76,20.4,,nanocomposite,,Visible,Xe,500,,6,water bath,,0,chemical conversion,,0,5,10,,,3.24,138.23,"Kadi, M. W. and R. M. Mohamed, “One-Step Sol-Gel Synthesis of PbTiO3 Nanosheets and Photocatalytic Enhancement through Decoration by Platinum”, Journal of Nanoparticle Research, Vol. 22, No. 9, p. 266, 2020."
624,,ZnO,ZnS,PdS,76,21,,nanocomposite,,Visible,Xe,500,,6,water bath,,0,chemical conversion,,0,5,10,,,3.22,79.38,"Kadi, M. W. and R. M. Mohamed, “One-Step Sol-Gel Synthesis of PbTiO3 Nanosheets and Photocatalytic Enhancement through Decoration by Platinum”, Journal of Nanoparticle Research, Vol. 22, No. 9, p. 266, 2020."
625,,TiO2,CuFe2O4,rGO,67,30,,nanocomposite,anatase,Visible,Xe,250,,0.1,hydrolysis,400,2,Impregnation,400,2,5.2,50,,,1.51,35981.00,"Sadanandam, G., L. Zhang and M. S. Scurrell, “Enhanced Photocatalytic Hydrogen Formation over Fe-Loaded TiO2 and g-C3N4 Composites from Mixed Glycerol and Water by Solar Irradiation”, Journal of Renewable and Sustainable Energy, Vol. 10, No. 3, 2018."
626,,TiO2,g-C3N4,rGO,67,30,,nanocomposite,anatase,Visible,Xe,250,,0.2,hydrolysis,400,2,Impregnation,400,1,5.2,50,,,2.56,23143.00,"Sadanandam, G., L. Zhang and M. S. Scurrell, “Enhanced Photocatalytic Hydrogen Formation over Fe-Loaded TiO2 and g-C3N4 Composites from Mixed Glycerol and Water by Solar Irradiation”, Journal of Renewable and Sustainable Energy, Vol. 10, No. 3, 2018."
627,,TiO2,Ag2O,GO,92,3,,nanocomposite,anatase-rutile,UV,Hg,400,,0.1,Hydrothermal,,0,sonication,,0,5,50,,25,,10000.00,"Chen, W. T., A. G. Dosado, A. Chan, D. S. Waterhouse and G. I. N. Waterhouse, “Highly Reactive Anatase Nanorod Photocatalysts Synthesized by Calcination of Hydrogen Titanate Nanotubes: Effect of Calcination Conditions on Photocatalytic Performance for Aqueous Dye Degradation and H2 Production in Alcohol-Water Mixtures”, Applied Catalysis A: General, Vol. 565, pp. 98-118, 2018."
628,,TiO2,Ag2O,rGO,92,3,,nanocomposite,anatase-rutile,UV,Hg,400,,0.1,Hydrothermal,,0,sonication,,0,5,50,,25,,12100.00,"Bastos, S. A. L., P. A. L. Lopes, F. N. Santos and L. A. Silva, “Experimental Design as a Tool to Study the Reaction Parameters in Hydrogen Production from Photoinduced Reforming of Glycerol over CdS Photocatalyst”, International Journal of Hydrogen Energy, Vol. 39, No. 27, pp. 14588-14595, 2014."
629,,TiO2,In0.5WO3,rGO,97.5,2,,nanocomposite,anatase-brookite,Visible,Xe,300,400,0.1,,,0,Impregnation,450,2,5,50,7,25,3.02,304.98,"Mkhalid, I. A., “Hydrogen Evolution over Sol-Gel Prepared Visible-Light-Responsive Ag2O/SrAl2O4/CNT Ternary Photocatalyst”, Ceramics International, Vol. 48, No. 2, pp. 1542-1549, 2022."
630,,TiO2,In0.5WO3,rGO,97,2,,nanocomposite,anatase-brookite,Visible,Xe,300,400,0.1,,,0,Impregnation,450,2,5,50,7,25,,223.60,"Mkhalid, I. A., “Hydrogen Evolution over Sol-Gel Prepared Visible-Light-Responsive Ag2O/SrAl2O4/CNT Ternary Photocatalyst”, Ceramics International, Vol. 48, No. 2, pp. 1542-1549, 2022."
631,,TiO2,In0.5WO3,rGO,96,2,,nanocomposite,anatase-brookite,Visible,Xe,300,400,0.1,,,0,Impregnation,450,2,5,50,7,25,,190.30,"Mkhalid, I. A., “Hydrogen Evolution over Sol-Gel Prepared Visible-Light-Responsive Ag2O/SrAl2O4/CNT Ternary Photocatalyst”, Ceramics International, Vol. 48, No. 2, pp. 1542-1549, 2022."
632,,TiO2,In0.5WO3,rGO,95,2,,nanocomposite,anatase-brookite,Visible,Xe,300,400,0.1,,,0,Impregnation,450,2,5,50,7,25,,159.70,"Mkhalid, I. A., “Hydrogen Evolution over Sol-Gel Prepared Visible-Light-Responsive Ag2O/SrAl2O4/CNT Ternary Photocatalyst”, Ceramics International, Vol. 48, No. 2, pp. 1542-1549, 2022."
633,,TiO2,NiO,CuO,95,4.5,,nanoparticle,anatase,Visible,,,,0.4,sol-gel,450,2,uniform loading,,0,0.02,50,,,,19200.00,"Reddy, N. R., M. M. Kumari, K. K. Cheralathan and M. V. Shankar, “Enhanced Photocatalytic Hydrogen Production Activity of Noble Metal Free MWCNT-TiO2 Nanocomposites”, International Journal of Hydrogen Energy, Vol. 43, No. 8, pp. 4036-4043, 2018."
634,,TiO2,NiO,CuO,90,9,,nanoparticle,anatase,Visible,,,,0.4,sol-gel,450,2,uniform loading,,0,0.02,50,6.7,,,26100.00,"Reddy, N. R., M. M. Kumari, K. K. Cheralathan and M. V. Shankar, “Enhanced Photocatalytic Hydrogen Production Activity of Noble Metal Free MWCNT-TiO2 Nanocomposites”, International Journal of Hydrogen Energy, Vol. 43, No. 8, pp. 4036-4043, 2018."
635,,TiO2,NiO,CuO,85,13.5,,nanoparticle,anatase,Visible,,,,0.4,sol-gel,450,2,uniform loading,,0,0.02,50,,,,24300.00,"Reddy, N. R., M. M. Kumari, K. K. Cheralathan and M. V. Shankar, “Enhanced Photocatalytic Hydrogen Production Activity of Noble Metal Free MWCNT-TiO2 Nanocomposites”, International Journal of Hydrogen Energy, Vol. 43, No. 8, pp. 4036-4043, 2018."
636,,TiO2,NiO,CuO,90,8,,nanoparticle,anatase,Visible,,,,0.4,sol-gel,450,2,uniform loading,,0,0.02,50,,,,17600.00,"Reddy, N. R., M. M. Kumari, K. K. Cheralathan and M. V. Shankar, “Enhanced Photocatalytic Hydrogen Production Activity of Noble Metal Free MWCNT-TiO2 Nanocomposites”, International Journal of Hydrogen Energy, Vol. 43, No. 8, pp. 4036-4043, 2018."
637,,TiO2,NiO,CuO,85,12,,nanoparticle,anatase,Visible,,,,0.4,sol-gel,450,2,uniform loading,,0,0.02,50,,,,16200.00,"Reddy, N. R., M. M. Kumari, K. K. Cheralathan and M. V. Shankar, “Enhanced Photocatalytic Hydrogen Production Activity of Noble Metal Free MWCNT-TiO2 Nanocomposites”, International Journal of Hydrogen Energy, Vol. 43, No. 8, pp. 4036-4043, 2018."
638,,TiO2,NiO,CuO,90,9,,nanoparticle,anatase,Visible,,,,0.4,sol-gel,450,2,uniform loading,,0,1,50,,,,19841.00,"Reddy, N. R., M. M. Kumari, K. K. Cheralathan and M. V. Shankar, “Enhanced Photocatalytic Hydrogen Production Activity of Noble Metal Free MWCNT-TiO2 Nanocomposites”, International Journal of Hydrogen Energy, Vol. 43, No. 8, pp. 4036-4043, 2018."
639,,TiO2,NiO,CuO,90,9,,nanoparticle,anatase,Visible,,,,0.4,sol-gel,450,2,uniform loading,,0,3,50,,,,22932.00,"Reddy, N. R., M. M. Kumari, K. K. Cheralathan and M. V. Shankar, “Enhanced Photocatalytic Hydrogen Production Activity of Noble Metal Free MWCNT-TiO2 Nanocomposites”, International Journal of Hydrogen Energy, Vol. 43, No. 8, pp. 4036-4043, 2018."
640,,TiO2,NiO,CuO,90,9,,nanoparticle,anatase,Visible,,,,0.4,sol-gel,450,2,uniform loading,,0,5,50,,,,26326.00,"Reddy, N. R., M. M. Kumari, K. K. Cheralathan and M. V. Shankar, “Enhanced Photocatalytic Hydrogen Production Activity of Noble Metal Free MWCNT-TiO2 Nanocomposites”, International Journal of Hydrogen Energy, Vol. 43, No. 8, pp. 4036-4043, 2018."
641,,TiO2,NiO,CuO,90,9,,nanoparticle,anatase,Visible,,,,0.4,sol-gel,450,2,uniform loading,,0,7,50,,,,26235.00,"Reddy, N. R., M. M. Kumari, K. K. Cheralathan and M. V. Shankar, “Enhanced Photocatalytic Hydrogen Production Activity of Noble Metal Free MWCNT-TiO2 Nanocomposites”, International Journal of Hydrogen Energy, Vol. 43, No. 8, pp. 4036-4043, 2018."
642,,TiO2,NiO,CuO,90,9,,nanoparticle,anatase,Visible,,,,0.4,sol-gel,450,2,uniform loading,,0,9,50,,,,25007.00,"Reddy, N. R., M. M. Kumari, K. K. Cheralathan and M. V. Shankar, “Enhanced Photocatalytic Hydrogen Production Activity of Noble Metal Free MWCNT-TiO2 Nanocomposites”, International Journal of Hydrogen Energy, Vol. 43, No. 8, pp. 4036-4043, 2018."
643,,TiO2,NiO,CuO,90,9,,nanoparticle,anatase,Visible,,,,0.4,sol-gel,450,2,uniform loading,,0,0.02,50,4,,,20120.00,"Reddy, N. R., M. M. Kumari, K. K. Cheralathan and M. V. Shankar, “Enhanced Photocatalytic Hydrogen Production Activity of Noble Metal Free MWCNT-TiO2 Nanocomposites”, International Journal of Hydrogen Energy, Vol. 43, No. 8, pp. 4036-4043, 2018."
644,,TiO2,NiO,CuO,90,9,,nanoparticle,anatase,Visible,,,,0.4,sol-gel,450,2,uniform loading,,0,0.02,50,6,,,22027.00,"Reddy, N. R., M. M. Kumari, K. K. Cheralathan and M. V. Shankar, “Enhanced Photocatalytic Hydrogen Production Activity of Noble Metal Free MWCNT-TiO2 Nanocomposites”, International Journal of Hydrogen Energy, Vol. 43, No. 8, pp. 4036-4043, 2018."
645,,TiO2,NiO,CuO,90,9,,nanoparticle,anatase,Visible,,,,0.4,sol-gel,450,2,uniform loading,,0,0.02,50,7,,,25011.00,"Reddy, N. R., M. M. Kumari, K. K. Cheralathan and M. V. Shankar, “Enhanced Photocatalytic Hydrogen Production Activity of Noble Metal Free MWCNT-TiO2 Nanocomposites”, International Journal of Hydrogen Energy, Vol. 43, No. 8, pp. 4036-4043, 2018."
646,,TiO2,NiO,CuO,90,9,,nanoparticle,anatase,Visible,,,,0.4,sol-gel,450,2,uniform loading,,0,0.02,50,8,,,24033.00,"Reddy, N. R., M. M. Kumari, K. K. Cheralathan and M. V. Shankar, “Enhanced Photocatalytic Hydrogen Production Activity of Noble Metal Free MWCNT-TiO2 Nanocomposites”, International Journal of Hydrogen Energy, Vol. 43, No. 8, pp. 4036-4043, 2018."
647,,TiO2,NiO,CuO,90,9,,nanoparticle,anatase,Visible,,,,0.4,sol-gel,450,2,uniform loading,,0,0.02,50,10,,,20071.00,"Reddy, N. R., M. M. Kumari, K. K. Cheralathan and M. V. Shankar, “Enhanced Photocatalytic Hydrogen Production Activity of Noble Metal Free MWCNT-TiO2 Nanocomposites”, International Journal of Hydrogen Energy, Vol. 43, No. 8, pp. 4036-4043, 2018."
648,,TiO2,NiO,CuO,90,9,,nanoparticle,anatase,Visible,,,,0.1,sol-gel,450,2,uniform loading,,0,0.02,50,6.7,,,21041.00,"Reddy, N. R., M. M. Kumari, K. K. Cheralathan and M. V. Shankar, “Enhanced Photocatalytic Hydrogen Production Activity of Noble Metal Free MWCNT-TiO2 Nanocomposites”, International Journal of Hydrogen Energy, Vol. 43, No. 8, pp. 4036-4043, 2018."
649,,TiO2,NiO,CuO,90,9,,nanoparticle,anatase,Visible,,,,1,sol-gel,450,2,uniform loading,,0,0.02,50,6.7,,,19548.00,"Reddy, N. R., M. M. Kumari, K. K. Cheralathan and M. V. Shankar, “Enhanced Photocatalytic Hydrogen Production Activity of Noble Metal Free MWCNT-TiO2 Nanocomposites”, International Journal of Hydrogen Energy, Vol. 43, No. 8, pp. 4036-4043, 2018."
650,,TiO2,NiO,CuO,90,9,,nanoparticle,anatase,Visible,,,,2,sol-gel,450,2,uniform loading,,0,0.02,50,6.7,,,17579.00,"Reddy, N. R., M. M. Kumari, K. K. Cheralathan and M. V. Shankar, “Enhanced Photocatalytic Hydrogen Production Activity of Noble Metal Free MWCNT-TiO2 Nanocomposites”, International Journal of Hydrogen Energy, Vol. 43, No. 8, pp. 4036-4043, 2018."
651,,TiO2,rGO,Cu2O,97,3,,nanocomposite,anatase-rutile,Visible,Xe,250,,0.1,hydrolysis,400,2,Impregnation,500,5,5,500,,,2.87,110968.00,"de Oliveira Melo, M. and L. A. Silva, “Visible Light-Induced Hydrogen Production from Glycerol Aqueous Solution on Hybrid Pt–CdS– TiO2 Photocatalysts”, Journal of Photochemistry and Photobiology A: Chemistry, Vol. 226, No. 1, pp. 36-41, 2011."
652,,TiO2,Ag2O,CNT,92,3,,nanocomposite,anatase-rutile,UV,Hg,400,,0.1,Hydrothermal,,0,sonication,,0,5,50,,25,,9000.00,"Bastos, S. A. L., P. A. L. Lopes, F. N. Santos and L. A. Silva, “Experimental Design as a Tool to Study the Reaction Parameters in Hydrogen Production from Photoinduced Reforming of Glycerol over CdS Photocatalyst”, International Journal of Hydrogen Energy, Vol. 39, No. 27, pp. 14588-14595, 2014."
653,,SrAl2O4,Ag2O,CNT,93,,,nanocomposite,,Visible,Xe,,420,1.2,sol-gel,,0,Impregnation,,0,10,100,,25,2.49,346.66,"Gonuguntla, S., A. Tiwari, J. Gopinath, S. Yarasi, A. V. S. Sainath and U. Pal, “Rational Design of Ru(II)-Phenanthroline Complex Embedded Porous TiO2 Photocatalyst for Efficient Hydrogen Production”, Renewable Energy, Vol. 159, pp. 1-9, 2020."
654,,SrAl2O4,Ag2O,CNT,93,,,nanocomposite,,Visible,Xe,,420,0.4,sol-gel,,0,Impregnation,,0,10,100,,25,2.49,150.00,"Gullapelli, S. M. S. Scurrell and D. K. Valluri, “Photocatalytic H2 Production from Glycerol–Water Mixtures over Ni/γ-Al2O3 and TiO2 Composite Systems”, International Journal of Hydrogen Energy, Vol. 42, No. 22, pp. 15031-15043, 2017."
655,,SrAl2O4,Ag2O,CNT,93,,,nanocomposite,,Visible,Xe,,420,0.8,sol-gel,,0,Impregnation,,0,10,100,,25,2.49,300.10,"Gonuguntla, S., A. Tiwari, J. Gopinath, S. Yarasi, A. V. S. Sainath and U. Pal, “Rational Design of Ru(II)-Phenanthroline Complex Embedded Porous TiO2 Photocatalyst for Efficient Hydrogen Production”, Renewable Energy, Vol. 159, pp. 1-9, 2020."
656,,SrAl2O4,Ag2O,CNT,93,,,nanocomposite,,Visible,Xe,,420,1.2,sol-gel,,0,Impregnation,,0,10,100,,25,2.49,346.60,"Gonuguntla, S., A. Tiwari, J. Gopinath, S. Yarasi, A. V. S. Sainath and U. Pal, “Rational Design of Ru(II)-Phenanthroline Complex Embedded Porous TiO2 Photocatalyst for Efficient Hydrogen Production”, Renewable Energy, Vol. 159, pp. 1-9, 2020."
657,,SrAl2O4,Ag2O,CNT,93,,,nanocomposite,,Visible,Xe,,420,1.6,sol-gel,,0,Impregnation,,0,10,100,,25,2.49,455.50,"Gonuguntla, S., A. Tiwari, J. Gopinath, S. Yarasi, A. V. S. Sainath and U. Pal, “Rational Design of Ru(II)-Phenanthroline Complex Embedded Porous TiO2 Photocatalyst for Efficient Hydrogen Production”, Renewable Energy, Vol. 159, pp. 1-9, 2020."
658,,SrAl2O4,Ag2O,CNT,93,,,nanocomposite,,Visible,Xe,,420,2,sol-gel,,0,Impregnation,,0,10,100,,25,2.49,378.20,"Gonuguntla, S., A. Tiwari, J. Gopinath, S. Yarasi, A. V. S. Sainath and U. Pal, “Rational Design of Ru(II)-Phenanthroline Complex Embedded Porous TiO2 Photocatalyst for Efficient Hydrogen Production”, Renewable Energy, Vol. 159, pp. 1-9, 2020."
659,,SrAl2O4,Ag2O,CNT,93,,,nanocomposite,,Visible,Xe,,420,2.4,sol-gel,,0,Impregnation,,0,10,100,,25,2.49,172.20,"Gonuguntla, S., A. Tiwari, J. Gopinath, S. Yarasi, A. V. S. Sainath and U. Pal, “Rational Design of Ru(II)-Phenanthroline Complex Embedded Porous TiO2 Photocatalyst for Efficient Hydrogen Production”, Renewable Energy, Vol. 159, pp. 1-9, 2020."
660,,TiO2,,,100,,,nanorod,anatase-rutile,Visible,,,,0.1,,,0,Hydrothermal,200,2,5,50,,25,,556.00,"Reddy, N. L., D. P. Kumar and M. V. Shankar, “Co-Catalyst Free Titanate Nanorods for Improved Hydrogen Production under Solar Light Irradiation”, Journal of Chemical Sciences, Vol. 128, No. 4, pp. 649-656, 2016."
661,,TiO2,,,100,,,nanorod,anatase-rutile,Visible,,,,0.1,,,0,Hydrothermal,250,1,5,50,,25,,300.00,"Fu, X., X. Wang, D. Y. C. Leung, Q. Gu, S. Chen and H. Huang, “Photocatalytic Reforming of C3-Polyols for H2 Production: Part (I). Role of Their OH Groups”, Applied Catalysis B: Environmental, Vol. 106, No. 3-4, pp. 681-688, 2011."
662,,TiO2,,,100,,,nanorod,anatase-rutile,Visible,,,,0.1,,,0,Hydrothermal,250,2,5,50,,25,,707.00,"Reddy, N. L., D. P. Kumar and M. V. Shankar, “Co-Catalyst Free Titanate Nanorods for Improved Hydrogen Production under Solar Light Irradiation”, Journal of Chemical Sciences, Vol. 128, No. 4, pp. 649-656, 2016."
663,,TiO2,,,100,,,nanorod,anatase-rutile,Visible,,,,0.1,,,0,Hydrothermal,250,3,5,50,,25,,100.00,"Reddy, N. L., D. P. Kumar and M. V. Shankar, “Co-Catalyst Free Titanate Nanorods for Improved Hydrogen Production under Solar Light Irradiation”, Journal of Chemical Sciences, Vol. 128, No. 4, pp. 649-656, 2016."
664,,TiO2,,,100,,,nanorod,anatase-rutile,Visible,,,,0.1,,,0,Hydrothermal,300,2,5,50,,25,,628.00,"Reddy, N. L., D. P. Kumar and M. V. Shankar, “Co-Catalyst Free Titanate Nanorods for Improved Hydrogen Production under Solar Light Irradiation”, Journal of Chemical Sciences, Vol. 128, No. 4, pp. 649-656, 2016."
665,,TiO2,,,100,,,nanorod,anatase-rutile,Visible,,,,0.1,,,0,Hydrothermal,400,2,5,50,,25,3.33,467.00,"Reddy, N. L., D. P. Kumar and M. V. Shankar, “Co-Catalyst Free Titanate Nanorods for Improved Hydrogen Production under Solar Light Irradiation”, Journal of Chemical Sciences, Vol. 128, No. 4, pp. 649-656, 2016."
666,,TiO2,,,100,,,nanorod,anatase-rutile,Visible,Xe,300,,0.2,,,0,Ionothermal,400,3,5,5,,,3.5,1037.00,"Manukumar, K. N., G. Nagaraju, D. P. Kumar and M. V. Shankar, “Facile Ionothermal Synthesis of TiO2 Nanorods for Photocatalytic H2 Generation”, Journal of Materials Science: Materials in Electronics, Vol. 30, No. 2, pp. 1076-1083, 2018."
667,,TiO2,,,100,,,nanorod,anatase-rutile,Visible,Xe,300,400,0.2,,,0,Ionothermal,400,3,5,5,,,3.5,3615.00,"Hafeez, H. Y., S. K. Lakhera, P. Karthik, M. Anpo and B. Neppolian, “Facile Construction of Ternary CuFe2O4-TiO2 Nanocomposite Supported Reduced Graphene Oxide (rGO) Photocatalysts for the Efficient Hydrogen Production”, Applied Surface Science, Vol. 449, pp. 772-779, 2018."
668,,TiO2,,,100,,,nanosquare,anatase-rutile,Visible,,,,0.1,,,0,,,0,5,50,,,3.2,2099.00,"Taylor, S., M. Mehta and A. Samokhvalov, “Production of Hydrogen by Glycerol Photoreforming Using Binary Nitrogen–Metal-Promoted N-M-TiO2 Photocatalysts”,  ChemPhysChem, Vol. 15, No. 5, pp. 942-949, 2014."
669,,TiO2,,,100,,,nanorod,rutile,Visible,,,,0.1,,,0,Hydrothermal,500,5,5,50,,,3.22,2816.00,"Taylor, S., M. Mehta and A. Samokhvalov, “Production of Hydrogen by Glycerol Photoreforming Using Binary Nitrogen–Metal-Promoted N-M-TiO2 Photocatalysts”,  ChemPhysChem, Vol. 15, No. 5, pp. 942-949, 2014."
670,,TiO2,,,100,,,nanotube,anatase-rutile,Visible,,,,0.1,,,0,Hydrothermal,350,5,5,50,,,3.32,4265.00,"Taylor, S., M. Mehta and A. Samokhvalov, “Production of Hydrogen by Glycerol Photoreforming Using Binary Nitrogen–Metal-Promoted N-M-TiO2 Photocatalysts”,  ChemPhysChem, Vol. 15, No. 5, pp. 942-949, 2014."
671,,TiO2,,,100,,,nanocomposite,anatase-rutile,UV,LED,3,365,0.63,,,0,Impregnation,450,3,0.3,80,7,25,3.1,12.60,"Xu, D., Y. Hai, X. Zhang, S. Zhang and R. He, “Bi2O3 Cocatalyst Improving Photocatalytic Hydrogen Evolution Performance of TiO2”, Applied Surface Science, Vol. 400, pp. 530-536, 2017."
672,,TiO2,Bi2O3,,99.99,,,nanocomposite,anatase-rutile,UV,LED,3,365,0.63,,,0,Impregnation,450,3,0.3,80,7,25,3.1,449.00,"Xu, D., Y. Hai, X. Zhang, S. Zhang and R. He, “Bi2O3 Cocatalyst Improving Photocatalytic Hydrogen Evolution Performance of TiO2”, Applied Surface Science, Vol. 400, pp. 530-536, 2017."
673,,TiO2,Bi2O3,,99.98,,,nanocomposite,anatase-rutile,UV,LED,3,365,0.63,,,0,Impregnation,450,3,0.3,80,7,25,3.1,736.00,"Xu, D., Y. Hai, X. Zhang, S. Zhang and R. He, “Bi2O3 Cocatalyst Improving Photocatalytic Hydrogen Evolution Performance of TiO2”, Applied Surface Science, Vol. 400, pp. 530-536, 2017."
674,,TiO2,Bi2O3,,99.95,,,nanocomposite,anatase-rutile,UV,LED,3,365,0.63,,,0,Impregnation,450,3,0.3,80,7,25,3.1,920.00,"Xu, D., Y. Hai, X. Zhang, S. Zhang and R. He, “Bi2O3 Cocatalyst Improving Photocatalytic Hydrogen Evolution Performance of TiO2”, Applied Surface Science, Vol. 400, pp. 530-536, 2017."
675,,TiO2,Bi2O3,,99.9,,,nanocomposite,anatase-rutile,UV,LED,3,365,0.63,,,0,Impregnation,450,3,0.3,80,7,25,3.1,565.00,"Xu, D., Y. Hai, X. Zhang, S. Zhang and R. He, “Bi2O3 Cocatalyst Improving Photocatalytic Hydrogen Evolution Performance of TiO2”, Applied Surface Science, Vol. 400, pp. 530-536, 2017."
676,,TiO2,Bi2O3,,99.2,,,nanocomposite,anatase-rutile,UV,LED,3,365,0.63,,,0,Impregnation,450,3,0.3,80,7,25,3.1,29.40,"Xu, D., Y. Hai, X. Zhang, S. Zhang and R. He, “Bi2O3 Cocatalyst Improving Photocatalytic Hydrogen Evolution Performance of TiO2”, Applied Surface Science, Vol. 400, pp. 530-536, 2017."
677,,TiO2,Ni(OH)2,,99.5,,,nanotube,anatase,Visible,,,,0.1,Hydrothermal,350,5,Impregnation,350,3,5,50,,25,3.06,3202.90,"Estahbanati, M. R. K., M. Feilizadeh, M. S. Yancheshmeh and M. C. Iliuta, “Effects of Carbon Nanotube and Carbon Sphere Templates in TiO2 Composites for Photocatalytic Hydrogen Production”, Industrial & Engineering Chemistry Research, Vol. 58, No. 8, pp. 2770-2783, 2019."
678,,TiO2,Ni(OH)2,,99,,,nanotube,anatase,Visible,,,,0.1,Hydrothermal,350,5,Impregnation,350,3,5,50,,25,3,3459.70,"Estahbanati, M. R. K., M. Feilizadeh, M. S. Yancheshmeh and M. C. Iliuta, “Effects of Carbon Nanotube and Carbon Sphere Templates in TiO2 Composites for Photocatalytic Hydrogen Production”, Industrial & Engineering Chemistry Research, Vol. 58, No. 8, pp. 2770-2783, 2019."
679,,TiO2,Ni(OH)2,,98,,,nanotube,anatase,Visible,,,,0.1,Hydrothermal,350,5,Impregnation,350,3,5,50,,25,2.95,4743.30,"Estahbanati, M. R. K., M. Feilizadeh, M. S. Yancheshmeh and M. C. Iliuta, “Effects of Carbon Nanotube and Carbon Sphere Templates in TiO2 Composites for Photocatalytic Hydrogen Production”, Industrial & Engineering Chemistry Research, Vol. 58, No. 8, pp. 2770-2783, 2019."
680,,TiO2,Ni(OH)2,,97,,,nanotube,anatase,Visible,,,,0.1,Hydrothermal,350,5,Impregnation,350,3,5,50,,25,2.85,3569.70,"Estahbanati, M. R. K., M. Feilizadeh, M. S. Yancheshmeh and M. C. Iliuta, “Effects of Carbon Nanotube and Carbon Sphere Templates in TiO2 Composites for Photocatalytic Hydrogen Production”, Industrial & Engineering Chemistry Research, Vol. 58, No. 8, pp. 2770-2783, 2019."
681,,TiO2,Ni(OH)2,,96,,,nanotube,anatase,Visible,,,,0.1,Hydrothermal,350,5,Impregnation,350,3,5,50,,25,2.92,2591.70,"Estahbanati, M. R. K., M. Feilizadeh, M. S. Yancheshmeh and M. C. Iliuta, “Effects of Carbon Nanotube and Carbon Sphere Templates in TiO2 Composites for Photocatalytic Hydrogen Production”, Industrial & Engineering Chemistry Research, Vol. 58, No. 8, pp. 2770-2783, 2019."
682,,TiO2,,,100,,,nanoparticle,anatase-rutile,UV,Hg,500,,1.7,,,0,Impregnation,,0,16.6,12,,50,,131.76,"Liu, R., H. Yoshida, S. Fujita and M. Arai, “Photocatalytic Hydrogen Production from Glycerol and Water with NiOx/TiO2 Catalysts”, Applied Catalysis B: Environmental, Vol. 144, pp. 41-45, 2014."
683,,TiO2,,,100,,,nanoparticle,anatase-rutile,UV,Hg,500,,1.7,,,0,Impregnation,250,3,16.6,12,,50,2.17,164.71,"Liu, R., H. Yoshida, S. Fujita and M. Arai, “Photocatalytic Hydrogen Production from Glycerol and Water with NiOx/TiO2 Catalysts”, Applied Catalysis B: Environmental, Vol. 144, pp. 41-45, 2014."
684,,TiO2,,,100,,,nanoparticle,anatase-rutile,UV,Hg,500,,1.7,,,0,Impregnation,450,3,16.6,12,,50,2.17,312.94,"Liu, R., H. Yoshida, S. Fujita and M. Arai, “Photocatalytic Hydrogen Production from Glycerol and Water with NiOx/TiO2 Catalysts”, Applied Catalysis B: Environmental, Vol. 144, pp. 41-45, 2014."
685,,TiO2,NiOx,,90,,,nanoparticle,anatase-rutile,UV,Hg,500,,1.7,,,0,Impregnation,650,3,16.6,12,,50,,188.24,"Liu, R., H. Yoshida, S. Fujita and M. Arai, “Photocatalytic Hydrogen Production from Glycerol and Water with NiOx/TiO2 Catalysts”, Applied Catalysis B: Environmental, Vol. 144, pp. 41-45, 2014."
686,,TiO2,NiOx,,90,,,nanoparticle,anatase-rutile,UV,Hg,500,,1.7,,,0,Impregnation,250,3,16.6,12,,50,2.17,712.94,"Liu, R., H. Yoshida, S. Fujita and M. Arai, “Photocatalytic Hydrogen Production from Glycerol and Water with NiOx/TiO2 Catalysts”, Applied Catalysis B: Environmental, Vol. 144, pp. 41-45, 2014."
687,,TiO2,NiOx,,90,,,nanoparticle,anatase-rutile,UV,Hg,500,,1.7,,,0,Impregnation,450,3,16.6,12,,50,2.17,887.06,"Liu, R., H. Yoshida, S. Fujita and M. Arai, “Photocatalytic Hydrogen Production from Glycerol and Water with NiOx/TiO2 Catalysts”, Applied Catalysis B: Environmental, Vol. 144, pp. 41-45, 2014."
688,,TiO2,NiOx,,90,,,nanoparticle,anatase-rutile,UV,Hg,500,,1.7,,,0,Impregnation,650,3,16.6,12,,50,,87.06,"Liu, R., H. Yoshida, S. Fujita and M. Arai, “Photocatalytic Hydrogen Production from Glycerol and Water with NiOx/TiO2 Catalysts”, Applied Catalysis B: Environmental, Vol. 144, pp. 41-45, 2014."
689,,TiO2,,,100,,,nanoparticle,anatase-rutile,Visible,,,,0.1,Hydrothermal,350,5,,,0,5,50,,25,,2087.00,"Kumar, D. P., M. V. Shankar, M. M. Kumari, G. Sadanandam, B. Srinivas and V. Durgakumari, “Nano-Size Effects on CuO/TiO2 Catalysts for Highly Efficient H2 Production under Solar Light Irradiation”, Chemical Communications, Vol. 49, No. 82, pp. 9443-9445, 2013."
690,,TiO2,,,100,,,nanotube,anatase-rutile,Visible,,,,0.06,Hydrothermal,350,5,,,0,5,50,,25,,1649.30,"Kumar, D. P., M. V. Shankar, M. M. Kumari, G. Sadanandam, B. Srinivas and V. Durgakumari, “Nano-Size Effects on CuO/TiO2 Catalysts for Highly Efficient H2 Production under Solar Light Irradiation”, Chemical Communications, Vol. 49, No. 82, pp. 9443-9445, 2013."
691,,TiO2,,,100,,,nanotube,anatase-rutile,Visible,,,,0.1,Hydrothermal,350,5,,,0,5,50,,25,,4239.00,"Kumar, D. P., M. V. Shankar, M. M. Kumari, G. Sadanandam, B. Srinivas and V. Durgakumari, “Nano-Size Effects on CuO/TiO2 Catalysts for Highly Efficient H2 Production under Solar Light Irradiation”, Chemical Communications, Vol. 49, No. 82, pp. 9443-9445, 2013."
692,,TiO2,,,100,,,nanotube,anatase-rutile,Visible,,,,0.2,Hydrothermal,350,5,,,0,5,50,,25,,1203.80,"Kumar, D. P., M. V. Shankar, M. M. Kumari, G. Sadanandam, B. Srinivas and V. Durgakumari, “Nano-Size Effects on CuO/TiO2 Catalysts for Highly Efficient H2 Production under Solar Light Irradiation”, Chemical Communications, Vol. 49, No. 82, pp. 9443-9445, 2013."
693,,TiO2,,,100,,,nanotube,anatase-rutile,Visible,,,,2,Hydrothermal,350,5,,,0,5,50,,25,,362.30,"Kumar, D. P., M. V. Shankar, M. M. Kumari, G. Sadanandam, B. Srinivas and V. Durgakumari, “Nano-Size Effects on CuO/TiO2 Catalysts for Highly Efficient H2 Production under Solar Light Irradiation”, Chemical Communications, Vol. 49, No. 82, pp. 9443-9445, 2013."
694,,TiO2,,,100,,,nanoparticle,anatase-rutile,Visible,Xe,300,,0.1,,,0,Photodeposition,,0,5,200,,25,,10.06,"Lin, Y., S. Yang, Y. Liu, S. Zhang, H. Wang, H. Yu and F. Peng, “In-Situ Photo-Deposition CuO1-x Cluster on TiO2 for Enhanced Photocatalytic H2-Production Activity”, International Journal of Hydrogen Energy, Vol. 42, No. 31, pp. 19942-19950, 2017."
695,,TiO2,CuO1-x,,99.8,,,nanoparticle,anatase-rutile,Visible,Xe,300,,0.1,,,0,Photodeposition,,0,5,200,,25,,201.13,"Lin, Y., S. Yang, Y. Liu, S. Zhang, H. Wang, H. Yu and F. Peng, “In-Situ Photo-Deposition CuO1-x Cluster on TiO2 for Enhanced Photocatalytic H2-Production Activity”, International Journal of Hydrogen Energy, Vol. 42, No. 31, pp. 19942-19950, 2017."
696,,TiO2,CuO1-x,,99.5,,,nanoparticle,anatase-rutile,Visible,Xe,300,,0.1,,,0,Photodeposition,,0,5,200,,25,,1076.13,"Lin, Y., S. Yang, Y. Liu, S. Zhang, H. Wang, H. Yu and F. Peng, “In-Situ Photo-Deposition CuO1-x Cluster on TiO2 for Enhanced Photocatalytic H2-Production Activity”, International Journal of Hydrogen Energy, Vol. 42, No. 31, pp. 19942-19950, 2017."
697,,TiO2,CuO1-x,,99,,,nanoparticle,anatase-rutile,Visible,Xe,300,,0.1,,,0,Photodeposition,,0,5,200,,25,,1725.00,"Lin, Y., S. Yang, Y. Liu, S. Zhang, H. Wang, H. Yu and F. Peng, “In-Situ Photo-Deposition CuO1-x Cluster on TiO2 for Enhanced Photocatalytic H2-Production Activity”, International Journal of Hydrogen Energy, Vol. 42, No. 31, pp. 19942-19950, 2017."
698,,TiO2,CuO1-x,,97,,,nanoparticle,anatase-rutile,Visible,Xe,300,,0.1,,,0,Photodeposition,,0,5,200,,25,,1307.50,"Lin, Y., S. Yang, Y. Liu, S. Zhang, H. Wang, H. Yu and F. Peng, “In-Situ Photo-Deposition CuO1-x Cluster on TiO2 for Enhanced Photocatalytic H2-Production Activity”, International Journal of Hydrogen Energy, Vol. 42, No. 31, pp. 19942-19950, 2017."
699,,TiO2,CuO1-x,,95,,,nanoparticle,anatase-rutile,Visible,Xe,300,,0.1,,,0,Photodeposition,,0,5,200,,25,,849.88,"Lin, Y., S. Yang, Y. Liu, S. Zhang, H. Wang, H. Yu and F. Peng, “In-Situ Photo-Deposition CuO1-x Cluster on TiO2 for Enhanced Photocatalytic H2-Production Activity”, International Journal of Hydrogen Energy, Vol. 42, No. 31, pp. 19942-19950, 2017."
700,,TiO2,,,100,,,nanoparticle,anatase-rutile,UV,,,,0.2,,,0,Precipitation,,0,5,25,6.5,25,,1500.00,"Bastos, S. A. L., P. A. L. Lopes, F. N. Santos and L. A. Silva, “Experimental Design as a Tool to Study the Reaction Parameters in Hydrogen Production from Photoinduced Reforming of Glycerol over CdS Photocatalyst”, International Journal of Hydrogen Energy, Vol. 39, No. 27, pp. 14588-14595, 2014."
701,,TiO2,,,100,,,nanoparticle,anatase-rutile,Visible,,,,0.2,,,0,Precipitation,,0,5,25,6.5,25,,530.00,"Ibrahim, S., Y. Cheng, D. Zhao and M. A. Nadeem, “A New Insight for Photocatalytic Hydrogen Production by a Cu/Ni Based Cyanide Bridged Polymer as a Cocatalyst on Titania Support in Glycerol Water Mixture”, International Journal of Hydrogen Energy, Vol. 44, No. 5, pp. 2508-2518, 2019."
702,,TiO2,,,100,,,nanoparticle,anatase-rutile,Visible,Xe,350,,0.2,,,0,,,0,10,100,,25,3.2,14.75,"Wang, C., X. Cai, Y. Chen, Z. Cheng, X. Luo, S. Mo, L. Jia, P. Lin and Z. Yang, “Improved Hydrogen Production from Glycerol Photoreforming over Sol-Gel Derived TiO2 Coupled with Metal Oxides”, Chemical Engineering Journal, Vol. 317, pp. 522-532, 2017."
703,,TiO2,Ag2O,,96.95,,,nanocomposite,anatase,Visible,Xe,350,,0.2,,,0,sol-gel,500,4,10,100,,25,,175.00,"Wang, C., X. Cai, Y. Chen, Z. Cheng, X. Luo, S. Mo, L. Jia, P. Lin and Z. Yang, “Improved Hydrogen Production from Glycerol Photoreforming over Sol-Gel Derived TiO2 Coupled with Metal Oxides”, Chemical Engineering Journal, Vol. 317, pp. 522-532, 2017."
704,,TiO2,Bi2O3,,91.73,,,nanocomposite,anatase,Visible,Xe,350,,0.2,,,0,sol-gel,500,4,10,100,,25,,133.00,"Wang, C., X. Cai, Y. Chen, Z. Cheng, X. Luo, S. Mo, L. Jia, P. Lin and Z. Yang, “Improved Hydrogen Production from Glycerol Photoreforming over Sol-Gel Derived TiO2 Coupled with Metal Oxides”, Chemical Engineering Journal, Vol. 317, pp. 522-532, 2017."
705,,TiO2,ZnO,,95.71,,,nanocomposite,anatase,Visible,Xe,350,,0.2,,,0,sol-gel,500,4,10,100,,25,,90.30,"Wang, C., X. Cai, Y. Chen, Z. Cheng, X. Luo, S. Mo, L. Jia, P. Lin and Z. Yang, “Improved Hydrogen Production from Glycerol Photoreforming over Sol-Gel Derived TiO2 Coupled with Metal Oxides”, Chemical Engineering Journal, Vol. 317, pp. 522-532, 2017."
706,,TiO2,CNT,,99.9,,0.1,nanocomposite,anatase,UV,Hg,450,,0.1,,,0,Hydrothermal,350,2,5,50,,,3.19,2650.60,"Estahbanati, M. R. K., M. Feilizadeh, M. S. Yancheshmeh and M. C. Iliuta, “Effects of Carbon Nanotube and Carbon Sphere Templates in TiO2 Composites for Photocatalytic Hydrogen Production”, Industrial & Engineering Chemistry Research, Vol. 58, No. 8, pp. 2770-2783, 2019."
707,,TiO2,CNT,,99.9,,0.1,nanocomposite,anatase,UV,Hg,450,,0.1,,,0,Hydrothermal,400,2,5,50,,,3.19,3253.00,"Estahbanati, M. R. K., M. Feilizadeh, M. S. Yancheshmeh and M. C. Iliuta, “Effects of Carbon Nanotube and Carbon Sphere Templates in TiO2 Composites for Photocatalytic Hydrogen Production”, Industrial & Engineering Chemistry Research, Vol. 58, No. 8, pp. 2770-2783, 2019."
708,,TiO2,CNT,,99.9,,0.1,nanocomposite,anatase,UV,Hg,450,,0.1,,,0,Hydrothermal,450,2,5,50,,,3.19,8800.00,"Estahbanati, M. R. K., M. Feilizadeh, M. S. Yancheshmeh and M. C. Iliuta, “Effects of Carbon Nanotube and Carbon Sphere Templates in TiO2 Composites for Photocatalytic Hydrogen Production”, Industrial & Engineering Chemistry Research, Vol. 58, No. 8, pp. 2770-2783, 2019."
709,,TiO2,CNT,,99.9,,0.1,nanocomposite,anatase,UV,Hg,450,,0.1,,,0,Hydrothermal,500,2,5,50,,,3.19,2891.60,"Estahbanati, M. R. K., M. Feilizadeh, M. S. Yancheshmeh and M. C. Iliuta, “Effects of Carbon Nanotube and Carbon Sphere Templates in TiO2 Composites for Photocatalytic Hydrogen Production”, Industrial & Engineering Chemistry Research, Vol. 58, No. 8, pp. 2770-2783, 2019."
710,,TiO2,,,100,,0,nanocomposite,anatase,UV,Hg,450,,0.1,,,0,Hydrothermal,450,2,5,50,,,3.19,904.80,"Estahbanati, M. R. K., M. Feilizadeh, M. S. Yancheshmeh and M. C. Iliuta, “Effects of Carbon Nanotube and Carbon Sphere Templates in TiO2 Composites for Photocatalytic Hydrogen Production”, Industrial & Engineering Chemistry Research, Vol. 58, No. 8, pp. 2770-2783, 2019."
711,,TiO2,CNT,,99.95,,0.05,nanocomposite,anatase,UV,Hg,450,,0.1,,,0,Hydrothermal,450,2,5,50,,,3.13,952.40,"Estahbanati, M. R. K., M. Feilizadeh, M. S. Yancheshmeh and M. C. Iliuta, “Effects of Carbon Nanotube and Carbon Sphere Templates in TiO2 Composites for Photocatalytic Hydrogen Production”, Industrial & Engineering Chemistry Research, Vol. 58, No. 8, pp. 2770-2783, 2019."
712,,TiO2,CNT,,99.5,,0.5,nanocomposite,anatase,UV,Hg,450,,0.1,,,0,Hydrothermal,450,2,5,50,,,3.37,3714.30,"Estahbanati, M. R. K., M. Feilizadeh, M. S. Yancheshmeh and M. C. Iliuta, “Effects of Carbon Nanotube and Carbon Sphere Templates in TiO2 Composites for Photocatalytic Hydrogen Production”, Industrial & Engineering Chemistry Research, Vol. 58, No. 8, pp. 2770-2783, 2019."
713,,TiO2,CNT,,99,,1,nanocomposite,anatase,UV,Hg,450,,0.1,,,0,Hydrothermal,450,2,5,50,,,,2166.70,"Estahbanati, M. R. K., M. Feilizadeh, M. S. Yancheshmeh and M. C. Iliuta, “Effects of Carbon Nanotube and Carbon Sphere Templates in TiO2 Composites for Photocatalytic Hydrogen Production”, Industrial & Engineering Chemistry Research, Vol. 58, No. 8, pp. 2770-2783, 2019."
714,,TiO2,,,100,,,nanoparticle,anatase,Visible,Xe,35,,0.83,,,0,sol-gel,500,3,10,120,,25,3.1,4253.00,"Ribao, P., M. A. Esteves, V. R. Fernandes, M. J. Rivero, C. M. Rangel and I. Ortiz, “Challenges Arising from the Use of TiO2/rGO/Pt Photocatalysts to Produce Hydrogen from Crude Glycerol Compared to Synthetic Glycerol”, International Journal of Hydrogen Energy, Vol. 44, No. 53, pp. 28494-28506, 2019."
715,,TiO2,CNT,,95,,,nanoparticle,anatase,Visible,Xe,35,,0.83,,,0,sol-gel,500,3,10,120,,25,2.54,9225.00,"Ribao, P., M. A. Esteves, V. R. Fernandes, M. J. Rivero, C. M. Rangel and I. Ortiz, “Challenges Arising from the Use of TiO2/rGO/Pt Photocatalysts to Produce Hydrogen from Crude Glycerol Compared to Synthetic Glycerol”, International Journal of Hydrogen Energy, Vol. 44, No. 53, pp. 28494-28506, 2019."
716,,TiO2,,,100,,,nanoparticle,anatase-rutile,Visible,Xe,250,,0.1,hydrolysis,400,2,Impregnation,500,5,5,500,,,,7786.00,"de Oliveira Melo, M. and L. A. Silva, “Visible Light-Induced Hydrogen Production from Glycerol Aqueous Solution on Hybrid Pt–CdS– TiO2 Photocatalysts”, Journal of Photochemistry and Photobiology A: Chemistry, Vol. 226, No. 1, pp. 36-41, 2011."
717,,TiO2,rGO,,,,,nanocomposite,anatase-rutile,Visible,Xe,250,,0.1,hydrolysis,400,2,Impregnation,500,5,5,500,,,,8226.00,"de Oliveira Melo, M. and L. A. Silva, “Visible Light-Induced Hydrogen Production from Glycerol Aqueous Solution on Hybrid Pt–CdS– TiO2 Photocatalysts”, Journal of Photochemistry and Photobiology A: Chemistry, Vol. 226, No. 1, pp. 36-41, 2011."
718,,TiO2,Cu2O,,,,,nanocomposite,anatase-rutile,Visible,Xe,250,,0.1,hydrolysis,400,2,Impregnation,500,5,5,500,,,,16656.00,"de Oliveira Melo, M. and L. A. Silva, “Visible Light-Induced Hydrogen Production from Glycerol Aqueous Solution on Hybrid Pt–CdS– TiO2 Photocatalysts”, Journal of Photochemistry and Photobiology A: Chemistry, Vol. 226, No. 1, pp. 36-41, 2011."
719,,TiO2,,,100,,,nanocomposite,anatase-rutile,UV,Hg,400,,0.1,,,0,Hydrothermal,,0,5,50,,25,3.2,350.00,"Zhong W, Wang C, Peng S, Shu R, Tian Z, Du Y, et al. Investigation on the effect of temperature on photothermal glycerol reforming hydrogen production over Ag/TiO2 nanoflake catalyst. International Journal of Hydrogen Energy 2022;47. https://doi.org/10.1016/j.ijhydene.2022.03.122"
720,,TiO2,,,100,,,nanocomposite,anatase-rutile,UV,Hg,400,,0.1,,,0,Hydrothermal,300,1,5,50,,25,3.22,300.00,"Fu, X., X. Wang, D. Y. C. Leung, Q. Gu, S. Chen and H. Huang, “Photocatalytic Reforming of C3-Polyols for H2 Production: Part (I). Role of Their OH Groups”, Applied Catalysis B: Environmental, Vol. 106, No. 3-4, pp. 681-688, 2011."
721,,TiO2,,,100,,,nanocomposite,anatase-rutile,UV,Hg,400,,0.1,,,0,Hydrothermal,400,1,5,50,,25,3.18,700.00,"Bastos, S. A. L., P. A. L. Lopes, F. N. Santos and L. A. Silva, “Experimental Design as a Tool to Study the Reaction Parameters in Hydrogen Production from Photoinduced Reforming of Glycerol over CdS Photocatalyst”, International Journal of Hydrogen Energy, Vol. 39, No. 27, pp. 14588-14595, 2014."
722,,TiO2,,,100,,,nanocomposite,anatase-rutile,UV,Hg,400,,0.1,,,0,Hydrothermal,500,1,5,50,,25,3.04,500.00,"Bastos, S. A. L., P. A. L. Lopes, F. N. Santos and L. A. Silva, “Experimental Design as a Tool to Study the Reaction Parameters in Hydrogen Production from Photoinduced Reforming of Glycerol over CdS Photocatalyst”, International Journal of Hydrogen Energy, Vol. 39, No. 27, pp. 14588-14595, 2014."
723,,TiO2,Ag2O,,99.5,,,nanocomposite,anatase-rutile,UV,Hg,400,,0.1,Hydrothermal,,0,Impregnation,400,4,5,50,,25,3.1,1500.00,"Bastos, S. A. L., P. A. L. Lopes, F. N. Santos and L. A. Silva, “Experimental Design as a Tool to Study the Reaction Parameters in Hydrogen Production from Photoinduced Reforming of Glycerol over CdS Photocatalyst”, International Journal of Hydrogen Energy, Vol. 39, No. 27, pp. 14588-14595, 2014."
724,,TiO2,Ag2O,,99,,,nanocomposite,anatase-rutile,UV,Hg,400,,0.1,Hydrothermal,,0,Impregnation,400,4,5,50,,25,3.06,2700.00,"Bastos, S. A. L., P. A. L. Lopes, F. N. Santos and L. A. Silva, “Experimental Design as a Tool to Study the Reaction Parameters in Hydrogen Production from Photoinduced Reforming of Glycerol over CdS Photocatalyst”, International Journal of Hydrogen Energy, Vol. 39, No. 27, pp. 14588-14595, 2014."
725,,TiO2,Ag2O,,98,,,nanocomposite,anatase-rutile,UV,Hg,400,,0.1,Hydrothermal,,0,Impregnation,400,4,5,50,,25,3.02,4801.00,"Bastos, S. A. L., P. A. L. Lopes, F. N. Santos and L. A. Silva, “Experimental Design as a Tool to Study the Reaction Parameters in Hydrogen Production from Photoinduced Reforming of Glycerol over CdS Photocatalyst”, International Journal of Hydrogen Energy, Vol. 39, No. 27, pp. 14588-14595, 2014."
726,,TiO2,Ag2O,,97,,,nanocomposite,anatase-rutile,UV,Hg,400,,0.1,Hydrothermal,,0,Impregnation,400,4,5,50,,25,2.95,7030.00,"Bastos, S. A. L., P. A. L. Lopes, F. N. Santos and L. A. Silva, “Experimental Design as a Tool to Study the Reaction Parameters in Hydrogen Production from Photoinduced Reforming of Glycerol over CdS Photocatalyst”, International Journal of Hydrogen Energy, Vol. 39, No. 27, pp. 14588-14595, 2014."
727,,TiO2,Ag2O,,97,,,nanocomposite,anatase-rutile,UV,Hg,400,,0.2,Hydrothermal,,0,Impregnation,400,4,5,50,,25,2.95,7270.40,"Bastos, S. A. L., P. A. L. Lopes, F. N. Santos and L. A. Silva, “Experimental Design as a Tool to Study the Reaction Parameters in Hydrogen Production from Photoinduced Reforming of Glycerol over CdS Photocatalyst”, International Journal of Hydrogen Energy, Vol. 39, No. 27, pp. 14588-14595, 2014."
728,,TiO2,Ag2O,,97,,,nanocomposite,anatase-rutile,UV,Hg,400,,0.5,Hydrothermal,,0,Impregnation,400,4,5,50,,25,2.95,2298.30,"Bastos, S. A. L., P. A. L. Lopes, F. N. Santos and L. A. Silva, “Experimental Design as a Tool to Study the Reaction Parameters in Hydrogen Production from Photoinduced Reforming of Glycerol over CdS Photocatalyst”, International Journal of Hydrogen Energy, Vol. 39, No. 27, pp. 14588-14595, 2014."
729,,TiO2,Ag2O,,97,,,nanocomposite,anatase-rutile,UV,Hg,400,,1,Hydrothermal,,0,Impregnation,400,4,5,50,,25,2.95,3229.60,"Bastos, S. A. L., P. A. L. Lopes, F. N. Santos and L. A. Silva, “Experimental Design as a Tool to Study the Reaction Parameters in Hydrogen Production from Photoinduced Reforming of Glycerol over CdS Photocatalyst”, International Journal of Hydrogen Energy, Vol. 39, No. 27, pp. 14588-14595, 2014."
730,,TiO2,Ag2O,,96,,,nanocomposite,anatase-rutile,UV,Hg,400,,0.1,Hydrothermal,,0,Impregnation,400,4,5,50,,25,,5300.00,"Bastos, S. A. L., P. A. L. Lopes, F. N. Santos and L. A. Silva, “Experimental Design as a Tool to Study the Reaction Parameters in Hydrogen Production from Photoinduced Reforming of Glycerol over CdS Photocatalyst”, International Journal of Hydrogen Energy, Vol. 39, No. 27, pp. 14588-14595, 2014."
731,,TiO2,Ag2O,,95,,,nanocomposite,anatase-rutile,UV,Hg,400,,0.1,Hydrothermal,,0,Impregnation,400,4,5,50,,25,2.85,3298.00,"Bastos, S. A. L., P. A. L. Lopes, F. N. Santos and L. A. Silva, “Experimental Design as a Tool to Study the Reaction Parameters in Hydrogen Production from Photoinduced Reforming of Glycerol over CdS Photocatalyst”, International Journal of Hydrogen Energy, Vol. 39, No. 27, pp. 14588-14595, 2014."
732,,ZnO,,,100,,,nanorod,,Visible,Xe,350,,1,sonication,,0,Hydrothermal,,0,10,50,,5,,12.00,"Chang, C. J., Y. G. Lin, H. T. Weng and Y. H. Wei, “Photocatalytic Hydrogen Production from Glycerol Solution at Room Temperature by ZnO-ZnS/Graphene Photocatalysts”, Applied Surface Science, Vol. 451, No. 1, pp. 198-206, 2018."
733,,ZnO,,,100,,,nanorod,,Visible,Xe,350,,1,sonication,,0,Hydrothermal,,0,10,50,,15,,26.00,"Chang, C. J., Y. G. Lin, H. T. Weng and Y. H. Wei, “Photocatalytic Hydrogen Production from Glycerol Solution at Room Temperature by ZnO-ZnS/Graphene Photocatalysts”, Applied Surface Science, Vol. 451, No. 1, pp. 198-206, 2018."
734,,ZnO,,,100,,,nanorod,,Visible,Xe,350,,1,sonication,,0,Hydrothermal,,0,10,50,,25,,38.00,"Chang, C. J., Y. G. Lin, H. T. Weng and Y. H. Wei, “Photocatalytic Hydrogen Production from Glycerol Solution at Room Temperature by ZnO-ZnS/Graphene Photocatalysts”, Applied Surface Science, Vol. 451, No. 1, pp. 198-206, 2018."
735,,ZnO,ZnS,,,,,nanorod,,Visible,Xe,350,,1,sonication,,0,Hydrothermal,,0,10,50,,5,,208.00,"Chang, C. J., Y. G. Lin, H. T. Weng and Y. H. Wei, “Photocatalytic Hydrogen Production from Glycerol Solution at Room Temperature by ZnO-ZnS/Graphene Photocatalysts”, Applied Surface Science, Vol. 451, No. 1, pp. 198-206, 2018."
736,,ZnO,ZnS,,,,,nanorod,,Visible,Xe,350,,1,sonication,,0,Hydrothermal,,0,10,50,,15,,270.00,"Chang, C. J., Y. G. Lin, H. T. Weng and Y. H. Wei, “Photocatalytic Hydrogen Production from Glycerol Solution at Room Temperature by ZnO-ZnS/Graphene Photocatalysts”, Applied Surface Science, Vol. 451, No. 1, pp. 198-206, 2018."
737,,ZnO,ZnS,,,,,nanorod,,Visible,Xe,350,,1,sonication,,0,Hydrothermal,,0,10,50,,25,,384.00,"Cavdar O, Baluk M, Malankowska A, Żak A, Lisowski W, Klimczuk T, et al. Photocatalytic hydrogen evolution from glycerol-water mixture under visible light over zinc indium sulfide (ZnIn2S4) nanosheets grown on bismuth oxychloride (BiOCl) microplates. Journal of Colloid and Interface Science 2023;640. https://doi.org/10.1016/j.jcis.2023.02.129"
738,,ZnS,,,100,,,nanorod,,Visible,Xe,350,,1,sonication,,0,Hydrothermal,,0,10,50,,5,3.87,116.00,"Chang, C. J., Y. G. Lin, H. T. Weng and Y. H. Wei, “Photocatalytic Hydrogen Production from Glycerol Solution at Room Temperature by ZnO-ZnS/Graphene Photocatalysts”, Applied Surface Science, Vol. 451, No. 1, pp. 198-206, 2018."
739,,ZnS,,,100,,,nanorod,,Visible,Xe,350,,1,sonication,,0,Hydrothermal,,0,10,50,,15,3.87,178.00,"Chang, C. J., Y. G. Lin, H. T. Weng and Y. H. Wei, “Photocatalytic Hydrogen Production from Glycerol Solution at Room Temperature by ZnO-ZnS/Graphene Photocatalysts”, Applied Surface Science, Vol. 451, No. 1, pp. 198-206, 2018."
740,,ZnS,,,100,,,nanorod,,Visible,Xe,350,,1,sonication,,0,Hydrothermal,,0,10,50,,25,3.87,232.00,"Chang, C. J., Y. G. Lin, H. T. Weng and Y. H. Wei, “Photocatalytic Hydrogen Production from Glycerol Solution at Room Temperature by ZnO-ZnS/Graphene Photocatalysts”, Applied Surface Science, Vol. 451, No. 1, pp. 198-206, 2018."
741,,ZnO,ZnS,,,,,nanorod,,Visible,Xe,350,,0.2,sonication,,0,Hydrothermal,,0,10,50,,25,,350.00,"Zhong W, Wang C, Peng S, Shu R, Tian Z, Du Y, et al. Investigation on the effect of temperature on photothermal glycerol reforming hydrogen production over Ag/TiO2 nanoflake catalyst. International Journal of Hydrogen Energy 2022;47. https://doi.org/10.1016/j.ijhydene.2022.03.122"
742,,ZnO,ZnS,,,,,nanorod,,Visible,Xe,350,,0.6,sonication,,0,Hydrothermal,,0,10,50,,25,,360.00,"Chang, C. J., Y. G. Lin, H. T. Weng and Y. H. Wei, “Photocatalytic Hydrogen Production from Glycerol Solution at Room Temperature by ZnO-ZnS/Graphene Photocatalysts”, Applied Surface Science, Vol. 451, No. 1, pp. 198-206, 2018."
743,,ZnO,ZnS,,,,,nanorod,,Visible,Xe,350,,2,sonication,,0,Hydrothermal,,0,10,50,,25,,163.00,"Chang, C. J., Y. G. Lin, H. T. Weng and Y. H. Wei, “Photocatalytic Hydrogen Production from Glycerol Solution at Room Temperature by ZnO-ZnS/Graphene Photocatalysts”, Applied Surface Science, Vol. 451, No. 1, pp. 198-206, 2018."
744,,ZnO,ZnS,,,,,nanorod,,Visible,Xe,350,,4,sonication,,0,Hydrothermal,,0,10,50,,25,,79.00,"Chang, C. J., Y. G. Lin, H. T. Weng and Y. H. Wei, “Photocatalytic Hydrogen Production from Glycerol Solution at Room Temperature by ZnO-ZnS/Graphene Photocatalysts”, Applied Surface Science, Vol. 451, No. 1, pp. 198-206, 2018."
745,,ZnO,,,100,,,nanorod,,UV,Hg,125,,30,,,0,water bath,,0,7,10,,40,3.37,29.69,"Liu, S. X. Wang, K. Wang, R. Lv and Y. Xu, “ZnO/ZnS–PdS Core/Shell Nanorods: Synthesis, Characterization and Application for Photocatalytic Hydrogen Production from a Glycerol/Water Solution”, Applied Surface Science, Vol. 283, pp. 732-739, 2013."
746,,ZnO,,,100,,,nanorod,,UV,Hg,125,,30,,,0,water bath,,0,7,10,,60,3.37,41.57,"Liu, S. X. Wang, K. Wang, R. Lv and Y. Xu, “ZnO/ZnS–PdS Core/Shell Nanorods: Synthesis, Characterization and Application for Photocatalytic Hydrogen Production from a Glycerol/Water Solution”, Applied Surface Science, Vol. 283, pp. 732-739, 2013."
747,,ZnO,,,100,,,nanorod,,UV,Hg,125,,30,,,0,water bath,,0,7,10,,80,3.37,35.63,"Liu, S. X. Wang, K. Wang, R. Lv and Y. Xu, “ZnO/ZnS–PdS Core/Shell Nanorods: Synthesis, Characterization and Application for Photocatalytic Hydrogen Production from a Glycerol/Water Solution”, Applied Surface Science, Vol. 283, pp. 732-739, 2013."
748,,ZnO,ZnS,,81,,,nanorod,,UV,Hg,125,,30,water bath,,0,sulfidation,,0,7,10,,40,,457.24,"Liu, S. X. Wang, K. Wang, R. Lv and Y. Xu, “ZnO/ZnS–PdS Core/Shell Nanorods: Synthesis, Characterization and Application for Photocatalytic Hydrogen Production from a Glycerol/Water Solution”, Applied Surface Science, Vol. 283, pp. 732-739, 2013."
749,,ZnO,ZnS,,81,,,nanorod,,UV,Hg,125,,30,water bath,,0,sulfidation,,0,7,10,,60,,932.30,"Liu, S. X. Wang, K. Wang, R. Lv and Y. Xu, “ZnO/ZnS–PdS Core/Shell Nanorods: Synthesis, Characterization and Application for Photocatalytic Hydrogen Production from a Glycerol/Water Solution”, Applied Surface Science, Vol. 283, pp. 732-739, 2013."
750,,ZnO,ZnS,,81,,,nanorod,,UV,Hg,125,,30,water bath,,0,sulfidation,,0,7,10,,80,,1538.00,"Liu, S. X. Wang, K. Wang, R. Lv and Y. Xu, “ZnO/ZnS–PdS Core/Shell Nanorods: Synthesis, Characterization and Application for Photocatalytic Hydrogen Production from a Glycerol/Water Solution”, Applied Surface Science, Vol. 283, pp. 732-739, 2013."
751,,ZnO,ZnS,,74,,,nanorod,,UV,Hg,125,,30,water bath,,0,sulfidation,,0,7,10,,40,,647.27,"Liu, S. X. Wang, K. Wang, R. Lv and Y. Xu, “ZnO/ZnS–PdS Core/Shell Nanorods: Synthesis, Characterization and Application for Photocatalytic Hydrogen Production from a Glycerol/Water Solution”, Applied Surface Science, Vol. 283, pp. 732-739, 2013."
752,,ZnO,ZnS,,74,,,nanorod,,UV,Hg,125,,30,water bath,,0,sulfidation,,0,7,10,,60,,1068.90,"Liu, S. X. Wang, K. Wang, R. Lv and Y. Xu, “ZnO/ZnS–PdS Core/Shell Nanorods: Synthesis, Characterization and Application for Photocatalytic Hydrogen Production from a Glycerol/Water Solution”, Applied Surface Science, Vol. 283, pp. 732-739, 2013."
753,,ZnO,ZnS,,74,,,nanorod,,UV,Hg,125,,30,water bath,,0,sulfidation,,0,7,10,,80,,1692.40,"Liu, S. X. Wang, K. Wang, R. Lv and Y. Xu, “ZnO/ZnS–PdS Core/Shell Nanorods: Synthesis, Characterization and Application for Photocatalytic Hydrogen Production from a Glycerol/Water Solution”, Applied Surface Science, Vol. 283, pp. 732-739, 2013."
754,,ZnO,ZnS,,63,,,nanorod,,UV,Hg,125,,30,water bath,,0,sulfidation,,0,7,10,,40,,920.43,"Liu, S. X. Wang, K. Wang, R. Lv and Y. Xu, “ZnO/ZnS–PdS Core/Shell Nanorods: Synthesis, Characterization and Application for Photocatalytic Hydrogen Production from a Glycerol/Water Solution”, Applied Surface Science, Vol. 283, pp. 732-739, 2013."
755,,ZnO,ZnS,,63,,,nanorod,,UV,Hg,125,,30,water bath,,0,sulfidation,,0,7,10,,60,,1549.90,"Liu, S. X. Wang, K. Wang, R. Lv and Y. Xu, “ZnO/ZnS–PdS Core/Shell Nanorods: Synthesis, Characterization and Application for Photocatalytic Hydrogen Production from a Glycerol/Water Solution”, Applied Surface Science, Vol. 283, pp. 732-739, 2013."
756,,ZnO,ZnS,,63,,,nanorod,,UV,Hg,125,,30,water bath,,0,sulfidation,,0,7,10,,80,,2036.80,"Liu, S. X. Wang, K. Wang, R. Lv and Y. Xu, “ZnO/ZnS–PdS Core/Shell Nanorods: Synthesis, Characterization and Application for Photocatalytic Hydrogen Production from a Glycerol/Water Solution”, Applied Surface Science, Vol. 283, pp. 732-739, 2013."
757,,ZnO,ZnS,,58,,,nanorod,,UV,Hg,125,,30,water bath,,0,sulfidation,,0,7,10,,40,,1211.40,"Liu, S. X. Wang, K. Wang, R. Lv and Y. Xu, “ZnO/ZnS–PdS Core/Shell Nanorods: Synthesis, Characterization and Application for Photocatalytic Hydrogen Production from a Glycerol/Water Solution”, Applied Surface Science, Vol. 283, pp. 732-739, 2013."
758,,ZnO,ZnS,,58,,,nanorod,,UV,Hg,125,,30,water bath,,0,sulfidation,,0,7,10,,60,,1959.60,"Liu, S. X. Wang, K. Wang, R. Lv and Y. Xu, “ZnO/ZnS–PdS Core/Shell Nanorods: Synthesis, Characterization and Application for Photocatalytic Hydrogen Production from a Glycerol/Water Solution”, Applied Surface Science, Vol. 283, pp. 732-739, 2013."
759,,ZnO,ZnS,,58,,,nanorod,,UV,Hg,125,,30,water bath,,0,sulfidation,,0,7,10,,80,,2608.70,"Liu, S. X. Wang, K. Wang, R. Lv and Y. Xu, “ZnO/ZnS–PdS Core/Shell Nanorods: Synthesis, Characterization and Application for Photocatalytic Hydrogen Production from a Glycerol/Water Solution”, Applied Surface Science, Vol. 283, pp. 732-739, 2013."
760,,ZnO,ZnS,,51,,,nanorod,,UV,Hg,125,,30,water bath,,0,sulfidation,,0,7,10,,40,,932.30,"Liu, S. X. Wang, K. Wang, R. Lv and Y. Xu, “ZnO/ZnS–PdS Core/Shell Nanorods: Synthesis, Characterization and Application for Photocatalytic Hydrogen Production from a Glycerol/Water Solution”, Applied Surface Science, Vol. 283, pp. 732-739, 2013."
761,,ZnO,ZnS,,51,,,nanorod,,UV,Hg,125,,30,water bath,,0,sulfidation,,0,7,10,,60,,1639.00,"Liu, S. X. Wang, K. Wang, R. Lv and Y. Xu, “ZnO/ZnS–PdS Core/Shell Nanorods: Synthesis, Characterization and Application for Photocatalytic Hydrogen Production from a Glycerol/Water Solution”, Applied Surface Science, Vol. 283, pp. 732-739, 2013."
762,,ZnO,ZnS,,51,,,nanorod,,UV,Hg,125,,30,water bath,,0,sulfidation,,0,7,10,,80,,2333.70,"Liu, S. X. Wang, K. Wang, R. Lv and Y. Xu, “ZnO/ZnS–PdS Core/Shell Nanorods: Synthesis, Characterization and Application for Photocatalytic Hydrogen Production from a Glycerol/Water Solution”, Applied Surface Science, Vol. 283, pp. 732-739, 2013."
763,,ZnO,ZnS,,58,,,nanorod,,UV,Hg,125,,30,water bath,,0,sulfidation,,0,7,10,,40,,576.01,"Liu, S. X. Wang, K. Wang, R. Lv and Y. Xu, “ZnO/ZnS–PdS Core/Shell Nanorods: Synthesis, Characterization and Application for Photocatalytic Hydrogen Production from a Glycerol/Water Solution”, Applied Surface Science, Vol. 283, pp. 732-739, 2013."
764,,ZnO,ZnS,,58,,,nanorod,,UV,Hg,125,,30,water bath,,0,sulfidation,,0,7,10,,60,,724.47,"Liu, S. X. Wang, K. Wang, R. Lv and Y. Xu, “ZnO/ZnS–PdS Core/Shell Nanorods: Synthesis, Characterization and Application for Photocatalytic Hydrogen Production from a Glycerol/Water Solution”, Applied Surface Science, Vol. 283, pp. 732-739, 2013."
765,,ZnO,ZnS,,58,,,nanorod,,UV,Hg,125,,30,water bath,,0,sulfidation,,0,7,10,,80,,1395.50,"Liu, S. X. Wang, K. Wang, R. Lv and Y. Xu, “ZnO/ZnS–PdS Core/Shell Nanorods: Synthesis, Characterization and Application for Photocatalytic Hydrogen Production from a Glycerol/Water Solution”, Applied Surface Science, Vol. 283, pp. 732-739, 2013."
766,,ZnO,,,100,,,nanorod,,Visible,Xe,500,,30,,,0,water bath,,0,7,10,,,3.37,60.91,"Liu, S. X. Wang, K. Wang, R. Lv and Y. Xu, “ZnO/ZnS–PdS Core/Shell Nanorods: Synthesis, Characterization and Application for Photocatalytic Hydrogen Production from a Glycerol/Water Solution”, Applied Surface Science, Vol. 283, pp. 732-739, 2013."
767,,ZnO,ZnS,,81,,,nanorod,,Visible,Xe,500,,30,water bath,,0,sulfidation,,0,7,10,,,,114.55,"Liu, S. X. Wang, K. Wang, R. Lv and Y. Xu, “ZnO/ZnS–PdS Core/Shell Nanorods: Synthesis, Characterization and Application for Photocatalytic Hydrogen Production from a Glycerol/Water Solution”, Applied Surface Science, Vol. 283, pp. 732-739, 2013."
768,,ZnO,ZnS,,74,,,nanorod,,Visible,Xe,500,,30,water bath,,0,sulfidation,,0,7,10,,,,313.64,"Liu, S. X. Wang, K. Wang, R. Lv and Y. Xu, “ZnO/ZnS–PdS Core/Shell Nanorods: Synthesis, Characterization and Application for Photocatalytic Hydrogen Production from a Glycerol/Water Solution”, Applied Surface Science, Vol. 283, pp. 732-739, 2013."
769,,ZnO,ZnS,,63,,,nanorod,,Visible,Xe,500,,30,water bath,,0,sulfidation,,0,7,10,,,,388.40,"Liu, S. X. Wang, K. Wang, R. Lv and Y. Xu, “ZnO/ZnS–PdS Core/Shell Nanorods: Synthesis, Characterization and Application for Photocatalytic Hydrogen Production from a Glycerol/Water Solution”, Applied Surface Science, Vol. 283, pp. 732-739, 2013."
770,,ZnO,ZnS,,58,,,nanorod,,Visible,Xe,500,,30,water bath,,0,sulfidation,,0,7,10,,,,269.09,"Liu, S. X. Wang, K. Wang, R. Lv and Y. Xu, “ZnO/ZnS–PdS Core/Shell Nanorods: Synthesis, Characterization and Application for Photocatalytic Hydrogen Production from a Glycerol/Water Solution”, Applied Surface Science, Vol. 283, pp. 732-739, 2013."
771,,ZnO,ZnS,,51,,,nanorod,,Visible,Xe,500,,30,water bath,,0,sulfidation,,0,7,10,,,,293.64,"Liu, S. X. Wang, K. Wang, R. Lv and Y. Xu, “ZnO/ZnS–PdS Core/Shell Nanorods: Synthesis, Characterization and Application for Photocatalytic Hydrogen Production from a Glycerol/Water Solution”, Applied Surface Science, Vol. 283, pp. 732-739, 2013."
772,,ZnO-ZnS,,,100,,,nanocomposite,,UV,Hg,300,,0.5,solution,,0,dispersion,,0,1,100,,30,,0.00,"Nguyen, N. T., D. D. Zheng, S. S. Chen, C. T. Chang, C. M. Ma, N. C. Nguyen, H. T. Nguyen, S. S. Hsiao and S. Y. Kang, “Effects of Different Sacrificial Agents and Hydrogen Production from Wastewater by Pt-Graphene/TiO2”, Journal of Nanoscience and Nanotechnology, Vol. 18, No. 5, pp. 3563-3570, 2018."
773,,ZnO-ZnS,,,100,,,nanocomposite,,UV,Hg,300,,0.5,solution,,0,dispersion,,0,10,100,,30,,193.30,"Manchala, S., L. R. Nagappagari, S. M. Venkatakrishnan and C. Shanker, “Facile Synthesis of Noble-Metal Free Polygonal Zn2TiO4 Nanostructures for Highly Efficient Photocatalytic Hydrogen Evolution under Solar Light Irradiation”, International Journal of Hydrogen Energy, Vol. 43, No. 29, pp. 13145-13157, 2018."
774,,ZnO-ZnS,,,100,,,nanocomposite,,UV,Hg,300,,0.5,solution,,0,dispersion,,0,20,100,,30,,269.90,"Manchala, S., L. R. Nagappagari, S. M. Venkatakrishnan and C. Shanker, “Facile Synthesis of Noble-Metal Free Polygonal Zn2TiO4 Nanostructures for Highly Efficient Photocatalytic Hydrogen Evolution under Solar Light Irradiation”, International Journal of Hydrogen Energy, Vol. 43, No. 29, pp. 13145-13157, 2018."
775,,ZnO-ZnS,,,100,,,nanocomposite,,UV,Hg,300,,0.5,solution,,0,dispersion,,0,30,100,,30,,587.60,"Manchala, S., L. R. Nagappagari, S. M. Venkatakrishnan and C. Shanker, “Facile Synthesis of Noble-Metal Free Polygonal Zn2TiO4 Nanostructures for Highly Efficient Photocatalytic Hydrogen Evolution under Solar Light Irradiation”, International Journal of Hydrogen Energy, Vol. 43, No. 29, pp. 13145-13157, 2018."
776,,ZnO-ZnS,,,100,,,nanocomposite,,UV,Hg,300,,0.5,solution,,0,dispersion,,0,40,100,,30,,689.70,"Manchala, S., L. R. Nagappagari, S. M. Venkatakrishnan and C. Shanker, “Facile Synthesis of Noble-Metal Free Polygonal Zn2TiO4 Nanostructures for Highly Efficient Photocatalytic Hydrogen Evolution under Solar Light Irradiation”, International Journal of Hydrogen Energy, Vol. 43, No. 29, pp. 13145-13157, 2018."
777,,ZnO-ZnS,,,100,,,nanocomposite,,UV,Hg,300,,0.5,solution,,0,dispersion,,0,50,100,,30,,293.60,"Manchala, S., L. R. Nagappagari, S. M. Venkatakrishnan and C. Shanker, “Facile Synthesis of Noble-Metal Free Polygonal Zn2TiO4 Nanostructures for Highly Efficient Photocatalytic Hydrogen Evolution under Solar Light Irradiation”, International Journal of Hydrogen Energy, Vol. 43, No. 29, pp. 13145-13157, 2018."
778,,ZnO-ZnS,graphene,,99.95,,,nanocomposite,,UV,Hg,300,,0.5,solution,,0,dispersion,,0,50,100,,30,,1070.00,"Manchala, S., L. R. Nagappagari, S. M. Venkatakrishnan and C. Shanker, “Facile Synthesis of Noble-Metal Free Polygonal Zn2TiO4 Nanostructures for Highly Efficient Photocatalytic Hydrogen Evolution under Solar Light Irradiation”, International Journal of Hydrogen Energy, Vol. 43, No. 29, pp. 13145-13157, 2018."
779,,ZnO,,,100,,,nanorod,,UV,Hg,125,,6,,,0,chemical conversion,,0,5,10,,40,3.27,99.56,"Kadi, M. W. and R. M. Mohamed, “One-Step Sol-Gel Synthesis of PbTiO3 Nanosheets and Photocatalytic Enhancement through Decoration by Platinum”, Journal of Nanoparticle Research, Vol. 22, No. 9, p. 266, 2020."
780,,ZnO,,,100,,,nanorod,,UV,Hg,125,,6,,,0,chemical conversion,,0,5,10,,60,3.27,155.31,"Kadi, M. W. and R. M. Mohamed, “One-Step Sol-Gel Synthesis of PbTiO3 Nanosheets and Photocatalytic Enhancement through Decoration by Platinum”, Journal of Nanoparticle Research, Vol. 22, No. 9, p. 266, 2020."
781,,ZnO,,,100,,,nanorod,,UV,Hg,125,,6,,,0,chemical conversion,,0,5,10,,80,3.27,199.12,"Kadi, M. W. and R. M. Mohamed, “One-Step Sol-Gel Synthesis of PbTiO3 Nanosheets and Photocatalytic Enhancement through Decoration by Platinum”, Journal of Nanoparticle Research, Vol. 22, No. 9, p. 266, 2020."
782,,ZnO,ZnS,,76,,,nanocomposite,,UV,Hg,125,,6,water bath,,0,water bath,,0,5,10,,40,3.26,151.33,"Kadi, M. W. and R. M. Mohamed, “One-Step Sol-Gel Synthesis of PbTiO3 Nanosheets and Photocatalytic Enhancement through Decoration by Platinum”, Journal of Nanoparticle Research, Vol. 22, No. 9, p. 266, 2020."
783,,ZnO,ZnS,,76,,,nanocomposite,,UV,Hg,125,,6,water bath,,0,water bath,,0,5,10,,60,3.26,489.82,"Kadi, M. W. and R. M. Mohamed, “One-Step Sol-Gel Synthesis of PbTiO3 Nanosheets and Photocatalytic Enhancement through Decoration by Platinum”, Journal of Nanoparticle Research, Vol. 22, No. 9, p. 266, 2020."
784,,ZnO,ZnS,,76,,,nanocomposite,,UV,Hg,125,,6,water bath,,0,water bath,,0,5,10,,80,3.26,661.06,"Kadi, M. W. and R. M. Mohamed, “One-Step Sol-Gel Synthesis of PbTiO3 Nanosheets and Photocatalytic Enhancement through Decoration by Platinum”, Journal of Nanoparticle Research, Vol. 22, No. 9, p. 266, 2020."
785,,ZnO,,,100,,,nanorod,,Visible,Xe,500,,6,,,0,water bath,,0,5,10,,,3.27,45.62,"Kadi, M. W. and R. M. Mohamed, “One-Step Sol-Gel Synthesis of PbTiO3 Nanosheets and Photocatalytic Enhancement through Decoration by Platinum”, Journal of Nanoparticle Research, Vol. 22, No. 9, p. 266, 2020."
786,,ZnO,ZnS,,76,,,nanocomposite,,Visible,Xe,500,,6,water bath,,0,water bath,,0,5,10,,,3.26,79.38,"Kadi, M. W. and R. M. Mohamed, “One-Step Sol-Gel Synthesis of PbTiO3 Nanosheets and Photocatalytic Enhancement through Decoration by Platinum”, Journal of Nanoparticle Research, Vol. 22, No. 9, p. 266, 2020."
787,,Zn2TiO4,,,100,,,nanoparticle,,Visible,,,,0.2,,,0,solid-state,1000,2,5,50,,25,3,529.00,"Xiang, X., B. Zhu, B. Cheng, J. Yu and H. Lv, “Enhanced Photocatalytic H2-Production Activity of CdS Quantum Dots Using Sn2+ as Cocatalyst under Visible Light Irradiation”, Small, Vol. 16, No. 26, 2020."
788,,Zn2TiO4,,,100,,,nanoparticle,,Visible,,,,0.2,,,0,solid-state,1000,2,5,50,,25,3,467.00,"Reddy, N. L., D. P. Kumar and M. V. Shankar, “Co-Catalyst Free Titanate Nanorods for Improved Hydrogen Production under Solar Light Irradiation”, Journal of Chemical Sciences, Vol. 128, No. 4, pp. 649-656, 2016."
789,,PbTiO3,,,100,,,nanosheets,,Visible,Xe,500,420,2.5,,,0,sol-gel,450,4,10,200,,25,2.68,42.00,"Alhaddad, M., R. M. Navarro, M. A. Hussein and R. M. Mohamed, “Bi2O3/g-C3N4 Nanocomposites as Proficient Photocatalysts for Hydrogen Generation from Aqueous Glycerol Solutions Beneath Visible Light”, Ceramics International, Vol. 46, No. 16, pp. 24873-24881, 2020."
790,,Bi2O3,,,100,,,nanoparticle,,Visible,Xe,500,420,0.25,,,0,sol-gel,,0,10,200,,,2.5,24.61,"Rawool, S. A., M. R. Rai, A. M. Banerjee, R. D. Bapat, C. Nayak and A. K. Tripathi, “Lab Scale Optimization of Various Factors for Photocatalytic Hydrogen Generation over Low Cost Cu0.02Ti0.98O2-δ Photocatalyst under UV/Visible Irradiation and Sunlight”, International Journal of Hydrogen Energy, Vol. 43, No. 3, pp. 1271-1284, 2018."
791,,g-C3N4,,,100,,,nanoparticle,,Visible,Xe,500,420,0.25,,,0,hard-template,,0,10,200,,,2.71,55.35,"Rawool, S. A., M. R. Rai, A. M. Banerjee, R. D. Bapat, C. Nayak and A. K. Tripathi, “Lab Scale Optimization of Various Factors for Photocatalytic Hydrogen Generation over Low Cost Cu0.02Ti0.98O2-δ Photocatalyst under UV/Visible Irradiation and Sunlight”, International Journal of Hydrogen Energy, Vol. 43, No. 3, pp. 1271-1284, 2018."
792,,g-C3N4,Bi2O3,,99.5,,,nanocomposite,,Visible,Xe,500,420,0.25,hard-template,,0,sonication,,0,10,200,,,2.69,161.29,"Rawool, S. A., M. R. Rai, A. M. Banerjee, R. D. Bapat, C. Nayak and A. K. Tripathi, “Lab Scale Optimization of Various Factors for Photocatalytic Hydrogen Generation over Low Cost Cu0.02Ti0.98O2-δ Photocatalyst under UV/Visible Irradiation and Sunlight”, International Journal of Hydrogen Energy, Vol. 43, No. 3, pp. 1271-1284, 2018."
793,,g-C3N4,Bi2O3,,99,,,nanocomposite,,Visible,Xe,500,420,0.25,hard-template,,0,sonication,,0,10,200,,,2.56,684.06,"Rawool, S. A., M. R. Rai, A. M. Banerjee, R. D. Bapat, C. Nayak and A. K. Tripathi, “Lab Scale Optimization of Various Factors for Photocatalytic Hydrogen Generation over Low Cost Cu0.02Ti0.98O2-δ Photocatalyst under UV/Visible Irradiation and Sunlight”, International Journal of Hydrogen Energy, Vol. 43, No. 3, pp. 1271-1284, 2018."
794,,g-C3N4,Bi2O3,,97,,,nanocomposite,,Visible,Xe,500,420,0.25,hard-template,,0,sonication,,0,10,200,,,2.41,1025.74,"Rawool, S. A., M. R. Rai, A. M. Banerjee, R. D. Bapat, C. Nayak and A. K. Tripathi, “Lab Scale Optimization of Various Factors for Photocatalytic Hydrogen Generation over Low Cost Cu0.02Ti0.98O2-δ Photocatalyst under UV/Visible Irradiation and Sunlight”, International Journal of Hydrogen Energy, Vol. 43, No. 3, pp. 1271-1284, 2018."
795,,g-C3N4,Bi2O3,,95,,,nanocomposite,,Visible,Xe,500,420,0.25,hard-template,,0,sonication,,0,10,200,,,2.39,1046.24,"Rawool, S. A., M. R. Rai, A. M. Banerjee, R. D. Bapat, C. Nayak and A. K. Tripathi, “Lab Scale Optimization of Various Factors for Photocatalytic Hydrogen Generation over Low Cost Cu0.02Ti0.98O2-δ Photocatalyst under UV/Visible Irradiation and Sunlight”, International Journal of Hydrogen Energy, Vol. 43, No. 3, pp. 1271-1284, 2018."
796,,g-C3N4,Bi2O3,,97,,,nanocomposite,,Visible,Xe,500,420,0.5,hard-template,,0,sonication,,0,10,200,,,2.41,658.63,"Rawool, S. A., M. R. Rai, A. M. Banerjee, R. D. Bapat, C. Nayak and A. K. Tripathi, “Lab Scale Optimization of Various Factors for Photocatalytic Hydrogen Generation over Low Cost Cu0.02Ti0.98O2-δ Photocatalyst under UV/Visible Irradiation and Sunlight”, International Journal of Hydrogen Energy, Vol. 43, No. 3, pp. 1271-1284, 2018."
797,,g-C3N4,Bi2O3,,97,,,nanocomposite,,Visible,Xe,500,420,1,hard-template,,0,sonication,,0,10,200,,,2.41,765.23,"Rawool, S. A., M. R. Rai, A. M. Banerjee, R. D. Bapat, C. Nayak and A. K. Tripathi, “Lab Scale Optimization of Various Factors for Photocatalytic Hydrogen Generation over Low Cost Cu0.02Ti0.98O2-δ Photocatalyst under UV/Visible Irradiation and Sunlight”, International Journal of Hydrogen Energy, Vol. 43, No. 3, pp. 1271-1284, 2018."
798,,g-C3N4,Bi2O3,,97,,,nanocomposite,,Visible,Xe,500,420,1.5,hard-template,,0,sonication,,0,10,200,,,2.41,1039.34,"Rawool, S. A., M. R. Rai, A. M. Banerjee, R. D. Bapat, C. Nayak and A. K. Tripathi, “Lab Scale Optimization of Various Factors for Photocatalytic Hydrogen Generation over Low Cost Cu0.02Ti0.98O2-δ Photocatalyst under UV/Visible Irradiation and Sunlight”, International Journal of Hydrogen Energy, Vol. 43, No. 3, pp. 1271-1284, 2018."
799,,g-C3N4,Bi2O3,,97,,,nanocomposite,,Visible,Xe,500,420,2,hard-template,,0,sonication,,0,10,200,,,2.41,1286.75,"Rawool, S. A., M. R. Rai, A. M. Banerjee, R. D. Bapat, C. Nayak and A. K. Tripathi, “Lab Scale Optimization of Various Factors for Photocatalytic Hydrogen Generation over Low Cost Cu0.02Ti0.98O2-δ Photocatalyst under UV/Visible Irradiation and Sunlight”, International Journal of Hydrogen Energy, Vol. 43, No. 3, pp. 1271-1284, 2018."
800,,g-C3N4,Bi2O3,,97,,,nanocomposite,,Visible,Xe,500,420,2.5,hard-template,,0,sonication,,0,10,200,,,2.41,1404.88,"Rawool, S. A., M. R. Rai, A. M. Banerjee, R. D. Bapat, C. Nayak and A. K. Tripathi, “Lab Scale Optimization of Various Factors for Photocatalytic Hydrogen Generation over Low Cost Cu0.02Ti0.98O2-δ Photocatalyst under UV/Visible Irradiation and Sunlight”, International Journal of Hydrogen Energy, Vol. 43, No. 3, pp. 1271-1284, 2018."
801,,g-C3N4,Bi2O3,,97,,,nanocomposite,,Visible,Xe,500,420,3,hard-template,,0,sonication,,0,10,200,,,2.41,1164.98,"Rawool, S. A., M. R. Rai, A. M. Banerjee, R. D. Bapat, C. Nayak and A. K. Tripathi, “Lab Scale Optimization of Various Factors for Photocatalytic Hydrogen Generation over Low Cost Cu0.02Ti0.98O2-δ Photocatalyst under UV/Visible Irradiation and Sunlight”, International Journal of Hydrogen Energy, Vol. 43, No. 3, pp. 1271-1284, 2018."
802,,CuO,,,100,,,nanosheets,,Visible,Xe,500,420,0.25,,,0,sol-gel,450,4,10,200,,,2.21,86.61,"Alhaddad, M., R. M. Navarro, M. A. Hussein and R. M. Mohamed, “Bi2O3/g-C3N4 Nanocomposites as Proficient Photocatalysts for Hydrogen Generation from Aqueous Glycerol Solutions Beneath Visible Light”, Ceramics International, Vol. 46, No. 16, pp. 24873-24881, 2020."
803,,Cu0.02Ti0.98O2-delta,,,100,,,nanoparticle,,Visible,,,,0.22,,,0,sol-gel,500,4,20,255,,25,2.92,64.91,"Mohamed, R. M. and A. A. Ismail, “Mesoporous Pt/La0.02Na0.98TaO3 Nanocomposites as Efficient Photocatalyst for Hydrogen Evolution”, Molecular Catalysis, Vol. 486, 2020."
804,,Cu0.02Ti0.98O2-delta,,,100,,,nanoparticle,,Visible,,,,0.44,,,0,sol-gel,500,4,20,255,,25,2.92,135.90,"Mohamed, R. M. and A. A. Ismail, “Mesoporous Pt/La0.02Na0.98TaO3 Nanocomposites as Efficient Photocatalyst for Hydrogen Evolution”, Molecular Catalysis, Vol. 486, 2020."
805,,Cu0.02Ti0.98O2-delta,,,100,,,nanoparticle,,Visible,,,,0.67,,,0,sol-gel,500,4,20,255,,25,2.92,200.80,"Mohamed, R. M. and A. A. Ismail, “Mesoporous Pt/La0.02Na0.98TaO3 Nanocomposites as Efficient Photocatalyst for Hydrogen Evolution”, Molecular Catalysis, Vol. 486, 2020."
806,,Cu0.02Ti0.98O2-delta,,,100,,,nanoparticle,,Visible,,,,0.78,,,0,sol-gel,500,4,20,255,,25,2.92,243.40,"Mohamed, R. M. and A. A. Ismail, “Mesoporous Pt/La0.02Na0.98TaO3 Nanocomposites as Efficient Photocatalyst for Hydrogen Evolution”, Molecular Catalysis, Vol. 486, 2020."
807,,La0.2Na0.98TaO3,,,100,,,nanoparticle,,UV,Xe,500,,0.25,,,0,sol-gel,,0,10,200,,,4.17,0.32,"Gullapelli, S. M. S. Scurrell and D. K. Valluri, “Photocatalytic H2 Production from Glycerol–Water Mixtures over Ni/γ-Al2O3 and TiO2 Composite Systems”, International Journal of Hydrogen Energy, Vol. 42, No. 22, pp. 15031-15043, 2017."
808,,La0.2Na0.98TaO3,,,100,,0.2,nanoparticle,,UV,Xe,500,,0.25,,,0,sol-gel,450,4,10,200,,25,4.22,0.14,"Gullapelli, S. M. S. Scurrell and D. K. Valluri, “Photocatalytic H2 Production from Glycerol–Water Mixtures over Ni/γ-Al2O3 and TiO2 Composite Systems”, International Journal of Hydrogen Energy, Vol. 42, No. 22, pp. 15031-15043, 2017."
809,,La0.2Na0.98TaO3,,,100,,,nanocomposite,,UV,Xe,500,,0.25,sol-gel,700,8,,,0,10,200,,,4.23,0.54,"Gullapelli, S. M. S. Scurrell and D. K. Valluri, “Photocatalytic H2 Production from Glycerol–Water Mixtures over Ni/γ-Al2O3 and TiO2 Composite Systems”, International Journal of Hydrogen Energy, Vol. 42, No. 22, pp. 15031-15043, 2017."
810,,La0.2Na0.98TaO3,In2O3,,,,0.1,nanocomposite,,UV,Xe,500,,0.25,sol-gel,700,8,Impregnation,400,3,10,200,,,3.83,3.28,"Gullapelli, S. M. S. Scurrell and D. K. Valluri, “Photocatalytic H2 Production from Glycerol–Water Mixtures over Ni/γ-Al2O3 and TiO2 Composite Systems”, International Journal of Hydrogen Energy, Vol. 42, No. 22, pp. 15031-15043, 2017."
811,,La0.2Na0.98TaO3,In2O3,,,,0.5,nanocomposite,,UV,Xe,500,,0.25,sol-gel,700,8,Impregnation,400,3,10,200,,,3.67,145.60,"Gullapelli, S. M. S. Scurrell and D. K. Valluri, “Photocatalytic H2 Production from Glycerol–Water Mixtures over Ni/γ-Al2O3 and TiO2 Composite Systems”, International Journal of Hydrogen Energy, Vol. 42, No. 22, pp. 15031-15043, 2017."
812,,La0.2Na0.98TaO3,In2O3,,,,1,nanocomposite,,UV,Xe,500,,0.25,sol-gel,700,8,Impregnation,400,3,10,200,,,3.62,255.20,"Gullapelli, S. M. S. Scurrell and D. K. Valluri, “Photocatalytic H2 Production from Glycerol–Water Mixtures over Ni/γ-Al2O3 and TiO2 Composite Systems”, International Journal of Hydrogen Energy, Vol. 42, No. 22, pp. 15031-15043, 2017."
813,,La0.2Na0.98TaO3,In2O3,,,,2,nanocomposite,,UV,Xe,500,,0.25,sol-gel,700,8,Impregnation,400,3,10,200,,,3.45,235.30,"Gullapelli, S. M. S. Scurrell and D. K. Valluri, “Photocatalytic H2 Production from Glycerol–Water Mixtures over Ni/γ-Al2O3 and TiO2 Composite Systems”, International Journal of Hydrogen Energy, Vol. 42, No. 22, pp. 15031-15043, 2017."
814,,g-C3N4,CuS,,90,,,nanocomposite,,Visible,Xe,500,420,0.25,grinding,520,2,sol-gel,,0,10,200,,25,1.72,1016.60,"Alhaddad, M., R. M. Navarro, M. A. Hussein and R. M. Mohamed, “Bi2O3/g-C3N4 Nanocomposites as Proficient Photocatalysts for Hydrogen Generation from Aqueous Glycerol Solutions Beneath Visible Light”, Ceramics International, Vol. 46, No. 16, pp. 24873-24881, 2020."
815,,g-C3N4,CuS,,93,,,nanocomposite,,Visible,Xe,500,420,0.25,grinding,520,2,sol-gel,,0,10,200,,25,1.92,579.65,"Alhaddad, M., R. M. Navarro, M. A. Hussein and R. M. Mohamed, “Bi2O3/g-C3N4 Nanocomposites as Proficient Photocatalysts for Hydrogen Generation from Aqueous Glycerol Solutions Beneath Visible Light”, Ceramics International, Vol. 46, No. 16, pp. 24873-24881, 2020."
816,,g-C3N4,CuS,,95,,,nanocomposite,,Visible,Xe,500,420,0.25,grinding,520,2,sol-gel,,0,10,200,,25,2,372.82,"Alhaddad, M., R. M. Navarro, M. A. Hussein and R. M. Mohamed, “Bi2O3/g-C3N4 Nanocomposites as Proficient Photocatalysts for Hydrogen Generation from Aqueous Glycerol Solutions Beneath Visible Light”, Ceramics International, Vol. 46, No. 16, pp. 24873-24881, 2020."
817,,g-C3N4,CuS,,97,,,nanocomposite,,Visible,Xe,500,420,0.25,grinding,520,2,sol-gel,,0,10,200,,25,2.15,74.04,"Alhaddad, M., R. M. Navarro, M. A. Hussein and R. M. Mohamed, “Bi2O3/g-C3N4 Nanocomposites as Proficient Photocatalysts for Hydrogen Generation from Aqueous Glycerol Solutions Beneath Visible Light”, Ceramics International, Vol. 46, No. 16, pp. 24873-24881, 2020."
818,,g-C3N4,CuS,,90,,,nanocomposite,,Visible,Xe,500,420,0.5,grinding,520,2,sol-gel,,0,10,200,,25,1.72,334.16,"Alhaddad, M., R. M. Navarro, M. A. Hussein and R. M. Mohamed, “Bi2O3/g-C3N4 Nanocomposites as Proficient Photocatalysts for Hydrogen Generation from Aqueous Glycerol Solutions Beneath Visible Light”, Ceramics International, Vol. 46, No. 16, pp. 24873-24881, 2020."
819,,g-C3N4,CuS,,90,,,nanocomposite,,Visible,Xe,500,420,1,grinding,520,2,sol-gel,,0,10,200,,25,1.72,514.57,"Alhaddad, M., R. M. Navarro, M. A. Hussein and R. M. Mohamed, “Bi2O3/g-C3N4 Nanocomposites as Proficient Photocatalysts for Hydrogen Generation from Aqueous Glycerol Solutions Beneath Visible Light”, Ceramics International, Vol. 46, No. 16, pp. 24873-24881, 2020."
820,,g-C3N4,CuS,,90,,,nanocomposite,,Visible,Xe,500,420,1.5,grinding,520,2,sol-gel,,0,10,200,,25,1.72,1055.90,"Alhaddad, M., R. M. Navarro, M. A. Hussein and R. M. Mohamed, “Bi2O3/g-C3N4 Nanocomposites as Proficient Photocatalysts for Hydrogen Generation from Aqueous Glycerol Solutions Beneath Visible Light”, Ceramics International, Vol. 46, No. 16, pp. 24873-24881, 2020."
821,,g-C3N4,CuS,,90,,,nanocomposite,,Visible,Xe,500,420,2,grinding,520,2,sol-gel,,0,10,200,,25,1.72,2018.40,"Alhaddad, M., R. M. Navarro, M. A. Hussein and R. M. Mohamed, “Bi2O3/g-C3N4 Nanocomposites as Proficient Photocatalysts for Hydrogen Generation from Aqueous Glycerol Solutions Beneath Visible Light”, Ceramics International, Vol. 46, No. 16, pp. 24873-24881, 2020."
822,,g-C3N4,CuS,,90,,,nanocomposite,,Visible,Xe,500,420,2.5,grinding,520,2,sol-gel,,0,10,200,,25,1.72,2619.80,"Alhaddad, M., R. M. Navarro, M. A. Hussein and R. M. Mohamed, “Bi2O3/g-C3N4 Nanocomposites as Proficient Photocatalysts for Hydrogen Generation from Aqueous Glycerol Solutions Beneath Visible Light”, Ceramics International, Vol. 46, No. 16, pp. 24873-24881, 2020."
823,,ZnO,,,100,,4,nanorod,,Visible,LED,10,,1.5,Precipitation,600,2,Precipitation,600,2,5,35,6,25,3.19,613.14,"Osman, A. I., N. C. Skillen, P. K. J. Robertson, D. W. Rooney and K. Morgan, “Exploring the Photocatalytic Hydrogen Production Potential of Titania Doped with Alumina Derived from Foil Waste”, International Journal of Hydrogen Energy, Vol. 45, No. 59, pp. 34494-34502, 2020."
824,,TiO2,CuO,,99.5,,0.5,nanobelt,anatase-rutile,Visible,,,,2,Hydrothermal,550,5,Impregnation,500,5,5,150,,25,,3408.00,"Kumar, D. P., M. V. Shankar, M. M. Kumari, G. Sadanandam, B. Srinivas and V. Durgakumari, “Nano-Size Effects on CuO/TiO2 Catalysts for Highly Efficient H2 Production under Solar Light Irradiation”, Chemical Communications, Vol. 49, No. 82, pp. 9443-9445, 2013."
825,,TiO2,AC,,98,,,nanocomposite,anatase-rutile,Visible,,,,0.1,,,0,Hydrothermal,300,2,5,50,,,,2074.90,"Reddy, N. R., U. Bhargav, C. C. Mohan, M. M. Kumari and M. V. Shankar, “Multiwalled Carbon Nanotubes in Titania based Nanocomposite as Trap for Photoexcitons for Enhanced Photocatalytic Hydrogen Production under Solar Light Irradiation”, Materials Research Bulletin, Vol. 106, pp. 271-275, 2018."
826,,TiO2,AC,,98,,,nanocomposite,anatase-rutile,Visible,,,,0.1,,,0,Hydrothermal,350,2,5,50,,,2.86,4538.90,"Reddy, N. R., U. Bhargav, C. C. Mohan, M. M. Kumari and M. V. Shankar, “Multiwalled Carbon Nanotubes in Titania based Nanocomposite as Trap for Photoexcitons for Enhanced Photocatalytic Hydrogen Production under Solar Light Irradiation”, Materials Research Bulletin, Vol. 106, pp. 271-275, 2018."
827,,TiO2,AC,,98,,,nanocomposite,anatase-rutile,Visible,,,,0.1,,,0,Hydrothermal,400,2,5,50,,,2.83,8278.10,"Reddy, N. R., U. Bhargav, C. C. Mohan, M. M. Kumari and M. V. Shankar, “Multiwalled Carbon Nanotubes in Titania based Nanocomposite as Trap for Photoexcitons for Enhanced Photocatalytic Hydrogen Production under Solar Light Irradiation”, Materials Research Bulletin, Vol. 106, pp. 271-275, 2018."
828,,TiO2,AC,,98,,,nanocomposite,anatase-rutile,Visible,,,,0.1,,,0,Hydrothermal,450,2,5,50,,,2.9,5684.40,"Reddy, N. R., U. Bhargav, C. C. Mohan, M. M. Kumari and M. V. Shankar, “Multiwalled Carbon Nanotubes in Titania based Nanocomposite as Trap for Photoexcitons for Enhanced Photocatalytic Hydrogen Production under Solar Light Irradiation”, Materials Research Bulletin, Vol. 106, pp. 271-275, 2018."
829,,TiO2,,,100,,,nanoparticle,anatase-rutile,Visible,,,,0.1,,,0,Hydrothermal,,0,5,50,,,3.2,1886.10,"Reddy, N. R., U. Bhargav, C. C. Mohan, M. M. Kumari and M. V. Shankar, “Multiwalled Carbon Nanotubes in Titania based Nanocomposite as Trap for Photoexcitons for Enhanced Photocatalytic Hydrogen Production under Solar Light Irradiation”, Materials Research Bulletin, Vol. 106, pp. 271-275, 2018."
830,,TiO2,AC,,98,,,nanocomposite,anatase-rutile,Visible,,,,0.1,,,0,Hydrothermal,,0,5,50,,,,4060.70,"Reddy, N. R., U. Bhargav, C. C. Mohan, M. M. Kumari and M. V. Shankar, “Multiwalled Carbon Nanotubes in Titania based Nanocomposite as Trap for Photoexcitons for Enhanced Photocatalytic Hydrogen Production under Solar Light Irradiation”, Materials Research Bulletin, Vol. 106, pp. 271-275, 2018."
831,,TiO2,AC,,98,,,nanocomposite,anatase-rutile,Visible,,,,0.1,,,0,Hydrothermal,400,2,5,50,,,2.83,8298.80,"Reddy, N. R., U. Bhargav, C. C. Mohan, M. M. Kumari and M. V. Shankar, “Multiwalled Carbon Nanotubes in Titania based Nanocomposite as Trap for Photoexcitons for Enhanced Photocatalytic Hydrogen Production under Solar Light Irradiation”, Materials Research Bulletin, Vol. 106, pp. 271-275, 2018."
832,,TiO2,AC,,98,,,nanocomposite,anatase-rutile,Visible,,,,0.1,,,0,Hydrothermal,400,2,5,50,,,2.83,9554.10,"Reddy, N. R., U. Bhargav, C. C. Mohan, M. M. Kumari and M. V. Shankar, “Multiwalled Carbon Nanotubes in Titania based Nanocomposite as Trap for Photoexcitons for Enhanced Photocatalytic Hydrogen Production under Solar Light Irradiation”, Materials Research Bulletin, Vol. 106, pp. 271-275, 2018."
833,,TiO2,AC,,98,,,nanocomposite,anatase-rutile,Visible,Xe,250,,0.1,,,0,Hydrothermal,400,2,5,50,,,2.83,3745.20,"Reddy, N. R., U. Bhargav, C. C. Mohan, M. M. Kumari and M. V. Shankar, “Multiwalled Carbon Nanotubes in Titania based Nanocomposite as Trap for Photoexcitons for Enhanced Photocatalytic Hydrogen Production under Solar Light Irradiation”, Materials Research Bulletin, Vol. 106, pp. 271-275, 2018."
834,,ZnS,NiO,,,,,nanocomposite,,Visible,,,,0.06,co-precipitation,,0,wet-chemical,,0,2.5,180,,25,,7200.00,"Reddy, N. L., S. Emin, V. D. Kumari and S. M. Venkatakrishnan,"
835,,ZnS,NiO,,,,,nanocomposite,,Visible,,,,0.06,co-precipitation,,0,wet-chemical,,0,5,180,,25,,9100.00,"Reddy, N. L., S. Emin, V. D. Kumari and S. M. Venkatakrishnan,"
836,,ZnS,NiO,,,,,nanocomposite,,Visible,,,,0.06,co-precipitation,,0,wet-chemical,,0,10,180,,25,,9300.00,"Lalitha, K., G. Sadanandam, V. D. Kumari, M. Subrahmanyam, B. Sreedhar and N. Y. Hebalkar, “Highly Stabilized and Finely Dispersed Cu2O/TiO2: a Promising Visible Sensitive Photocatalyst for Continuous Production of Hydrogen from Glycerol: Water Mixtures”, The Journal of Physical Chemistry C, Vol. 114, No. 50, pp. 22181-22189, 2010."
837,,ZnS,NiO,,,,,nanocomposite,,Visible,,,,0.06,co-precipitation,,0,wet-chemical,,0,15,180,,25,,7000.00,"Reddy, N. L., S. Emin, V. D. Kumari and S. M. Venkatakrishnan,"
838,,ZnS,NiO,,,,,nanocomposite,,Visible,,,,0.06,co-precipitation,,0,wet-chemical,,0,20,180,,25,,4300.00,"Reddy, N. L., S. Emin, V. D. Kumari and S. M. Venkatakrishnan,"
839,,TiO2,FCNT,,98,,,nanocomposite,anatase-rutile,Visible,,,,0.03,,,0,Impregnation,350,2,5,180,,,3,13107.00,"Shaheer, A. R. M., V. Vinesh, S. K. Lakhera and B. Neppolian, “Reduced Graphene Oxide as a Solid-State Mediator in TiO2/In0.5WO3 S-Scheme Photocatalyst for Hydrogen Production”, Solar Energy, Vol. 213, pp. 260-270, 2021."
840,,TiO2,CuO,,98.5,,,nanocomposite,anatase-rutile,UV,LED,20,365,0.1,,,0,molten salt,500,4,5,50,,,3.03,20360.00,"Shaheer, A. R. M., V. Vinesh, S. K. Lakhera and B. Neppolian, “Reduced Graphene Oxide as a Solid-State Mediator in TiO2/In0.5WO3 S-Scheme Photocatalyst for Hydrogen Production”, Solar Energy, Vol. 213, pp. 260-270, 2021."
841,,TiO2,CuO,,98.3,,,nanocomposite,anatase-rutile,Visible,,,,0.1,,,0,molten salt,500,4,5,50,,,3.03,21700.00,"Shaheer, A. R. M., V. Vinesh, S. K. Lakhera and B. Neppolian, “Reduced Graphene Oxide as a Solid-State Mediator in TiO2/In0.5WO3 S-Scheme Photocatalyst for Hydrogen Production”, Solar Energy, Vol. 213, pp. 260-270, 2021."
842,,TiO2,,,100,,,nanoparticle,anatase-brookite,Visible,Xe,300,400,0.1,,,0,,,0,5,50,7,25,3.22,24.15,"Mkhalid, I. A., “Hydrogen Evolution over Sol-Gel Prepared Visible-Light-Responsive Ag2O/SrAl2O4/CNT Ternary Photocatalyst”, Ceramics International, Vol. 48, No. 2, pp. 1542-1549, 2022."
843,,TiO2,In0.5WO3,,99,,,nanocomposite,anatase-brookite,Visible,Xe,300,400,0.1,,,0,Hydrothermal,450,1,5,50,7,25,,39.76,"Mkhalid, I. A., “Hydrogen Evolution over Sol-Gel Prepared Visible-Light-Responsive Ag2O/SrAl2O4/CNT Ternary Photocatalyst”, Ceramics International, Vol. 48, No. 2, pp. 1542-1549, 2022."
844,,TiO2,In0.5WO3,,98,,,nanocomposite,anatase-brookite,Visible,Xe,300,400,0.1,,,0,Hydrothermal,450,1,5,50,7,25,3.1,132.60,"Mkhalid, I. A., “Hydrogen Evolution over Sol-Gel Prepared Visible-Light-Responsive Ag2O/SrAl2O4/CNT Ternary Photocatalyst”, Ceramics International, Vol. 48, No. 2, pp. 1542-1549, 2022."
845,,TiO2,In0.5WO3,,97,,,nanocomposite,anatase-brookite,Visible,Xe,300,400,0.1,,,0,Hydrothermal,450,1,5,50,7,25,,68.34,"Mkhalid, I. A., “Hydrogen Evolution over Sol-Gel Prepared Visible-Light-Responsive Ag2O/SrAl2O4/CNT Ternary Photocatalyst”, Ceramics International, Vol. 48, No. 2, pp. 1542-1549, 2022."
846,,TiO2,In0.5WO3,,96,,,nanocomposite,anatase-brookite,Visible,Xe,300,400,0.1,,,0,Hydrothermal,450,1,5,50,7,25,,45.30,"Mkhalid, I. A., “Hydrogen Evolution over Sol-Gel Prepared Visible-Light-Responsive Ag2O/SrAl2O4/CNT Ternary Photocatalyst”, Ceramics International, Vol. 48, No. 2, pp. 1542-1549, 2022."
847,,TiO2,In0.5WO3,,95,,,nanocomposite,anatase-brookite,Visible,Xe,300,400,0.1,,,0,Hydrothermal,450,1,5,50,7,25,,23.64,"Mkhalid, I. A., “Hydrogen Evolution over Sol-Gel Prepared Visible-Light-Responsive Ag2O/SrAl2O4/CNT Ternary Photocatalyst”, Ceramics International, Vol. 48, No. 2, pp. 1542-1549, 2022."
848,,SrAl2O4,,,100,,,nanocomposite,,Visible,Xe,,420,1.2,sol-gel,,0,sol-gel,,0,10,100,,25,4.69,3.11,"Gonuguntla, S., A. Tiwari, J. Gopinath, S. Yarasi, A. V. S. Sainath and U. Pal, “Rational Design of Ru(II)-Phenanthroline Complex Embedded Porous TiO2 Photocatalyst for Efficient Hydrogen Production”, Renewable Energy, Vol. 159, pp. 1-9, 2020."
849,,SrAl2O4,CNT,,96,,,nanocomposite,,Visible,Xe,,420,1.2,sol-gel,,0,,,0,10,100,,25,4.64,3.70,"Tahir, M., “La-Modified TiO2/Carbon Nanotubes Assembly Nanocomposite for Efficient Photocatalytic Hydrogen Evolution from Glycerol-Water Mixture”, International Journal of Hydrogen Energy, Vol. 44, No. 7, pp. 3711-3725, 2019."
850,,SrAl2O4,Ag2O,,99.5,,,nanocomposite,,Visible,Xe,,420,1.2,sol-gel,,0,Impregnation,,0,10,100,,25,4.41,4.35,"Gonuguntla, S., A. Tiwari, J. Gopinath, S. Yarasi, A. V. S. Sainath and U. Pal, “Rational Design of Ru(II)-Phenanthroline Complex Embedded Porous TiO2 Photocatalyst for Efficient Hydrogen Production”, Renewable Energy, Vol. 159, pp. 1-9, 2020."
851,,SrAl2O4,Ag2O,,99,,,nanocomposite,,Visible,Xe,,420,1.2,sol-gel,,0,Impregnation,,0,10,100,,25,3.59,4.97,"Gonuguntla, S., A. Tiwari, J. Gopinath, S. Yarasi, A. V. S. Sainath and U. Pal, “Rational Design of Ru(II)-Phenanthroline Complex Embedded Porous TiO2 Photocatalyst for Efficient Hydrogen Production”, Renewable Energy, Vol. 159, pp. 1-9, 2020."
852,,SrAl2O4,Ag2O,,98,,,nanocomposite,,Visible,Xe,,420,1.2,sol-gel,,0,Impregnation,,0,10,100,,25,2.77,86.66,"Gonuguntla, S., A. Tiwari, J. Gopinath, S. Yarasi, A. V. S. Sainath and U. Pal, “Rational Design of Ru(II)-Phenanthroline Complex Embedded Porous TiO2 Photocatalyst for Efficient Hydrogen Production”, Renewable Energy, Vol. 159, pp. 1-9, 2020."
853,,SrAl2O4,Ag2O,,97,,,nanocomposite,,Visible,Xe,,420,1.2,sol-gel,,0,Impregnation,,0,10,100,,25,2.71,144.55,"Gonuguntla, S., A. Tiwari, J. Gopinath, S. Yarasi, A. V. S. Sainath and U. Pal, “Rational Design of Ru(II)-Phenanthroline Complex Embedded Porous TiO2 Photocatalyst for Efficient Hydrogen Production”, Renewable Energy, Vol. 159, pp. 1-9, 2020."
854,,SrAl2O4,Ag2O,,96,,,nanocomposite,,Visible,Xe,,420,1.2,sol-gel,,0,Impregnation,,0,10,100,,25,2.64,288.88,"Gonuguntla, S., A. Tiwari, J. Gopinath, S. Yarasi, A. V. S. Sainath and U. Pal, “Rational Design of Ru(II)-Phenanthroline Complex Embedded Porous TiO2 Photocatalyst for Efficient Hydrogen Production”, Renewable Energy, Vol. 159, pp. 1-9, 2020."
855,,ZnO,,,100,,,nanoparticle,,Visible,Xe,300,365,0.3,,,0,,,0,10,80,,,,10200.00,"Stelmachowski, M., K. Bednarczyk and M. Gmurek, “An Experimental Study of the Photocatalytic Hydrogen Production in the Laboratory-Scale Set-Up Depending on the Process Conditions”, WIT Transactions on Ecology and the Environment, Vol. 224, pp. 339-348, 2017."
856,,TiO2,Carbon dot (CD),,,3,,nanocomposite,anatase-rutile,Visible,Xe,300,,2,,,0,Hydrothermal,,0,10,100,,,,330.00,"Falara PP, Antoniadou M, Zourou A, Sakellis E, Kordatos K V. Carbon Dot-Titanium Dioxide (CD/TiO2) Nanocomposites: Reusable Photocatalyst for Sustainable H2 Production via Photoreforming of Green Organic Compounds. Coatings 2024;14. https://doi.org/10.3390/coatings14010131."
857,,TiO2,NiO,,,5,,nanosheets,anatase,Visible,Xe,300,,1,Hydrothermal,450,2,Impregnation,450,2,0.1,10,,,,4000.00,"Eisapour M, Zhao H, Zhao J, Roostaei T, Li Z, Omidkar A, et al. p-n heterojunction of nickel oxide on titanium dioxide nanosheets for hydrogen and value-added chemicals coproduction from glycerol photoreforming. Journal of Colloid and Interface Science 2023;647. https://doi.org/10.1016/j.jcis.2023.05.138."
858,,TiO2,NiO,,,7.5,,nanosheets,anatase,Visible,Xe,300,,1,Hydrothermal,450,2,Impregnation,450,2,0.1,10,,,,8000.00,"Eisapour M, Zhao H, Zhao J, Roostaei T, Li Z, Omidkar A, et al. p-n heterojunction of nickel oxide on titanium dioxide nanosheets for hydrogen and value-added chemicals coproduction from glycerol photoreforming. Journal of Colloid and Interface Science 2023;647. https://doi.org/10.1016/j.jcis.2023.05.138."
859,,TiO2,,,100,,,nanoparticle,anatase-rutile,Visible,Xe,,,2.5,,,0,,,0,0.25,,,,,39.60,"Ahmad BB, Davies PR, Sankar M, Powell J, Toledo Camacho SY. Effect of Alkali Metal Cations on the TiO2 P25 Catalyst for Hydrogen Generation by the Photoreforming of Glycerol. ChemistrySelect 2023;8. https://doi.org/10.1002/slct.202304301."
860,,TiO2,TaN,,10,,,nanocomposite,anatase,Visible,Hg-Xe,450,,0.2,,,0,Hydrothermal,,0,10,50,,,,18200.00,"Ravi P, Kumar KD, Rao VN, Shankar M V., Sathish M. TiO2 encased TaN nanoparticles heterojunction for photocatalytic H2 evolution from aqueous glycerol solution. Materials Chemistry and Physics 2023;305. https://doi.org/10.1016/j.matchemphys.2023.127851"
861,,TiO2,TaN,,5,,,nanocomposite,anatase,Visible,Hg-Xe,450,,0.2,,,0,Hydrothermal,,0,10,50,,,,14500.00,"Ravi P, Kumar KD, Rao VN, Shankar M V., Sathish M. TiO2 encased TaN nanoparticles heterojunction for photocatalytic H2 evolution from aqueous glycerol solution. Materials Chemistry and Physics 2023;305. https://doi.org/10.1016/j.matchemphys.2023.127851"
862,,TiO2,TaN,,15,,,nanocomposite,anatase,Visible,Hg-Xe,450,,0.2,,,0,Hydrothermal,,0,10,50,,,,15700.00,"Ravi P, Kumar KD, Rao VN, Shankar M V., Sathish M. TiO2 encased TaN nanoparticles heterojunction for photocatalytic H2 evolution from aqueous glycerol solution. Materials Chemistry and Physics 2023;305. https://doi.org/10.1016/j.matchemphys.2023.127851"
863,,TiO2,,,100,,,nanoparticle,anatase,Visible,Hg-Xe,450,,2,,,0,,,0,10,50,,,,2700.00,"Bastos, S. A. L., P. A. L. Lopes, F. N. Santos and L. A. Silva, “Experimental Design as a Tool to Study the Reaction Parameters in Hydrogen Production from Photoinduced Reforming of Glycerol over CdS Photocatalyst”, International Journal of Hydrogen Energy, Vol. 39, No. 27, pp. 14588-14595, 2014."
864,,TiO2,,,100,,,nanoparticle,anatase,Visible,Hg-Xe,450,,1,,,0,,,0,10,50,,,,3000.00,"Tahir, M., “La-Modified TiO2/Carbon Nanotubes Assembly Nanocomposite for Efficient Photocatalytic Hydrogen Evolution from Glycerol-Water Mixture”, International Journal of Hydrogen Energy, Vol. 44, No. 7, pp. 3711-3725, 2019."
865,,TiO2,,,100,,,nanoparticle,anatase,Visible,Hg-Xe,450,,0.4,,,0,,,0,10,50,,,,3100.00,"Ravi P, Kumar KD, Rao VN, Shankar M V., Sathish M. TiO2 encased TaN nanoparticles heterojunction for photocatalytic H2 evolution from aqueous glycerol solution. Materials Chemistry and Physics 2023;305. https://doi.org/10.1016/j.matchemphys.2023.127851"
866,,TiO2,,,100,,,nanoparticle,anatase,Visible,Hg-Xe,450,,0.2,,,0,,,0,10,50,,,,3500.00,"Ravi P, Kumar KD, Rao VN, Shankar M V., Sathish M. TiO2 encased TaN nanoparticles heterojunction for photocatalytic H2 evolution from aqueous glycerol solution. Materials Chemistry and Physics 2023;305. https://doi.org/10.1016/j.matchemphys.2023.127851"
867,,TiO2,,,100,,,nanoparticle,anatase,Visible,Hg-Xe,450,,0.1,,,0,,,0,10,50,,,,3000.00,"Tahir, M., “La-Modified TiO2/Carbon Nanotubes Assembly Nanocomposite for Efficient Photocatalytic Hydrogen Evolution from Glycerol-Water Mixture”, International Journal of Hydrogen Energy, Vol. 44, No. 7, pp. 3711-3725, 2019."
868,,TiO2,CuNb2O6,,,2.5,,nanocomposite,anatase,Visible,Hg-Xe,450,,0.2,,,0,Impregnation,,0,10,50,,,,8700.00,"Ravi P, Sreedhar A, Noh JS. S-Scheme TiO2/CuNb2O6 Nanocomposite Photocatalyst with Enhanced H2 Evolution Activity from Aqueous Glycerol Solution. ACS Applied Energy Materials 2023;6. https://doi.org/10.1021/acsaem.3c00531"
869,,TiO2,CuNb2O6,,,5,,nanocomposite,anatase,Visible,Hg-Xe,450,,0.2,,,0,Impregnation,,0,10,50,,,,10800.00,"Ravi P, Sreedhar A, Noh JS. S-Scheme TiO2/CuNb2O6 Nanocomposite Photocatalyst with Enhanced H2 Evolution Activity from Aqueous Glycerol Solution. ACS Applied Energy Materials 2023;6. https://doi.org/10.1021/acsaem.3c00531"
870,,TiO2,CuNb2O6,,,7.5,,nanocomposite,anatase,Visible,Hg-Xe,450,,0.2,,,0,Impregnation,,0,10,50,,,,14600.00,"Ravi P, Sreedhar A, Noh JS. S-Scheme TiO2/CuNb2O6 Nanocomposite Photocatalyst with Enhanced H2 Evolution Activity from Aqueous Glycerol Solution. ACS Applied Energy Materials 2023;6. https://doi.org/10.1021/acsaem.3c00531"
871,,TiO3,CuNb2O6,,,10,,nanocomposite,anatase,Visible,Hg-Xe,450,,0.2,,,0,Impregnation,,0,10,50,,,,11800.00,"Ravi P, Sreedhar A, Noh JS. S-Scheme TiO2/CuNb2O6 Nanocomposite Photocatalyst with Enhanced H2 Evolution Activity from Aqueous Glycerol Solution. ACS Applied Energy Materials 2023;6. https://doi.org/10.1021/acsaem.3c00531"
872,,CeO2,rGO,,,1,,nanocomposite,,Visible,Xe,150,,1,,,0,Photodeposition,,0,10,5,,,,20.00,"Balsamo SA, La Greca E, Calà Pizzapilo M, Sciré S, Fiorenza R. CeO2-rGO Composites for Photocatalytic H2 Evolution by Glycerol Photoreforming. Materials 2023;16. https://doi.org/10.3390/ma16020747"
873,,CeO2,GO,,,1,,nanocomposite,,Visible,Xe,150,,1,,,0,Photodeposition,,0,10,5,,,,20.00,"Balsamo SA, La Greca E, Calà Pizzapilo M, Sciré S, Fiorenza R. CeO2-rGO Composites for Photocatalytic H2 Evolution by Glycerol Photoreforming. Materials 2023;16. https://doi.org/10.3390/ma16020747"
874,,CeO2,,,100,,,nanocomposite,,Visible,Xe,150,,1,,,0,Photodeposition,,0,10,5,,,,5.00,"Tahir, M., “La-Modified TiO2/Carbon Nanotubes Assembly Nanocomposite for Efficient Photocatalytic Hydrogen Evolution from Glycerol-Water Mixture”, International Journal of Hydrogen Energy, Vol. 44, No. 7, pp. 3711-3725, 2019."
875,,TiO2,rGO,,,1,,nanocomposite,,Visible,Xe,150,,1,,,0,Photodeposition,,0,10,5,,,2.8,350.00,"Zhong W, Wang C, Peng S, Shu R, Tian Z, Du Y, et al. Investigation on the effect of temperature on photothermal glycerol reforming hydrogen production over Ag/TiO2 nanoflake catalyst. International Journal of Hydrogen Energy 2022;47. https://doi.org/10.1016/j.ijhydene.2022.03.122"
876,,TiO2,GO,,,1,,nanocomposite,,Visible,Xe,150,,1,,,0,Photodeposition,,0,10,5,,,2.6,350.00,"Zhong W, Wang C, Peng S, Shu R, Tian Z, Du Y, et al. Investigation on the effect of temperature on photothermal glycerol reforming hydrogen production over Ag/TiO2 nanoflake catalyst. International Journal of Hydrogen Energy 2022;47. https://doi.org/10.1016/j.ijhydene.2022.03.122"
877,,TiO2,,,100,,,nanocomposite,,Visible,Xe,150,,1,,,0,Photodeposition,,0,10,5,,,3.1,200.00,"Zhong W, Wang C, Peng S, Shu R, Tian Z, Du Y, et al. Investigation on the effect of temperature on photothermal glycerol reforming hydrogen production over Ag/TiO2 nanoflake catalyst. International Journal of Hydrogen Energy 2022;47. https://doi.org/10.1016/j.ijhydene.2022.03.122"
878,,TiO2,rGO,,,1,,nanocomposite,,UV,Hg,150,365,0.5,,,0,Photodeposition,,0,10,10,,,2.8,14000.00,"Estahbanati, M. R. K., M. Feilizadeh and M. C. Iliuta, “Photocatalytic Valorization of Glycerol to Hydrogen: Optimization of Operating Parameters by Artificial Neural Network”, Applied Catalysis B: Environmental, Vol. 209, pp. 483-492, 2017."
879,,TiO2,GO,,,,,nanocomposite,,UV,Hg,150,365,0.5,,,0,Photodeposition,,0,10,10,,,2.6,4830.00,"Balsamo SA, Fiorenza R, Iapichino MTA, Lopez-Tenllado FJ, Urbano FJ, Sciré S. H2 production through glycerol photoreforming using one-pot prepared TiO2-rGO-Au photocatalysts. Molecular Catalysis 2023;547. https://doi.org/10.1016/j.mcat.2023.113346."
880,,TiO2,,,100,,,nanocomposite,,UV,Hg,150,365,0.5,,,0,Photodeposition,,0,10,10,,,3.1,1670.00,"Balsamo SA, Fiorenza R, Iapichino MTA, Lopez-Tenllado FJ, Urbano FJ, Sciré S. H2 production through glycerol photoreforming using one-pot prepared TiO2-rGO-Au photocatalysts. Molecular Catalysis 2023;547. https://doi.org/10.1016/j.mcat.2023.113346."
881,,WO3,,,100,,0.5,nanocomposite,,Visible,Xe,500,,1,,,0,sol-gel,,0,10,200,,,2.76,198.68,"Soha M. Albukhari, L.A. Al-Hajji, Adel A. Ismail,Construction of n-n heterojunction copper manganese spinel/mesoporous WO3 photocatalyst for efficient H2 evolution rate from aqueous glycerol,Renewable Energy,Volume 228,2024,120649"
882,,TiO2,,,100,,,nanoparticle,anatase-rutile,Visible,Xe,300,,0.5,,,0,,,0,10,2,,34,,141.00,"Mizukoshi, Y., “Effects of Sonication on Photocatalytic Reforming of Aqueous Glycerol Solutio”, Ultrasonics Sonochemistry, Vol. 51, pp. 182-185, 2019."
883,,TiO2,,,100,,,nanoparticle,anatase-rutile,Visible,Xe,300,,0.5,,,0,,,0,10,2,,25,,95.00,"Zhang J, Wang D, Chen R, Zhu X, Ye D, Yang Y, et al. Insight into synergistic enhancement of photothermal catalytic hydrogen production by plasmonic Au-NP/TiO2 in the presence of glycerol. Energy Conversion and Management 2023;277. https://doi.org/10.1016/j.enconman.2022.116626"
884,,TiO2,,,100,,,nanoparticle,anatase-rutile,UV,,,,0.5,,,0,,,0,10,2,,25,,93.00,"Zhang J, Wang D, Chen R, Zhu X, Ye D, Yang Y, et al. Insight into synergistic enhancement of photothermal catalytic hydrogen production by plasmonic Au-NP/TiO2 in the presence of glycerol. Energy Conversion and Management 2023;277. https://doi.org/10.1016/j.enconman.2022.116626"
885,,ZnO,CuO,,,,,nanocomposite,,Visible,Xe,,,0.67,,,0,,,0,10,75,,25,3.11,930.00,"Ahmad I, Shukrullah S, Naz MY, Bhatti HN, Khalid NR, Ullah S. Rational design of ZnO–CuO–Au S-scheme heterojunctions for photocatalytic hydrogen production under visible light. International Journal of Hydrogen Energy 2023;48. https://doi.org/10.1016/j.ijhydene.2022.11.293"
886,,TiO2,,,100,,,nanoparticle,anatase,Visible,Hg-Xe,,,,sol-gel,,0,,,0,10,50,,,,4400.00,"Jayachitra S, Mahendiran D, Ravi P, Murugan P, Sathish M. Highly conductive NiSe2 nanoparticle as a co-catalyst over TiO2 for enhanced photocatalytic hydrogen production. Applied Catalysis B: Environmental 2022;307. https://doi.org/10.1016/j.apcatb.2022.121168"
888,NiO,TiO2,NiT-3,,97,3,,nanocomposites,anatase-rutile,Visible,Sunlight,,,0.05,sol-gel,500,4,Sol-gel,500,4,5,20,,25,3.12,15620.00,"Rajendran, S., Saju, S., Mani, S. S., Asoka, A. K., Saha, A., Arun, P. S., Ghosh, B., Mathew, T., & Gopinath, C. S. (2025). Multifunctional NiO/Ti³⁺–TiO₂ for concurrent water reduction and glycerol oxidation to value added products by sunlight driven photocatalysis. Journal of Materials Chemistry A, 13, 2105–2120"
889,NiO,TNWs,rGO,,96,4,0.8,"nanowires,nanoflakes",anatase,Visible,Xe,,,0.8,hydrothermal,700,2,Solvothermal ,400,3,5,50,,,1.53,386.00,"Wang, L., Chen, K., Yin, C., Qin, X., Zhou, Z., Xie, H., & Wu, W. (2025). Efficient hydrogen production from glycerol over novel NiO/TNWs/rGO photocatalysts. Materials Science in Semiconductor Processing, 190, 109333."
890,Pd,TiO₂,CDs,,99,1,0.27,nanoparticles,anatase,Visible, Xe,450,,0.05,nano titanium dioxide,,0,impregnation ,60,12,5,20,7,25,3.17,709.00,"Mani, S. S., Rajendran, S., Saju, S., Babu, B. M., Mathew, T., & Gopinath, C. S. (2025). Sunlight-driven photocatalytic hydrogen production from glycerol over carbon dot-decorated titania composites. Chemistry – An Asian Journal, 20, e202500757"
892,Cu,TiO₂,,,98,,1.5,nanoparticles ,anatse,Visible,Xe ,300,,8,TiO2 nanoparticles,,0,Photodeposition ,,,5.4,50,,80,3.2,649.00,"Wang, L., Lei, D., Lv, Y., Guo, R., Wu, Y., & Wang, Z. (2025). Photothermal catalytic hydrogen production from glycerol reforming over Cu/TiO₂ nanoparticles. Sustainable Energy Technologies and Assessments, 73, 104144."
894,,FePO₄,CuMn₂O₄,,85,15,,"nanoflakes, nanoparticles",,Visible,Xe ,,,2,sol-gel,550,3,coprecipitation,500,5,10,150,,,2.74,2222.00,"Alahmadi, N., Abdel-Haleem, F. M., Alotaibi, A. N., Mohamed, R. M., & Shawky, A. (2025). Sustainable H₂ evolution by photocatalytic reforming of glycerol over nanostructured CuMn₂O₄/FePO₄ heterojunctions under visible light. Surfaces and Interfaces, 72, 107320.
"
896,Pt,TiO₂,REFeO₃,,,,,nanotubes,anatase,Visible,Xe,150,,,anodic oxidation ,450,1,Spin-coating,450,3,0.55,150,,,1.95,31620.00,"Sowik, J., Malankowska, A., Winiarski, M. J., Klimczuk, T., & Zaleska-Medynska, A. (2025). Rare-Earth orthoferrite Perovskite-Modified titanium dioxide Nanotubes: Enhancing photoelectrocatalytic processes for sustainable energy and environmental solutions. Applied Surface Science, 704, 163451.
"
897,,CdS,,,100,,,nanosheets,,Visible,Xe,,,1,hydrothermal,,0,hydrothermal ,,1,,3,7,25,2.59,48.20,"Kang, H., Chai, J., Yan, X., Turchiano, C., Castillo, E., Capobianco, M. D., Sullivan, L., Pan, X., He, D., Xiao, X., & Gu, J. (2025). Photocatalytic Upcycling of Plastic Waste for Selective Acetamide Synthesis by Intercepting Carbon Intermediates. ACS Catalysis, 15, 18187–18196."
899,,Bi₂WO₆,BiOI (BI),,95,5,,nanosheets,,Visible,Xe ,500,,0.83,solvothermal ,,0,solvothermal ,170,,,,,25,2.52,2221.00,"Qu, Y., Bu, K., Zhang, J., Chen, D., Li, H., & Bai, L. (2025). Visible-light-driven photocatalytic acetalization of furfural to value-added bio-fuel components over BiOI/Bi₂WO₆ Z-scheme heterojunction. Renewable Energy, 247, 123045.
"
900,Pt,NiFe-LDH,NiCo-LDH,,,,0.25,nanoparticles,anatase-rutile,Visible,Xe ,,,1.25,Co-precipitation,450,4,Co-precipitation,450,12,0.25,40,7,,2.66,17.10,"Toledo Camacho, S. Y., Mediana Cabello, F., Contreras Iglesias, S., Davies, P. R., Morgan, D. J., & Chachvalvutikul, A. (2025). Layered double hydroxides for H₂ generation by the photoreforming of organic compounds. Catalysis Today, 448, 115168.
"
901,Pt,TiO2,TiO2,TiO2,86,7,0.02,nanospheres,anatase-rutile-brookite,UV,LED,,375,0.5,Pulsed laser ablation,400,4,Mechanical dispersion,,4,16.5,100,,,2.51,1280.00,"Fakhrutdinova, E. D., Gorbina, O. A., Vodyankina, O. V., Kulinich, S. A., & Svetlichnyi, V. A. (2025). Effect of Ultra-Small Platinum Single-Atom Additives on Photocatalytic Activity of the CuOₓ-Dark TiO₂ System in HER. Nanomaterials, 15, 1378"
902,Cu,d-gC 3N4,C8H5F3N2,,98.4,1.6,0.2,nanoparticles,,UV,Kessil,,390,3.7,Thermal polymerization ,550,4,impregnation,550,,,3,,25,2.39,0.00,"Zuo, D., Pradhan, S., Banerjee, M., Rockstroh, N., Bartling, S., Rabee, A. I. M., Tian, X., Skorynina, A., Jaworski, A., Simonelli, L., Rabeah, J., Jiao, H., Beller, M., & Das, S. (2025). Photocatalytic Aqueous Reforming of Methyl Formate. Advanced Materials, e202509890."
903,,TiO2,g-C3N4,,50,50,,spherical nanoparticles,anatase,,Sunlight,,,0.2,solvothermal ,450,3,Solvothermal ,80,4,10,50,,25,2.69,11025.00,"Abdallah, S. S., Maridevaru, M. C., Al Marzouqi, F., Al Wahaibi, B., Nagaveni, M., Murikinati, M. K., Venkatakrishnan, S. M., Khraisheh, M., & Selvaraj, R. (2025). Moringa oleifera leaf extract mediated green synthesis of TiO₂@g-C₃N₄ heterojunction for enhanced photocatalytic hydrogen evolution. ACS Omega, 10, 60422–60434"
904,Pt,TiO2,,,99.6,,0.4,nanoparticles,anatse-rutile,UV,LED ,4,320,1,Hydrothermal,650,0,impregnation,250,24,,10,,55,3.25,73750.00,"Peng, Y., Rockstroh, N., Bartling, S., Rabeah, J., Dai, X., Saha, A., Thaper, T., Scharl, R., Simonelli, L., Junge, H., & Beller, M. (2025). Photocatalytic reforming of methyl tert-butyl ether (MTBE) to hydrogen over Pt/TiO₂ catalysts. Nature Communications, 16, 59125"
905,Cu-S3,CdxZn1-xS,,,,,,nanorods,,Visible,NIR,,,,solvothermal ,,0,Cation exchange,150,2,,,,58.5,2.09,1040.00,"Wan, Q., Cui, E., Tong, T., Cao, Z., Wang, F., Yin, S., Song, K., Jiang, W., Liu, G., & Ye, J. (2025). Atomic-Level Heterojunction for Efficient and Selective Biomass Upcycling toward Simultaneous Production of Value-Added Chemicals and H₂ Fuels. ACS Nano, 19, 7327–7336."
907,,ZnS,ZnO,,,,,nano-heterojunction,,Visible,Xe,301,,0.5,hydrothermal,,0,hydrothermal,200,5.1667,,20,,25,3.34,18810.00,"Han, S., Mao, Q., Guo, M., Feng, J., Xu, Y., & Sun, Y. (2025). Intimate ZnS@ZnO nano-heterojunctions for high-efficient photocatalytic water splitting. Ceramics International, 51, 6422–6429.
"
908,Cu-CQDs,TiO2,TiO2,,75,25,,nanoparticles,anatase-rutile,Visible, Xe/Hg ,,,1,Microwave-assisted,160,0.25,impregnation,50,4,,24.16,,,1.96,7.20,"Backes, C. W., Reis, F. B., Strapasson, G. B., Assis, M., Longo, E., & Weibel, D. E. (2025). Green Synthesis of carbon quantum dots for enhancing photocatalytic activity: Hydrogen/oxygen evolution and dye photodegradation. Catalysis Today, 443, 114996."
909,Cu,TiO2,,,99,,1,nanoparticles,anatase-brookite,UV,Hg,254,,0.25,Sol–gel,400,4,Deposition–precipitation,400,12,10,200,6,25,2.2,9620.00,"Espinoza-Reza, S., Camposeco-Solis, R., García-Serrano, L. A., & Mejía-Centeno, I. (2025). Enhanced hydrogen production by Rh-Cu supported on TiO₂ by the photocatalytic process. Journal of Photochemistry & Photobiology, A: Chemistry, 469, 116513"
910,Pd-PdO2,TiO2,TiO2,,95,,5,nanoparticles,anatase,Visible,Xe,300,,,Commercial support,400,3,impregnation,400,3,2.38,10,,180,,1890.00,"Yang, J., Zhou, H., Luo, J., & Wang, M. (2025). Pd-PdO/TiO₂ for syngas evolution from temperature-controlled reforming of glycerol. ACS Catalysis, 15, 1663–167"
911,Pt,CaTiO3,,,,,,nanocubes,,UV,Hg,,,1.5,sol–gel ,850,3,sol–gel,850,3,10,150,,22,3.34,1185.00,"Kurdi, A. A., Albukhari, S. M., Aljohani, N. S., & Mohamed, R. M. (2025). Polymeric surfactant-assisted sol–gel synthesis of CaTiO₃ nanocubes for sustainable photocatalytic H₂ evolution. Materials Science and Engineering B, 321, 118480.
"
912,Pt,FePO₄,NiS,,97,12,,nanocomposite,,Visible,Xe,500,,2,sol–gel ,,0,sol–gel,,,10,200,,,2.56,4252.00,"Alhaddad, M., Abdel-Haleem, F. M., Khedr, T. M., & Baoum, A. A. (2026). Efficient design of mesoporous NiS/FePO₄ S-scheme heterojunction photocatalyst for efficiently enhancing hydrogen evolution under visible light. Materials Science and Engineering B, 323, 118842.
"
913,Pt,BaTiO3,CuAl2O4,,,16,0.5,nanoparticles,,Visible,Xe,500,,1.6,sol–gel ,600,5,impregnation,550,3,10,200,,,2.39,3152.90,"Khedr, T. M., Salem, M. E., & Alroba, A. A. N. (2026). Mesoporous CuAl₂O₄/BaTiO₃ S-scheme heterojunction photocatalyst for visible-light-induced H₂ evolution. Materials Science and Engineering B, 324, 119034.
"
914,NrGO,TiO2,TiO2,Fe3O4,17.3,,48.1,nanoparticles,anatase-brookite,UV,UVA,45,,2,Laser-assisted synthesis,,0,Liquid-phase laser,100,,1.83,50,,,1.2,0.60,"Gutiérrez, M. S., Peral, J., Buyens, D., György, E., & del Pino, Á. P. (2026). Influence of the graphene oxide precursor in laser-synthetized hybrid photocatalysts for the H₂ production by glycerol photoreforming. Materials Research Bulletin, 196, 113899."
915,Pt,TiO2,CuO,,99.37,0.63,1,nanoplates,anatse-brookite,,LED,,,1,Microwave-assisted method,400,4,thermal ,400,4,5,,,25,3.11,282.50,"Longchin, P., Gebremariam, T. T., Thoumrungroj, A., & Hunsom, M. (2026). Highly efficient photocatalytic H₂ production from refined crude glycerol via CuO/TiO₂ nanocomposites: Process optimization and role of co-catalysts. Journal of Alloys and Compounds, 1050, 185660."